amount,attemptCount,failureReason,priority,recommendedAction,recovered
12824.59,1,INSUFFICIENT_FUNDS,MEDIUM,SEND_REMINDER,1
2139.65,5,NETWORK_ERROR,CRITICAL,WAIT_AND_RETRY,1
4450.9,5,UNKNOWN,LOW,STOP,0
13032.7,5,DECLINED,MEDIUM,ESCALATE_TO_HUMAN,0
16207.67,1,TIMEOUT,CRITICAL,OFFER_ALTERNATIVE_PAYMENT_METHOD,1
4384.74,3,NETWORK_ERROR,LOW,ESCALATE_TO_HUMAN,1
16965.14,5,INSUFFICIENT_FUNDS,LOW,ESCALATE_TO_HUMAN,0
19465.0,4,NETWORK_ERROR,HIGH,STOP,0
7296.54,2,NETWORK_ERROR,LOW,SEND_REMINDER,0
19705.91,2,NETWORK_ERROR,CRITICAL,OFFER_ALTERNATIVE_PAYMENT_METHOD,1
16698.8,2,INSUFFICIENT_FUNDS,HIGH,SEND_REMINDER,0
14066.22,1,UNKNOWN,MEDIUM,STOP,0
3351.71,4,INSUFFICIENT_FUNDS,MEDIUM,OFFER_ALTERNATIVE_PAYMENT_METHOD,0
15542.4,2,NETWORK_ERROR,HIGH,ESCALATE_TO_HUMAN,1
4298.56,5,INSUFFICIENT_FUNDS,MEDIUM,ESCALATE_TO_HUMAN,0
18299.5,4,TIMEOUT,HIGH,SEND_REMINDER,1
11271.23,3,UNKNOWN,CRITICAL,STOP,0
4464.48,2,UNKNOWN,CRITICAL,WAIT_AND_RETRY,0
17235.95,2,TIMEOUT,CRITICAL,STOP,1
7694.22,4,UNKNOWN,HIGH,STOP,0
328.47,1,UNKNOWN,HIGH,OFFER_ALTERNATIVE_PAYMENT_METHOD,1
8751.83,4,NETWORK_ERROR,HIGH,STOP,0
10202.87,1,INSUFFICIENT_FUNDS,MEDIUM,SEND_REMINDER,1
3314.83,5,NETWORK_ERROR,HIGH,ESCALATE_TO_HUMAN,1
18589.06,3,TIMEOUT,LOW,SEND_REMINDER,0
18944.29,1,DECLINED,LOW,STOP,0
2654.99,4,UNKNOWN,MEDIUM,OFFER_ALTERNATIVE_PAYMENT_METHOD,0
12171.22,2,UNKNOWN,MEDIUM,OFFER_ALTERNATIVE_PAYMENT_METHOD,1
13466.57,3,DECLINED,CRITICAL,WAIT_AND_RETRY,1
1374.12,1,UNKNOWN,MEDIUM,STOP,1
1512.76,1,TIMEOUT,LOW,WAIT_AND_RETRY,1
1510.06,2,INSUFFICIENT_FUNDS,CRITICAL,SEND_REMINDER,1
14494.72,5,UNKNOWN,CRITICAL,SEND_REMINDER,0
16169.19,2,NETWORK_ERROR,LOW,ESCALATE_TO_HUMAN,1
8280.94,1,NETWORK_ERROR,LOW,ESCALATE_TO_HUMAN,1
16031.79,1,TIMEOUT,MEDIUM,SEND_REMINDER,1
2889.63,2,INSUFFICIENT_FUNDS,CRITICAL,SEND_REMINDER,0
1600.16,5,NETWORK_ERROR,LOW,STOP,0
19383.03,2,TIMEOUT,CRITICAL,ESCALATE_TO_HUMAN,1
17306.54,1,TIMEOUT,CRITICAL,WAIT_AND_RETRY,0
5377.54,4,INSUFFICIENT_FUNDS,CRITICAL,STOP,0
9784.76,2,INSUFFICIENT_FUNDS,MEDIUM,WAIT_AND_RETRY,1
10889.68,3,NETWORK_ERROR,LOW,STOP,0
18395.8,5,TIMEOUT,LOW,STOP,1
3797.92,5,NETWORK_ERROR,MEDIUM,ESCALATE_TO_HUMAN,1
17816.72,2,UNKNOWN,LOW,STOP,1
13181.73,5,UNKNOWN,HIGH,OFFER_ALTERNATIVE_PAYMENT_METHOD,0
14352.22,2,INSUFFICIENT_FUNDS,CRITICAL,SEND_REMINDER,0
6069.94,3,NETWORK_ERROR,LOW,ESCALATE_TO_HUMAN,1
11303.57,1,NETWORK_ERROR,MEDIUM,STOP,1
18671.86,1,TIMEOUT,HIGH,OFFER_ALTERNATIVE_PAYMENT_METHOD,1
16691.52,3,UNKNOWN,LOW,STOP,0
13301.44,2,INSUFFICIENT_FUNDS,LOW,WAIT_AND_RETRY,0
3193.41,3,UNKNOWN,MEDIUM,OFFER_ALTERNATIVE_PAYMENT_METHOD,1
12721.34,3,UNKNOWN,CRITICAL,OFFER_ALTERNATIVE_PAYMENT_METHOD,0
16937.46,1,DECLINED,HIGH,WAIT_AND_RETRY,1
15445.27,3,TIMEOUT,CRITICAL,STOP,0
11262.05,1,NETWORK_ERROR,MEDIUM,STOP,1
7447.4,5,TIMEOUT,CRITICAL,SEND_REMINDER,1
7356.57,1,INSUFFICIENT_FUNDS,MEDIUM,SEND_REMINDER,0
7138.2,5,DECLINED,MEDIUM,SEND_REMINDER,0
19526.5,2,DECLINED,LOW,SEND_REMINDER,0
6710.49,4,TIMEOUT,HIGH,SEND_REMINDER,0
2251.1,1,DECLINED,MEDIUM,SEND_REMINDER,0
9260.03,3,TIMEOUT,MEDIUM,WAIT_AND_RETRY,1
8029.47,3,NETWORK_ERROR,HIGH,OFFER_ALTERNATIVE_PAYMENT_METHOD,1
8053.6,5,INSUFFICIENT_FUNDS,LOW,WAIT_AND_RETRY,0
5298.18,5,INSUFFICIENT_FUNDS,LOW,WAIT_AND_RETRY,0
6979.17,3,DECLINED,LOW,ESCALATE_TO_HUMAN,0
3882.57,1,DECLINED,LOW,STOP,0
10815.19,2,INSUFFICIENT_FUNDS,CRITICAL,WAIT_AND_RETRY,0
18423.34,5,INSUFFICIENT_FUNDS,LOW,OFFER_ALTERNATIVE_PAYMENT_METHOD,0
13371.17,3,DECLINED,HIGH,STOP,0
8466.88,4,TIMEOUT,HIGH,ESCALATE_TO_HUMAN,0
108.08,3,TIMEOUT,CRITICAL,STOP,0
6512.76,4,DECLINED,MEDIUM,STOP,0
18033.5,2,NETWORK_ERROR,HIGH,STOP,0
12423.29,1,TIMEOUT,HIGH,SEND_REMINDER,0
3032.34,1,TIMEOUT,CRITICAL,STOP,0
1549.28,4,UNKNOWN,MEDIUM,ESCALATE_TO_HUMAN,0
4955.29,1,NETWORK_ERROR,CRITICAL,SEND_REMINDER,1
19163.52,5,DECLINED,LOW,STOP,0
16981.89,4,TIMEOUT,CRITICAL,STOP,0
11949.5,4,UNKNOWN,CRITICAL,STOP,0
3267.24,4,DECLINED,HIGH,SEND_REMINDER,0
5618.5,5,DECLINED,MEDIUM,OFFER_ALTERNATIVE_PAYMENT_METHOD,0
14299.54,2,INSUFFICIENT_FUNDS,HIGH,OFFER_ALTERNATIVE_PAYMENT_METHOD,0
1703.5,2,TIMEOUT,CRITICAL,SEND_REMINDER,0
1378.15,4,INSUFFICIENT_FUNDS,CRITICAL,ESCALATE_TO_HUMAN,1
16674.53,4,UNKNOWN,LOW,STOP,0
217.33,3,INSUFFICIENT_FUNDS,CRITICAL,ESCALATE_TO_HUMAN,1
14719.22,5,TIMEOUT,CRITICAL,SEND_REMINDER,1
9764.28,4,INSUFFICIENT_FUNDS,CRITICAL,SEND_REMINDER,0
18398.88,5,UNKNOWN,LOW,ESCALATE_TO_HUMAN,0
13293.7,1,DECLINED,MEDIUM,ESCALATE_TO_HUMAN,1
5277.11,3,TIMEOUT,CRITICAL,OFFER_ALTERNATIVE_PAYMENT_METHOD,1
17604.84,3,DECLINED,HIGH,WAIT_AND_RETRY,0
15005.58,1,INSUFFICIENT_FUNDS,MEDIUM,WAIT_AND_RETRY,0
13069.92,1,TIMEOUT,MEDIUM,WAIT_AND_RETRY,1
4847.04,4,NETWORK_ERROR,MEDIUM,ESCALATE_TO_HUMAN,0
15361.27,2,UNKNOWN,LOW,SEND_REMINDER,0
2251.17,1,INSUFFICIENT_FUNDS,CRITICAL,ESCALATE_TO_HUMAN,0
4046.76,5,TIMEOUT,LOW,OFFER_ALTERNATIVE_PAYMENT_METHOD,0
12048.19,1,UNKNOWN,LOW,OFFER_ALTERNATIVE_PAYMENT_METHOD,1
13264.27,1,UNKNOWN,HIGH,WAIT_AND_RETRY,0
16464.39,1,DECLINED,HIGH,ESCALATE_TO_HUMAN,0
8766.19,5,INSUFFICIENT_FUNDS,CRITICAL,ESCALATE_TO_HUMAN,0
14647.42,3,INSUFFICIENT_FUNDS,MEDIUM,WAIT_AND_RETRY,1
9070.96,4,UNKNOWN,CRITICAL,OFFER_ALTERNATIVE_PAYMENT_METHOD,1
17033.96,2,DECLINED,MEDIUM,OFFER_ALTERNATIVE_PAYMENT_METHOD,0
6872.74,5,INSUFFICIENT_FUNDS,LOW,STOP,0
1803.7,4,DECLINED,MEDIUM,ESCALATE_TO_HUMAN,0
9867.34,1,NETWORK_ERROR,HIGH,SEND_REMINDER,1
4941.77,5,INSUFFICIENT_FUNDS,CRITICAL,STOP,0
8567.53,5,INSUFFICIENT_FUNDS,HIGH,ESCALATE_TO_HUMAN,1
5102.93,1,TIMEOUT,HIGH,WAIT_AND_RETRY,1
19022.46,2,TIMEOUT,MEDIUM,ESCALATE_TO_HUMAN,1
11832.78,5,UNKNOWN,HIGH,WAIT_AND_RETRY,0
5995.3,3,TIMEOUT,HIGH,WAIT_AND_RETRY,1
2619.0,1,NETWORK_ERROR,HIGH,SEND_REMINDER,1
15080.56,1,NETWORK_ERROR,HIGH,ESCALATE_TO_HUMAN,1
6880.05,1,INSUFFICIENT_FUNDS,CRITICAL,WAIT_AND_RETRY,0
8074.08,1,UNKNOWN,LOW,SEND_REMINDER,1
11300.51,3,NETWORK_ERROR,MEDIUM,WAIT_AND_RETRY,1
8381.86,5,UNKNOWN,MEDIUM,STOP,0
18179.24,3,UNKNOWN,CRITICAL,OFFER_ALTERNATIVE_PAYMENT_METHOD,0
1298.58,1,TIMEOUT,MEDIUM,OFFER_ALTERNATIVE_PAYMENT_METHOD,1
3225.44,2,UNKNOWN,LOW,SEND_REMINDER,1
9065.02,5,DECLINED,HIGH,WAIT_AND_RETRY,0
14168.42,4,NETWORK_ERROR,MEDIUM,OFFER_ALTERNATIVE_PAYMENT_METHOD,0
12538.65,2,DECLINED,LOW,STOP,0
3064.89,3,TIMEOUT,LOW,WAIT_AND_RETRY,1
6221.48,5,INSUFFICIENT_FUNDS,CRITICAL,WAIT_AND_RETRY,0
6151.41,4,INSUFFICIENT_FUNDS,CRITICAL,ESCALATE_TO_HUMAN,1
893.23,4,INSUFFICIENT_FUNDS,HIGH,WAIT_AND_RETRY,1
19242.03,5,UNKNOWN,LOW,OFFER_ALTERNATIVE_PAYMENT_METHOD,0
15285.87,2,DECLINED,CRITICAL,OFFER_ALTERNATIVE_PAYMENT_METHOD,1
11748.06,4,NETWORK_ERROR,CRITICAL,OFFER_ALTERNATIVE_PAYMENT_METHOD,1
6489.06,1,TIMEOUT,HIGH,ESCALATE_TO_HUMAN,1
5835.53,4,UNKNOWN,LOW,ESCALATE_TO_HUMAN,1
5122.74,1,DECLINED,LOW,STOP,0
1178.66,5,INSUFFICIENT_FUNDS,CRITICAL,ESCALATE_TO_HUMAN,0
4150.81,5,TIMEOUT,HIGH,ESCALATE_TO_HUMAN,0
9745.76,1,UNKNOWN,MEDIUM,SEND_REMINDER,1
372.12,4,NETWORK_ERROR,MEDIUM,WAIT_AND_RETRY,1
2437.58,2,DECLINED,HIGH,STOP,0
8368.26,4,DECLINED,MEDIUM,ESCALATE_TO_HUMAN,0
7733.36,5,UNKNOWN,MEDIUM,WAIT_AND_RETRY,1
15821.12,4,INSUFFICIENT_FUNDS,HIGH,WAIT_AND_RETRY,1
6041.26,5,UNKNOWN,CRITICAL,SEND_REMINDER,0
9738.39,3,UNKNOWN,CRITICAL,ESCALATE_TO_HUMAN,0
17405.07,2,UNKNOWN,CRITICAL,SEND_REMINDER,0
8274.42,3,DECLINED,CRITICAL,ESCALATE_TO_HUMAN,0
15868.63,2,DECLINED,LOW,SEND_REMINDER,0
11844.59,1,DECLINED,LOW,STOP,0
405.42,2,DECLINED,MEDIUM,WAIT_AND_RETRY,0
19387.15,3,UNKNOWN,CRITICAL,WAIT_AND_RETRY,0
17061.59,5,DECLINED,HIGH,ESCALATE_TO_HUMAN,0
814.39,1,TIMEOUT,HIGH,SEND_REMINDER,1
8736.03,1,NETWORK_ERROR,CRITICAL,SEND_REMINDER,1
18078.14,1,INSUFFICIENT_FUNDS,LOW,OFFER_ALTERNATIVE_PAYMENT_METHOD,1
8670.67,2,UNKNOWN,CRITICAL,STOP,0
3683.13,2,NETWORK_ERROR,CRITICAL,STOP,0
10003.58,5,TIMEOUT,MEDIUM,ESCALATE_TO_HUMAN,0
9245.45,1,DECLINED,HIGH,STOP,0
8890.42,3,UNKNOWN,HIGH,ESCALATE_TO_HUMAN,0
9191.03,3,TIMEOUT,CRITICAL,ESCALATE_TO_HUMAN,1
7689.15,3,UNKNOWN,HIGH,OFFER_ALTERNATIVE_PAYMENT_METHOD,1
16617.75,4,INSUFFICIENT_FUNDS,LOW,STOP,0
15588.4,1,UNKNOWN,CRITICAL,OFFER_ALTERNATIVE_PAYMENT_METHOD,0
4679.36,3,TIMEOUT,MEDIUM,STOP,1
15135.99,2,NETWORK_ERROR,LOW,OFFER_ALTERNATIVE_PAYMENT_METHOD,0
763.95,3,TIMEOUT,LOW,OFFER_ALTERNATIVE_PAYMENT_METHOD,1
8368.51,2,TIMEOUT,HIGH,STOP,0
5523.29,2,INSUFFICIENT_FUNDS,CRITICAL,OFFER_ALTERNATIVE_PAYMENT_METHOD,0
6840.43,1,DECLINED,LOW,SEND_REMINDER,0
4589.73,4,UNKNOWN,HIGH,WAIT_AND_RETRY,0
376.98,5,NETWORK_ERROR,CRITICAL,OFFER_ALTERNATIVE_PAYMENT_METHOD,0
13479.58,5,DECLINED,HIGH,WAIT_AND_RETRY,0
9482.39,5,UNKNOWN,HIGH,STOP,0
1358.02,4,INSUFFICIENT_FUNDS,CRITICAL,WAIT_AND_RETRY,1
18930.6,3,DECLINED,LOW,WAIT_AND_RETRY,1
10797.18,4,DECLINED,HIGH,STOP,0
14871.15,2,DECLINED,LOW,ESCALATE_TO_HUMAN,0
18787.16,3,NETWORK_ERROR,HIGH,SEND_REMINDER,1
19016.05,3,NETWORK_ERROR,HIGH,STOP,0
12932.05,1,DECLINED,HIGH,SEND_REMINDER,0
18985.31,4,NETWORK_ERROR,MEDIUM,STOP,0
1106.51,3,TIMEOUT,MEDIUM,STOP,1
16613.37,5,TIMEOUT,MEDIUM,SEND_REMINDER,1
3036.33,5,NETWORK_ERROR,HIGH,SEND_REMINDER,0
10850.29,2,NETWORK_ERROR,LOW,SEND_REMINDER,1
15820.69,2,UNKNOWN,HIGH,WAIT_AND_RETRY,1
1142.74,4,UNKNOWN,LOW,WAIT_AND_RETRY,0
15582.54,5,UNKNOWN,LOW,ESCALATE_TO_HUMAN,0
18913.77,1,UNKNOWN,HIGH,ESCALATE_TO_HUMAN,0
719.9,4,DECLINED,CRITICAL,WAIT_AND_RETRY,0
18203.05,1,NETWORK_ERROR,HIGH,STOP,1
2611.21,5,UNKNOWN,HIGH,ESCALATE_TO_HUMAN,0
10658.08,4,UNKNOWN,CRITICAL,WAIT_AND_RETRY,0
2376.84,5,TIMEOUT,CRITICAL,ESCALATE_TO_HUMAN,0
8334.89,4,DECLINED,CRITICAL,WAIT_AND_RETRY,0
6319.22,3,INSUFFICIENT_FUNDS,MEDIUM,ESCALATE_TO_HUMAN,1
16652.26,1,DECLINED,LOW,OFFER_ALTERNATIVE_PAYMENT_METHOD,0
11171.78,5,UNKNOWN,HIGH,WAIT_AND_RETRY,0
17484.79,4,NETWORK_ERROR,HIGH,STOP,0
2161.65,5,TIMEOUT,MEDIUM,ESCALATE_TO_HUMAN,1
2253.55,5,INSUFFICIENT_FUNDS,LOW,OFFER_ALTERNATIVE_PAYMENT_METHOD,0
16163.71,5,UNKNOWN,LOW,STOP,0
16606.27,3,NETWORK_ERROR,MEDIUM,OFFER_ALTERNATIVE_PAYMENT_METHOD,1
6248.8,3,INSUFFICIENT_FUNDS,LOW,SEND_REMINDER,0
11369.79,4,NETWORK_ERROR,MEDIUM,WAIT_AND_RETRY,1
10656.61,4,DECLINED,CRITICAL,OFFER_ALTERNATIVE_PAYMENT_METHOD,0
6301.58,3,UNKNOWN,LOW,WAIT_AND_RETRY,1
15113.27,1,NETWORK_ERROR,HIGH,ESCALATE_TO_HUMAN,1
9764.67,4,DECLINED,HIGH,SEND_REMINDER,0
2364.97,4,NETWORK_ERROR,HIGH,STOP,0
13375.94,1,TIMEOUT,CRITICAL,STOP,1
4168.02,2,TIMEOUT,HIGH,OFFER_ALTERNATIVE_PAYMENT_METHOD,1
253.83,4,TIMEOUT,MEDIUM,ESCALATE_TO_HUMAN,0
4679.2,5,INSUFFICIENT_FUNDS,LOW,ESCALATE_TO_HUMAN,0
941.82,1,DECLINED,LOW,OFFER_ALTERNATIVE_PAYMENT_METHOD,0
11510.65,4,INSUFFICIENT_FUNDS,LOW,ESCALATE_TO_HUMAN,1
6562.89,5,DECLINED,HIGH,WAIT_AND_RETRY,0
2206.68,4,UNKNOWN,CRITICAL,STOP,0
17423.44,3,TIMEOUT,HIGH,SEND_REMINDER,1
12701.17,5,UNKNOWN,MEDIUM,OFFER_ALTERNATIVE_PAYMENT_METHOD,0
19168.64,2,TIMEOUT,LOW,SEND_REMINDER,1
3552.63,2,NETWORK_ERROR,MEDIUM,ESCALATE_TO_HUMAN,1
11318.34,5,DECLINED,HIGH,OFFER_ALTERNATIVE_PAYMENT_METHOD,0
1458.9,4,INSUFFICIENT_FUNDS,HIGH,STOP,0
10196.0,3,DECLINED,CRITICAL,WAIT_AND_RETRY,1
16650.76,1,NETWORK_ERROR,CRITICAL,ESCALATE_TO_HUMAN,1
19089.21,1,DECLINED,MEDIUM,OFFER_ALTERNATIVE_PAYMENT_METHOD,0
10077.21,1,DECLINED,LOW,OFFER_ALTERNATIVE_PAYMENT_METHOD,0
1778.15,2,NETWORK_ERROR,MEDIUM,ESCALATE_TO_HUMAN,0
10528.96,5,TIMEOUT,HIGH,OFFER_ALTERNATIVE_PAYMENT_METHOD,0
7809.59,3,UNKNOWN,LOW,OFFER_ALTERNATIVE_PAYMENT_METHOD,1
1980.67,4,INSUFFICIENT_FUNDS,HIGH,STOP,0
6733.9,5,TIMEOUT,HIGH,OFFER_ALTERNATIVE_PAYMENT_METHOD,0
13999.75,4,TIMEOUT,LOW,OFFER_ALTERNATIVE_PAYMENT_METHOD,0
12905.52,3,TIMEOUT,LOW,ESCALATE_TO_HUMAN,1
462.79,3,TIMEOUT,MEDIUM,OFFER_ALTERNATIVE_PAYMENT_METHOD,0
9776.79,2,TIMEOUT,MEDIUM,WAIT_AND_RETRY,1
15783.59,5,UNKNOWN,LOW,OFFER_ALTERNATIVE_PAYMENT_METHOD,0
12398.83,5,DECLINED,MEDIUM,SEND_REMINDER,0
13887.63,5,TIMEOUT,CRITICAL,WAIT_AND_RETRY,1
13559.62,2,DECLINED,HIGH,ESCALATE_TO_HUMAN,1
4859.45,4,TIMEOUT,HIGH,STOP,0
9287.43,3,DECLINED,CRITICAL,SEND_REMINDER,0
16045.06,2,INSUFFICIENT_FUNDS,LOW,ESCALATE_TO_HUMAN,0
11135.36,1,UNKNOWN,LOW,OFFER_ALTERNATIVE_PAYMENT_METHOD,1
3290.22,4,UNKNOWN,MEDIUM,ESCALATE_TO_HUMAN,1
18219.05,4,INSUFFICIENT_FUNDS,LOW,ESCALATE_TO_HUMAN,1
10089.94,2,DECLINED,LOW,OFFER_ALTERNATIVE_PAYMENT_METHOD,1
6441.83,1,INSUFFICIENT_FUNDS,MEDIUM,SEND_REMINDER,1
18356.18,4,TIMEOUT,CRITICAL,ESCALATE_TO_HUMAN,0
18126.56,1,INSUFFICIENT_FUNDS,MEDIUM,SEND_REMINDER,1
14571.97,5,DECLINED,LOW,OFFER_ALTERNATIVE_PAYMENT_METHOD,0
2524.78,2,DECLINED,CRITICAL,WAIT_AND_RETRY,1
18112.42,5,UNKNOWN,LOW,STOP,0
14399.03,3,DECLINED,LOW,STOP,0
11456.21,2,NETWORK_ERROR,HIGH,WAIT_AND_RETRY,0
10927.23,5,UNKNOWN,LOW,ESCALATE_TO_HUMAN,0
966.34,4,INSUFFICIENT_FUNDS,HIGH,WAIT_AND_RETRY,1
1444.44,2,NETWORK_ERROR,HIGH,SEND_REMINDER,1
10965.67,2,DECLINED,CRITICAL,SEND_REMINDER,0
1355.7,4,NETWORK_ERROR,HIGH,SEND_REMINDER,1
4069.45,1,INSUFFICIENT_FUNDS,HIGH,STOP,0
16326.58,4,INSUFFICIENT_FUNDS,LOW,SEND_REMINDER,0
17256.56,1,INSUFFICIENT_FUNDS,HIGH,WAIT_AND_RETRY,0
8795.33,4,DECLINED,CRITICAL,OFFER_ALTERNATIVE_PAYMENT_METHOD,0
9974.44,4,INSUFFICIENT_FUNDS,HIGH,WAIT_AND_RETRY,0
1670.65,5,TIMEOUT,HIGH,OFFER_ALTERNATIVE_PAYMENT_METHOD,1
6625.61,3,INSUFFICIENT_FUNDS,CRITICAL,STOP,0
3416.23,4,INSUFFICIENT_FUNDS,CRITICAL,WAIT_AND_RETRY,0
18240.98,5,DECLINED,HIGH,WAIT_AND_RETRY,1
12786.5,3,UNKNOWN,MEDIUM,WAIT_AND_RETRY,1
12190.7,4,NETWORK_ERROR,MEDIUM,WAIT_AND_RETRY,1
12938.74,3,DECLINED,LOW,STOP,0
9053.46,3,INSUFFICIENT_FUNDS,CRITICAL,WAIT_AND_RETRY,1
10636.25,4,INSUFFICIENT_FUNDS,HIGH,SEND_REMINDER,0
615.68,2,DECLINED,CRITICAL,STOP,0
15521.79,4,TIMEOUT,HIGH,ESCALATE_TO_HUMAN,1
2801.0,1,DECLINED,MEDIUM,ESCALATE_TO_HUMAN,0
16229.21,3,INSUFFICIENT_FUNDS,LOW,STOP,0
17837.5,2,TIMEOUT,HIGH,STOP,1
19704.14,2,TIMEOUT,CRITICAL,WAIT_AND_RETRY,1
11488.32,4,UNKNOWN,MEDIUM,STOP,0
1408.39,4,DECLINED,CRITICAL,ESCALATE_TO_HUMAN,0
1567.64,3,NETWORK_ERROR,CRITICAL,ESCALATE_TO_HUMAN,1
6955.84,5,UNKNOWN,MEDIUM,SEND_REMINDER,0
18223.17,1,NETWORK_ERROR,MEDIUM,OFFER_ALTERNATIVE_PAYMENT_METHOD,1
6520.95,2,INSUFFICIENT_FUNDS,HIGH,WAIT_AND_RETRY,1
12737.64,5,INSUFFICIENT_FUNDS,MEDIUM,OFFER_ALTERNATIVE_PAYMENT_METHOD,0
1959.23,2,UNKNOWN,MEDIUM,SEND_REMINDER,0
14440.59,5,INSUFFICIENT_FUNDS,LOW,WAIT_AND_RETRY,1
18976.08,5,INSUFFICIENT_FUNDS,MEDIUM,STOP,0
12815.92,4,UNKNOWN,HIGH,OFFER_ALTERNATIVE_PAYMENT_METHOD,0
16113.29,4,INSUFFICIENT_FUNDS,CRITICAL,WAIT_AND_RETRY,0
3245.8,4,DECLINED,CRITICAL,SEND_REMINDER,0
2959.01,3,INSUFFICIENT_FUNDS,CRITICAL,SEND_REMINDER,0
10348.1,1,INSUFFICIENT_FUNDS,MEDIUM,ESCALATE_TO_HUMAN,1
9046.96,2,NETWORK_ERROR,LOW,OFFER_ALTERNATIVE_PAYMENT_METHOD,0
17296.86,4,TIMEOUT,MEDIUM,OFFER_ALTERNATIVE_PAYMENT_METHOD,0
14450.46,2,TIMEOUT,CRITICAL,STOP,0
17593.61,4,NETWORK_ERROR,LOW,ESCALATE_TO_HUMAN,0
19337.06,2,UNKNOWN,HIGH,WAIT_AND_RETRY,1
9948.39,4,INSUFFICIENT_FUNDS,LOW,WAIT_AND_RETRY,0
17660.87,3,DECLINED,HIGH,WAIT_AND_RETRY,0
11448.6,2,INSUFFICIENT_FUNDS,HIGH,WAIT_AND_RETRY,1
9062.05,5,INSUFFICIENT_FUNDS,LOW,SEND_REMINDER,0
7938.68,3,UNKNOWN,HIGH,SEND_REMINDER,1
10231.54,5,NETWORK_ERROR,LOW,WAIT_AND_RETRY,1
6727.51,4,UNKNOWN,CRITICAL,SEND_REMINDER,0
10358.56,3,UNKNOWN,HIGH,SEND_REMINDER,1
12368.36,3,UNKNOWN,HIGH,STOP,0
10693.56,5,INSUFFICIENT_FUNDS,CRITICAL,WAIT_AND_RETRY,0
13508.75,4,UNKNOWN,HIGH,WAIT_AND_RETRY,0
5384.06,5,UNKNOWN,MEDIUM,WAIT_AND_RETRY,0
3493.19,5,DECLINED,MEDIUM,SEND_REMINDER,1
18969.28,1,TIMEOUT,LOW,ESCALATE_TO_HUMAN,1
3113.48,2,DECLINED,CRITICAL,WAIT_AND_RETRY,0
10421.8,5,INSUFFICIENT_FUNDS,CRITICAL,STOP,0
19138.04,4,UNKNOWN,HIGH,STOP,0
15462.6,3,UNKNOWN,CRITICAL,SEND_REMINDER,0
5652.23,3,TIMEOUT,HIGH,OFFER_ALTERNATIVE_PAYMENT_METHOD,1
13835.77,4,INSUFFICIENT_FUNDS,CRITICAL,OFFER_ALTERNATIVE_PAYMENT_METHOD,0
18696.26,3,INSUFFICIENT_FUNDS,LOW,STOP,0
7655.91,4,INSUFFICIENT_FUNDS,MEDIUM,OFFER_ALTERNATIVE_PAYMENT_METHOD,1
19110.74,1,INSUFFICIENT_FUNDS,CRITICAL,OFFER_ALTERNATIVE_PAYMENT_METHOD,0
4358.34,5,INSUFFICIENT_FUNDS,HIGH,SEND_REMINDER,1
14843.73,2,TIMEOUT,LOW,STOP,1
4733.45,1,DECLINED,HIGH,ESCALATE_TO_HUMAN,1
15438.24,1,UNKNOWN,MEDIUM,ESCALATE_TO_HUMAN,0
17624.88,4,DECLINED,MEDIUM,OFFER_ALTERNATIVE_PAYMENT_METHOD,0
12953.37,1,UNKNOWN,MEDIUM,STOP,0
17021.63,1,TIMEOUT,CRITICAL,SEND_REMINDER,0
823.16,4,DECLINED,MEDIUM,OFFER_ALTERNATIVE_PAYMENT_METHOD,0
284.42,5,UNKNOWN,LOW,OFFER_ALTERNATIVE_PAYMENT_METHOD,0
19783.08,5,UNKNOWN,CRITICAL,SEND_REMINDER,0
9413.61,2,NETWORK_ERROR,HIGH,SEND_REMINDER,1
13000.88,2,NETWORK_ERROR,HIGH,OFFER_ALTERNATIVE_PAYMENT_METHOD,1
15169.93,2,UNKNOWN,CRITICAL,ESCALATE_TO_HUMAN,0
1826.08,1,TIMEOUT,MEDIUM,ESCALATE_TO_HUMAN,1
5036.14,3,DECLINED,MEDIUM,ESCALATE_TO_HUMAN,0
19085.29,3,UNKNOWN,LOW,OFFER_ALTERNATIVE_PAYMENT_METHOD,0
13886.09,1,NETWORK_ERROR,CRITICAL,OFFER_ALTERNATIVE_PAYMENT_METHOD,1
13752.87,3,NETWORK_ERROR,HIGH,OFFER_ALTERNATIVE_PAYMENT_METHOD,1
4460.66,2,DECLINED,MEDIUM,ESCALATE_TO_HUMAN,0
12154.21,4,UNKNOWN,CRITICAL,STOP,0
16529.51,2,UNKNOWN,LOW,STOP,0
14104.95,1,UNKNOWN,LOW,WAIT_AND_RETRY,0
18067.47,2,UNKNOWN,MEDIUM,SEND_REMINDER,1
10454.8,1,TIMEOUT,CRITICAL,WAIT_AND_RETRY,0
8965.11,1,DECLINED,MEDIUM,STOP,0
11321.83,5,DECLINED,HIGH,WAIT_AND_RETRY,0
16347.42,2,UNKNOWN,LOW,WAIT_AND_RETRY,1
14037.66,5,NETWORK_ERROR,LOW,ESCALATE_TO_HUMAN,1
8236.45,2,DECLINED,HIGH,ESCALATE_TO_HUMAN,0
18350.59,4,DECLINED,LOW,STOP,0
17219.7,1,TIMEOUT,CRITICAL,STOP,1
19576.62,1,NETWORK_ERROR,HIGH,ESCALATE_TO_HUMAN,1
10934.46,5,DECLINED,MEDIUM,SEND_REMINDER,0
3186.92,2,NETWORK_ERROR,LOW,ESCALATE_TO_HUMAN,1
18731.13,1,TIMEOUT,MEDIUM,WAIT_AND_RETRY,1
768.17,5,NETWORK_ERROR,MEDIUM,WAIT_AND_RETRY,1
4763.35,2,NETWORK_ERROR,MEDIUM,STOP,0
4759.81,5,INSUFFICIENT_FUNDS,HIGH,SEND_REMINDER,0
2950.88,5,TIMEOUT,CRITICAL,OFFER_ALTERNATIVE_PAYMENT_METHOD,1
11178.69,5,TIMEOUT,CRITICAL,STOP,0
19448.58,4,UNKNOWN,HIGH,ESCALATE_TO_HUMAN,0
6067.78,2,UNKNOWN,CRITICAL,SEND_REMINDER,0
6084.65,2,DECLINED,LOW,STOP,0
8388.51,5,TIMEOUT,CRITICAL,SEND_REMINDER,1
6672.23,1,DECLINED,HIGH,WAIT_AND_RETRY,0
16605.19,1,INSUFFICIENT_FUNDS,CRITICAL,STOP,0
17485.05,2,UNKNOWN,MEDIUM,ESCALATE_TO_HUMAN,1
18149.95,3,NETWORK_ERROR,MEDIUM,SEND_REMINDER,0
2434.59,4,TIMEOUT,MEDIUM,ESCALATE_TO_HUMAN,0
11086.38,3,DECLINED,CRITICAL,STOP,0
6237.6,3,UNKNOWN,CRITICAL,ESCALATE_TO_HUMAN,1
19628.24,4,INSUFFICIENT_FUNDS,MEDIUM,OFFER_ALTERNATIVE_PAYMENT_METHOD,0
1009.74,2,TIMEOUT,LOW,OFFER_ALTERNATIVE_PAYMENT_METHOD,1
11722.23,4,INSUFFICIENT_FUNDS,MEDIUM,SEND_REMINDER,0
7658.81,2,DECLINED,HIGH,OFFER_ALTERNATIVE_PAYMENT_METHOD,0
9823.56,4,DECLINED,MEDIUM,OFFER_ALTERNATIVE_PAYMENT_METHOD,0
14434.24,4,TIMEOUT,LOW,STOP,1
16949.28,1,NETWORK_ERROR,CRITICAL,SEND_REMINDER,0
4705.52,2,NETWORK_ERROR,MEDIUM,STOP,0
1302.96,5,DECLINED,CRITICAL,WAIT_AND_RETRY,1
11077.71,1,NETWORK_ERROR,HIGH,STOP,0
441.14,4,TIMEOUT,LOW,WAIT_AND_RETRY,1
4895.28,5,UNKNOWN,HIGH,OFFER_ALTERNATIVE_PAYMENT_METHOD,0
7998.24,3,DECLINED,CRITICAL,STOP,0
13975.0,3,NETWORK_ERROR,LOW,WAIT_AND_RETRY,1
7605.67,4,NETWORK_ERROR,LOW,SEND_REMINDER,1
16922.06,3,UNKNOWN,LOW,STOP,0
4672.35,5,DECLINED,HIGH,WAIT_AND_RETRY,0
13720.13,3,UNKNOWN,LOW,SEND_REMINDER,0
6358.25,2,UNKNOWN,MEDIUM,ESCALATE_TO_HUMAN,0
6055.61,5,TIMEOUT,CRITICAL,STOP,0
15136.62,2,NETWORK_ERROR,HIGH,WAIT_AND_RETRY,1
4719.67,1,INSUFFICIENT_FUNDS,CRITICAL,OFFER_ALTERNATIVE_PAYMENT_METHOD,1
5539.21,4,DECLINED,MEDIUM,OFFER_ALTERNATIVE_PAYMENT_METHOD,0
7571.0,2,UNKNOWN,CRITICAL,WAIT_AND_RETRY,0
5978.05,2,NETWORK_ERROR,LOW,OFFER_ALTERNATIVE_PAYMENT_METHOD,1
14262.38,2,DECLINED,HIGH,OFFER_ALTERNATIVE_PAYMENT_METHOD,1
203.38,3,DECLINED,HIGH,OFFER_ALTERNATIVE_PAYMENT_METHOD,1
1837.21,4,DECLINED,CRITICAL,WAIT_AND_RETRY,1
7142.89,1,UNKNOWN,HIGH,ESCALATE_TO_HUMAN,1
8334.82,1,UNKNOWN,MEDIUM,STOP,0
13737.79,2,TIMEOUT,HIGH,OFFER_ALTERNATIVE_PAYMENT_METHOD,1
3004.1,2,DECLINED,HIGH,ESCALATE_TO_HUMAN,1
15675.07,3,INSUFFICIENT_FUNDS,MEDIUM,ESCALATE_TO_HUMAN,0
3991.41,1,TIMEOUT,HIGH,WAIT_AND_RETRY,0
6711.12,5,DECLINED,HIGH,ESCALATE_TO_HUMAN,0
16327.96,5,TIMEOUT,HIGH,OFFER_ALTERNATIVE_PAYMENT_METHOD,0
13936.32,4,INSUFFICIENT_FUNDS,MEDIUM,ESCALATE_TO_HUMAN,0
5899.82,4,UNKNOWN,MEDIUM,OFFER_ALTERNATIVE_PAYMENT_METHOD,0
16348.24,4,INSUFFICIENT_FUNDS,LOW,STOP,0
19945.57,2,UNKNOWN,LOW,ESCALATE_TO_HUMAN,0
4272.0,3,NETWORK_ERROR,CRITICAL,ESCALATE_TO_HUMAN,1
6126.37,3,TIMEOUT,CRITICAL,ESCALATE_TO_HUMAN,1
19814.94,4,UNKNOWN,CRITICAL,STOP,0
18415.8,4,UNKNOWN,LOW,OFFER_ALTERNATIVE_PAYMENT_METHOD,0
16264.71,5,NETWORK_ERROR,LOW,SEND_REMINDER,0
7164.68,5,NETWORK_ERROR,CRITICAL,OFFER_ALTERNATIVE_PAYMENT_METHOD,0
8666.07,1,NETWORK_ERROR,HIGH,SEND_REMINDER,1
10424.08,5,UNKNOWN,MEDIUM,ESCALATE_TO_HUMAN,0
9314.96,5,UNKNOWN,MEDIUM,OFFER_ALTERNATIVE_PAYMENT_METHOD,0
9707.14,3,DECLINED,LOW,WAIT_AND_RETRY,0
14630.0,3,INSUFFICIENT_FUNDS,HIGH,ESCALATE_TO_HUMAN,0
10470.19,3,DECLINED,LOW,ESCALATE_TO_HUMAN,0
9103.7,1,INSUFFICIENT_FUNDS,LOW,WAIT_AND_RETRY,1
6927.25,1,TIMEOUT,MEDIUM,STOP,1
3286.7,5,DECLINED,CRITICAL,SEND_REMINDER,0
12632.23,2,DECLINED,CRITICAL,WAIT_AND_RETRY,0
17673.64,4,UNKNOWN,CRITICAL,ESCALATE_TO_HUMAN,1
4374.44,3,NETWORK_ERROR,LOW,STOP,1
6587.1,4,NETWORK_ERROR,HIGH,ESCALATE_TO_HUMAN,0
12818.26,5,DECLINED,CRITICAL,STOP,0
7104.5,4,UNKNOWN,MEDIUM,OFFER_ALTERNATIVE_PAYMENT_METHOD,0
11844.35,2,INSUFFICIENT_FUNDS,LOW,SEND_REMINDER,1
3742.59,2,UNKNOWN,CRITICAL,ESCALATE_TO_HUMAN,0
11538.64,4,TIMEOUT,CRITICAL,STOP,0
12940.68,2,UNKNOWN,MEDIUM,ESCALATE_TO_HUMAN,1
3823.26,4,UNKNOWN,LOW,OFFER_ALTERNATIVE_PAYMENT_METHOD,0
9743.72,2,DECLINED,CRITICAL,ESCALATE_TO_HUMAN,0
8371.05,4,DECLINED,MEDIUM,WAIT_AND_RETRY,0
15938.03,2,INSUFFICIENT_FUNDS,LOW,OFFER_ALTERNATIVE_PAYMENT_METHOD,1
5844.54,4,UNKNOWN,CRITICAL,STOP,0
11497.01,3,UNKNOWN,HIGH,STOP,0
928.05,4,UNKNOWN,MEDIUM,ESCALATE_TO_HUMAN,1
16618.41,2,INSUFFICIENT_FUNDS,LOW,ESCALATE_TO_HUMAN,1
17257.77,1,DECLINED,LOW,SEND_REMINDER,1
14778.5,3,UNKNOWN,CRITICAL,SEND_REMINDER,0
15718.5,2,NETWORK_ERROR,HIGH,STOP,1
10821.49,3,INSUFFICIENT_FUNDS,HIGH,STOP,0
17174.54,1,TIMEOUT,CRITICAL,WAIT_AND_RETRY,0
17354.25,2,TIMEOUT,MEDIUM,SEND_REMINDER,0
16586.79,4,DECLINED,MEDIUM,STOP,0
12593.48,4,DECLINED,LOW,WAIT_AND_RETRY,0
15021.07,3,DECLINED,CRITICAL,OFFER_ALTERNATIVE_PAYMENT_METHOD,0
17391.26,1,DECLINED,HIGH,WAIT_AND_RETRY,0
8014.55,4,TIMEOUT,CRITICAL,OFFER_ALTERNATIVE_PAYMENT_METHOD,1
5743.5,5,UNKNOWN,MEDIUM,STOP,0
15787.24,1,NETWORK_ERROR,LOW,ESCALATE_TO_HUMAN,1
18595.71,2,DECLINED,CRITICAL,WAIT_AND_RETRY,0
8613.21,2,INSUFFICIENT_FUNDS,MEDIUM,OFFER_ALTERNATIVE_PAYMENT_METHOD,1
7272.66,1,INSUFFICIENT_FUNDS,MEDIUM,WAIT_AND_RETRY,1
6179.63,2,DECLINED,LOW,WAIT_AND_RETRY,1
9588.45,2,UNKNOWN,MEDIUM,STOP,0
284.81,3,NETWORK_ERROR,CRITICAL,SEND_REMINDER,1
4656.04,1,NETWORK_ERROR,LOW,OFFER_ALTERNATIVE_PAYMENT_METHOD,1
6055.18,4,TIMEOUT,MEDIUM,WAIT_AND_RETRY,1
268.65,2,DECLINED,HIGH,SEND_REMINDER,0
3112.35,4,UNKNOWN,CRITICAL,SEND_REMINDER,1
2099.26,1,UNKNOWN,CRITICAL,OFFER_ALTERNATIVE_PAYMENT_METHOD,0
6358.62,2,TIMEOUT,HIGH,WAIT_AND_RETRY,1
12059.88,5,INSUFFICIENT_FUNDS,LOW,OFFER_ALTERNATIVE_PAYMENT_METHOD,1
12177.84,2,DECLINED,HIGH,WAIT_AND_RETRY,0
15896.18,2,DECLINED,CRITICAL,WAIT_AND_RETRY,1
12797.84,1,UNKNOWN,LOW,OFFER_ALTERNATIVE_PAYMENT_METHOD,0
2726.46,5,DECLINED,HIGH,STOP,0
15278.25,1,NETWORK_ERROR,LOW,WAIT_AND_RETRY,1
892.55,1,DECLINED,HIGH,STOP,0
8529.15,4,NETWORK_ERROR,MEDIUM,OFFER_ALTERNATIVE_PAYMENT_METHOD,1
1672.53,2,TIMEOUT,HIGH,ESCALATE_TO_HUMAN,1
15288.16,1,INSUFFICIENT_FUNDS,CRITICAL,SEND_REMINDER,1
1815.63,4,NETWORK_ERROR,CRITICAL,STOP,0
6254.87,2,NETWORK_ERROR,LOW,SEND_REMINDER,1
3360.27,3,UNKNOWN,HIGH,SEND_REMINDER,1
15020.55,3,NETWORK_ERROR,LOW,OFFER_ALTERNATIVE_PAYMENT_METHOD,0
5512.41,1,INSUFFICIENT_FUNDS,LOW,ESCALATE_TO_HUMAN,1
7266.47,4,UNKNOWN,MEDIUM,OFFER_ALTERNATIVE_PAYMENT_METHOD,1
15489.25,5,NETWORK_ERROR,MEDIUM,STOP,1
17187.91,1,TIMEOUT,LOW,ESCALATE_TO_HUMAN,1
18412.51,2,NETWORK_ERROR,CRITICAL,SEND_REMINDER,1
8383.51,3,INSUFFICIENT_FUNDS,LOW,STOP,0
10090.61,1,TIMEOUT,MEDIUM,STOP,0
19086.18,1,DECLINED,HIGH,OFFER_ALTERNATIVE_PAYMENT_METHOD,1
11106.52,1,INSUFFICIENT_FUNDS,MEDIUM,OFFER_ALTERNATIVE_PAYMENT_METHOD,1
6147.8,5,TIMEOUT,CRITICAL,OFFER_ALTERNATIVE_PAYMENT_METHOD,0
9917.88,2,UNKNOWN,MEDIUM,SEND_REMINDER,1
8259.72,2,UNKNOWN,HIGH,WAIT_AND_RETRY,0
129.09,4,INSUFFICIENT_FUNDS,LOW,SEND_REMINDER,0
4839.54,4,NETWORK_ERROR,MEDIUM,OFFER_ALTERNATIVE_PAYMENT_METHOD,1
18433.36,5,DECLINED,HIGH,ESCALATE_TO_HUMAN,0
1789.56,1,UNKNOWN,MEDIUM,ESCALATE_TO_HUMAN,1
11399.63,4,TIMEOUT,MEDIUM,OFFER_ALTERNATIVE_PAYMENT_METHOD,1
6368.68,4,INSUFFICIENT_FUNDS,HIGH,ESCALATE_TO_HUMAN,1
1586.28,2,TIMEOUT,LOW,SEND_REMINDER,1
9046.38,3,DECLINED,LOW,STOP,0
15429.7,4,INSUFFICIENT_FUNDS,CRITICAL,OFFER_ALTERNATIVE_PAYMENT_METHOD,0
1899.38,3,UNKNOWN,LOW,SEND_REMINDER,0
6623.09,1,TIMEOUT,HIGH,ESCALATE_TO_HUMAN,1
13575.95,3,TIMEOUT,LOW,ESCALATE_TO_HUMAN,0
11163.48,5,TIMEOUT,LOW,ESCALATE_TO_HUMAN,1
15896.81,1,NETWORK_ERROR,LOW,SEND_REMINDER,1
16491.1,3,NETWORK_ERROR,HIGH,WAIT_AND_RETRY,1
1382.99,4,TIMEOUT,LOW,OFFER_ALTERNATIVE_PAYMENT_METHOD,1
18851.39,1,TIMEOUT,CRITICAL,ESCALATE_TO_HUMAN,1
7716.32,4,TIMEOUT,HIGH,SEND_REMINDER,0
5572.14,4,TIMEOUT,LOW,STOP,0
4991.12,3,DECLINED,CRITICAL,STOP,0
1845.66,4,TIMEOUT,CRITICAL,SEND_REMINDER,0
15964.24,2,UNKNOWN,LOW,ESCALATE_TO_HUMAN,0
7246.33,5,DECLINED,HIGH,STOP,0
7828.79,2,NETWORK_ERROR,HIGH,STOP,1
17925.72,3,NETWORK_ERROR,CRITICAL,STOP,1
11721.38,2,TIMEOUT,LOW,SEND_REMINDER,0
5403.89,1,TIMEOUT,CRITICAL,OFFER_ALTERNATIVE_PAYMENT_METHOD,0
19831.68,2,TIMEOUT,MEDIUM,STOP,1
14788.29,3,UNKNOWN,LOW,OFFER_ALTERNATIVE_PAYMENT_METHOD,0
11315.77,5,TIMEOUT,CRITICAL,STOP,0
9859.68,1,NETWORK_ERROR,MEDIUM,STOP,1
10576.33,1,INSUFFICIENT_FUNDS,MEDIUM,SEND_REMINDER,1
3631.45,3,NETWORK_ERROR,LOW,SEND_REMINDER,1
18352.76,1,UNKNOWN,HIGH,WAIT_AND_RETRY,1
18844.27,4,UNKNOWN,LOW,OFFER_ALTERNATIVE_PAYMENT_METHOD,0
2815.39,2,DECLINED,CRITICAL,OFFER_ALTERNATIVE_PAYMENT_METHOD,1
19377.98,5,INSUFFICIENT_FUNDS,MEDIUM,STOP,0
7629.84,3,TIMEOUT,MEDIUM,WAIT_AND_RETRY,0
18979.09,4,UNKNOWN,LOW,SEND_REMINDER,0
18428.66,5,TIMEOUT,LOW,ESCALATE_TO_HUMAN,1
14932.33,2,INSUFFICIENT_FUNDS,HIGH,SEND_REMINDER,0
19265.28,3,DECLINED,LOW,OFFER_ALTERNATIVE_PAYMENT_METHOD,1
13894.2,3,INSUFFICIENT_FUNDS,LOW,WAIT_AND_RETRY,1
8820.58,4,TIMEOUT,CRITICAL,ESCALATE_TO_HUMAN,0
7089.5,4,NETWORK_ERROR,CRITICAL,STOP,0
13774.49,2,DECLINED,LOW,WAIT_AND_RETRY,1
6442.47,1,NETWORK_ERROR,HIGH,SEND_REMINDER,0
3302.0,1,UNKNOWN,LOW,OFFER_ALTERNATIVE_PAYMENT_METHOD,1
12311.53,4,NETWORK_ERROR,CRITICAL,SEND_REMINDER,0
8740.59,1,NETWORK_ERROR,HIGH,SEND_REMINDER,0
8244.67,5,UNKNOWN,HIGH,OFFER_ALTERNATIVE_PAYMENT_METHOD,0
2008.73,4,UNKNOWN,CRITICAL,SEND_REMINDER,1
175.93,1,INSUFFICIENT_FUNDS,CRITICAL,SEND_REMINDER,1
4218.36,3,NETWORK_ERROR,CRITICAL,WAIT_AND_RETRY,1
8009.6,4,INSUFFICIENT_FUNDS,LOW,STOP,0
7483.31,4,INSUFFICIENT_FUNDS,MEDIUM,ESCALATE_TO_HUMAN,1
8850.83,3,TIMEOUT,HIGH,STOP,1
15069.48,1,NETWORK_ERROR,HIGH,STOP,1
15153.49,2,UNKNOWN,LOW,ESCALATE_TO_HUMAN,0
8430.78,5,DECLINED,MEDIUM,ESCALATE_TO_HUMAN,0
7956.61,1,UNKNOWN,MEDIUM,WAIT_AND_RETRY,0
9035.89,2,TIMEOUT,MEDIUM,SEND_REMINDER,1
1659.53,4,TIMEOUT,MEDIUM,STOP,0
18225.01,1,NETWORK_ERROR,CRITICAL,STOP,1
6589.92,3,UNKNOWN,CRITICAL,WAIT_AND_RETRY,0
12498.85,5,DECLINED,LOW,ESCALATE_TO_HUMAN,0
11375.22,5,NETWORK_ERROR,LOW,STOP,0
15736.34,5,INSUFFICIENT_FUNDS,CRITICAL,OFFER_ALTERNATIVE_PAYMENT_METHOD,0
9763.14,5,DECLINED,LOW,SEND_REMINDER,0
2962.67,5,DECLINED,LOW,ESCALATE_TO_HUMAN,0
6696.73,2,NETWORK_ERROR,CRITICAL,OFFER_ALTERNATIVE_PAYMENT_METHOD,0
502.63,3,INSUFFICIENT_FUNDS,HIGH,ESCALATE_TO_HUMAN,0
13728.56,2,TIMEOUT,HIGH,ESCALATE_TO_HUMAN,0
6485.28,4,UNKNOWN,LOW,SEND_REMINDER,0
18277.31,4,DECLINED,HIGH,WAIT_AND_RETRY,0
3263.55,3,UNKNOWN,CRITICAL,SEND_REMINDER,0
10533.3,5,NETWORK_ERROR,MEDIUM,SEND_REMINDER,0
4094.46,1,TIMEOUT,LOW,ESCALATE_TO_HUMAN,1
7271.46,2,INSUFFICIENT_FUNDS,HIGH,ESCALATE_TO_HUMAN,1
12744.66,1,NETWORK_ERROR,MEDIUM,OFFER_ALTERNATIVE_PAYMENT_METHOD,1
8977.46,4,UNKNOWN,HIGH,OFFER_ALTERNATIVE_PAYMENT_METHOD,1
17900.39,1,INSUFFICIENT_FUNDS,LOW,ESCALATE_TO_HUMAN,1
17091.04,2,TIMEOUT,MEDIUM,SEND_REMINDER,1
8249.19,1,NETWORK_ERROR,CRITICAL,SEND_REMINDER,1
12062.72,1,TIMEOUT,HIGH,STOP,0
6178.65,3,DECLINED,CRITICAL,OFFER_ALTERNATIVE_PAYMENT_METHOD,0
4442.36,3,UNKNOWN,CRITICAL,STOP,1
10279.12,3,UNKNOWN,HIGH,OFFER_ALTERNATIVE_PAYMENT_METHOD,0
9686.59,3,INSUFFICIENT_FUNDS,HIGH,OFFER_ALTERNATIVE_PAYMENT_METHOD,1
14250.77,3,TIMEOUT,MEDIUM,STOP,0
18003.77,5,DECLINED,HIGH,SEND_REMINDER,0
13142.47,3,INSUFFICIENT_FUNDS,CRITICAL,ESCALATE_TO_HUMAN,1
802.85,5,TIMEOUT,HIGH,SEND_REMINDER,0
12802.44,4,INSUFFICIENT_FUNDS,HIGH,SEND_REMINDER,0
17542.25,2,INSUFFICIENT_FUNDS,LOW,ESCALATE_TO_HUMAN,1
5247.17,5,TIMEOUT,HIGH,WAIT_AND_RETRY,1
4544.23,3,DECLINED,HIGH,OFFER_ALTERNATIVE_PAYMENT_METHOD,1
5951.62,1,DECLINED,LOW,STOP,0
12451.03,4,TIMEOUT,LOW,ESCALATE_TO_HUMAN,0
8320.83,2,TIMEOUT,MEDIUM,OFFER_ALTERNATIVE_PAYMENT_METHOD,1
11431.13,4,TIMEOUT,HIGH,SEND_REMINDER,0
9802.86,2,INSUFFICIENT_FUNDS,LOW,WAIT_AND_RETRY,1
4266.71,2,UNKNOWN,MEDIUM,ESCALATE_TO_HUMAN,0
15617.07,2,UNKNOWN,CRITICAL,ESCALATE_TO_HUMAN,0
19310.02,4,NETWORK_ERROR,LOW,STOP,0
7524.72,1,INSUFFICIENT_FUNDS,MEDIUM,WAIT_AND_RETRY,1
12571.07,2,TIMEOUT,HIGH,OFFER_ALTERNATIVE_PAYMENT_METHOD,1
7732.65,5,INSUFFICIENT_FUNDS,MEDIUM,WAIT_AND_RETRY,0
6034.22,3,DECLINED,HIGH,ESCALATE_TO_HUMAN,0
19909.9,3,DECLINED,HIGH,SEND_REMINDER,1
18147.2,4,NETWORK_ERROR,MEDIUM,SEND_REMINDER,0
2710.99,1,UNKNOWN,MEDIUM,WAIT_AND_RETRY,1
13045.75,1,DECLINED,HIGH,STOP,0
11919.09,1,NETWORK_ERROR,LOW,WAIT_AND_RETRY,1
8393.83,4,NETWORK_ERROR,HIGH,ESCALATE_TO_HUMAN,0
4189.35,1,INSUFFICIENT_FUNDS,CRITICAL,WAIT_AND_RETRY,1
5472.55,5,TIMEOUT,CRITICAL,WAIT_AND_RETRY,1
12392.19,3,NETWORK_ERROR,LOW,ESCALATE_TO_HUMAN,1
4075.01,3,UNKNOWN,MEDIUM,OFFER_ALTERNATIVE_PAYMENT_METHOD,0
5977.49,1,UNKNOWN,CRITICAL,SEND_REMINDER,0
9665.21,2,NETWORK_ERROR,LOW,WAIT_AND_RETRY,0
16721.12,4,TIMEOUT,LOW,STOP,1
14499.17,3,TIMEOUT,CRITICAL,OFFER_ALTERNATIVE_PAYMENT_METHOD,1
1096.6,2,NETWORK_ERROR,HIGH,OFFER_ALTERNATIVE_PAYMENT_METHOD,0
6322.87,1,NETWORK_ERROR,LOW,WAIT_AND_RETRY,1
13300.77,2,INSUFFICIENT_FUNDS,HIGH,ESCALATE_TO_HUMAN,0
5439.36,1,INSUFFICIENT_FUNDS,HIGH,SEND_REMINDER,1
8064.98,4,INSUFFICIENT_FUNDS,CRITICAL,ESCALATE_TO_HUMAN,0
13012.05,2,NETWORK_ERROR,MEDIUM,WAIT_AND_RETRY,0
16902.56,1,DECLINED,CRITICAL,STOP,0
3707.09,4,INSUFFICIENT_FUNDS,LOW,SEND_REMINDER,0
9813.64,4,DECLINED,LOW,WAIT_AND_RETRY,0
6353.34,5,UNKNOWN,MEDIUM,OFFER_ALTERNATIVE_PAYMENT_METHOD,0
13796.01,5,NETWORK_ERROR,CRITICAL,SEND_REMINDER,0
13307.84,4,TIMEOUT,LOW,WAIT_AND_RETRY,0
3222.85,4,DECLINED,MEDIUM,WAIT_AND_RETRY,0
6480.61,3,INSUFFICIENT_FUNDS,LOW,STOP,1
12902.01,4,TIMEOUT,LOW,ESCALATE_TO_HUMAN,0
11503.4,1,DECLINED,CRITICAL,OFFER_ALTERNATIVE_PAYMENT_METHOD,1
9997.73,1,NETWORK_ERROR,CRITICAL,ESCALATE_TO_HUMAN,1
11027.07,1,UNKNOWN,HIGH,STOP,0
13126.46,4,INSUFFICIENT_FUNDS,HIGH,WAIT_AND_RETRY,0
16901.92,3,UNKNOWN,CRITICAL,OFFER_ALTERNATIVE_PAYMENT_METHOD,0
2369.06,2,NETWORK_ERROR,HIGH,OFFER_ALTERNATIVE_PAYMENT_METHOD,0
19292.23,3,UNKNOWN,HIGH,WAIT_AND_RETRY,1
3366.69,2,DECLINED,LOW,OFFER_ALTERNATIVE_PAYMENT_METHOD,0
3832.11,4,TIMEOUT,CRITICAL,SEND_REMINDER,0
2244.54,4,NETWORK_ERROR,LOW,ESCALATE_TO_HUMAN,1
11827.39,5,TIMEOUT,CRITICAL,WAIT_AND_RETRY,0
1066.57,4,UNKNOWN,CRITICAL,STOP,0
18212.61,5,TIMEOUT,MEDIUM,WAIT_AND_RETRY,1
12050.87,3,UNKNOWN,CRITICAL,ESCALATE_TO_HUMAN,0
18326.61,2,INSUFFICIENT_FUNDS,CRITICAL,OFFER_ALTERNATIVE_PAYMENT_METHOD,0
9111.63,2,TIMEOUT,CRITICAL,STOP,0
14993.69,3,UNKNOWN,HIGH,STOP,0
4097.69,5,INSUFFICIENT_FUNDS,HIGH,SEND_REMINDER,0
13036.72,2,UNKNOWN,HIGH,WAIT_AND_RETRY,0
11289.38,5,UNKNOWN,CRITICAL,STOP,0
16961.29,1,UNKNOWN,LOW,WAIT_AND_RETRY,1
1155.99,1,TIMEOUT,HIGH,SEND_REMINDER,0
13699.47,2,NETWORK_ERROR,HIGH,SEND_REMINDER,0
742.9,4,NETWORK_ERROR,MEDIUM,STOP,0
10267.35,3,NETWORK_ERROR,CRITICAL,ESCALATE_TO_HUMAN,1
15783.42,3,UNKNOWN,LOW,WAIT_AND_RETRY,0
4141.44,4,TIMEOUT,HIGH,STOP,0
12107.4,2,INSUFFICIENT_FUNDS,CRITICAL,SEND_REMINDER,0
1581.93,2,UNKNOWN,LOW,ESCALATE_TO_HUMAN,1
5654.33,3,TIMEOUT,MEDIUM,STOP,0
212.34,4,TIMEOUT,LOW,SEND_REMINDER,0
11977.92,5,INSUFFICIENT_FUNDS,CRITICAL,STOP,0
1550.33,3,UNKNOWN,MEDIUM,SEND_REMINDER,0
15746.54,2,DECLINED,CRITICAL,WAIT_AND_RETRY,1
17679.6,3,INSUFFICIENT_FUNDS,HIGH,OFFER_ALTERNATIVE_PAYMENT_METHOD,1
15077.85,5,DECLINED,LOW,WAIT_AND_RETRY,0
8968.78,5,UNKNOWN,MEDIUM,WAIT_AND_RETRY,0
6486.65,1,DECLINED,HIGH,STOP,0
591.64,5,INSUFFICIENT_FUNDS,CRITICAL,ESCALATE_TO_HUMAN,1
17975.8,2,INSUFFICIENT_FUNDS,LOW,WAIT_AND_RETRY,1
19129.9,5,UNKNOWN,LOW,WAIT_AND_RETRY,1
12627.34,2,DECLINED,LOW,SEND_REMINDER,0
14084.58,4,NETWORK_ERROR,MEDIUM,WAIT_AND_RETRY,1
6701.14,1,NETWORK_ERROR,LOW,SEND_REMINDER,1
11205.88,5,TIMEOUT,HIGH,ESCALATE_TO_HUMAN,1
12641.32,4,INSUFFICIENT_FUNDS,LOW,ESCALATE_TO_HUMAN,0
10743.2,5,NETWORK_ERROR,LOW,WAIT_AND_RETRY,1
10106.46,3,INSUFFICIENT_FUNDS,LOW,OFFER_ALTERNATIVE_PAYMENT_METHOD,0
8809.76,4,NETWORK_ERROR,CRITICAL,SEND_REMINDER,0
2813.99,4,UNKNOWN,HIGH,SEND_REMINDER,0
17750.86,3,NETWORK_ERROR,MEDIUM,WAIT_AND_RETRY,1
11497.1,4,UNKNOWN,LOW,OFFER_ALTERNATIVE_PAYMENT_METHOD,0
14854.47,3,TIMEOUT,CRITICAL,STOP,1
3761.46,5,INSUFFICIENT_FUNDS,MEDIUM,WAIT_AND_RETRY,1
16013.24,1,UNKNOWN,CRITICAL,STOP,1
13466.54,3,NETWORK_ERROR,MEDIUM,STOP,0
6683.93,2,TIMEOUT,LOW,OFFER_ALTERNATIVE_PAYMENT_METHOD,1
18012.36,3,DECLINED,CRITICAL,OFFER_ALTERNATIVE_PAYMENT_METHOD,0
6182.94,5,TIMEOUT,HIGH,OFFER_ALTERNATIVE_PAYMENT_METHOD,0
3455.93,3,TIMEOUT,MEDIUM,ESCALATE_TO_HUMAN,1
7253.77,3,DECLINED,CRITICAL,ESCALATE_TO_HUMAN,0
6178.89,5,NETWORK_ERROR,MEDIUM,STOP,1
5684.26,2,UNKNOWN,MEDIUM,OFFER_ALTERNATIVE_PAYMENT_METHOD,0
12569.72,1,NETWORK_ERROR,LOW,STOP,0
15407.09,2,NETWORK_ERROR,HIGH,STOP,0
10839.57,2,INSUFFICIENT_FUNDS,CRITICAL,SEND_REMINDER,0
11833.06,3,TIMEOUT,CRITICAL,STOP,0
7996.02,5,NETWORK_ERROR,MEDIUM,STOP,0
15168.4,2,DECLINED,MEDIUM,SEND_REMINDER,0
11359.67,2,DECLINED,HIGH,WAIT_AND_RETRY,1
9804.08,1,INSUFFICIENT_FUNDS,HIGH,SEND_REMINDER,1
4214.8,3,DECLINED,CRITICAL,ESCALATE_TO_HUMAN,0
894.1,3,NETWORK_ERROR,HIGH,OFFER_ALTERNATIVE_PAYMENT_METHOD,1
11446.19,4,DECLINED,HIGH,STOP,0
16725.83,5,INSUFFICIENT_FUNDS,CRITICAL,SEND_REMINDER,0
7122.67,3,DECLINED,CRITICAL,STOP,1
17652.48,4,TIMEOUT,MEDIUM,WAIT_AND_RETRY,0
5688.11,2,TIMEOUT,MEDIUM,OFFER_ALTERNATIVE_PAYMENT_METHOD,1
16357.41,2,DECLINED,HIGH,WAIT_AND_RETRY,0
9628.41,2,UNKNOWN,MEDIUM,ESCALATE_TO_HUMAN,1
958.57,5,UNKNOWN,MEDIUM,SEND_REMINDER,0
879.9,5,TIMEOUT,LOW,SEND_REMINDER,1
3682.75,4,UNKNOWN,LOW,OFFER_ALTERNATIVE_PAYMENT_METHOD,0
4410.21,5,DECLINED,CRITICAL,SEND_REMINDER,0
8274.26,2,UNKNOWN,MEDIUM,STOP,0
5363.96,3,DECLINED,LOW,SEND_REMINDER,0
2731.04,1,TIMEOUT,CRITICAL,SEND_REMINDER,1
3630.7,5,UNKNOWN,LOW,STOP,0
2438.58,4,TIMEOUT,LOW,ESCALATE_TO_HUMAN,0
7470.51,1,UNKNOWN,CRITICAL,SEND_REMINDER,0
9694.26,4,INSUFFICIENT_FUNDS,LOW,ESCALATE_TO_HUMAN,1
9595.11,2,NETWORK_ERROR,HIGH,STOP,0
8232.07,2,NETWORK_ERROR,LOW,STOP,0
10443.26,4,TIMEOUT,HIGH,ESCALATE_TO_HUMAN,1
3180.09,5,INSUFFICIENT_FUNDS,HIGH,STOP,0
7376.32,3,DECLINED,MEDIUM,ESCALATE_TO_HUMAN,0
11195.5,2,INSUFFICIENT_FUNDS,CRITICAL,OFFER_ALTERNATIVE_PAYMENT_METHOD,0
11595.26,4,TIMEOUT,LOW,SEND_REMINDER,0
14016.3,2,NETWORK_ERROR,MEDIUM,STOP,0
6834.91,5,UNKNOWN,LOW,SEND_REMINDER,0
12753.94,1,TIMEOUT,CRITICAL,STOP,1
1375.2,2,INSUFFICIENT_FUNDS,LOW,STOP,1
7748.09,4,UNKNOWN,HIGH,STOP,0
15494.81,2,DECLINED,CRITICAL,WAIT_AND_RETRY,1
13172.0,5,INSUFFICIENT_FUNDS,MEDIUM,WAIT_AND_RETRY,0
10259.9,2,UNKNOWN,MEDIUM,WAIT_AND_RETRY,1
13134.88,2,NETWORK_ERROR,HIGH,ESCALATE_TO_HUMAN,1
7963.35,5,TIMEOUT,LOW,WAIT_AND_RETRY,0
11036.89,5,UNKNOWN,HIGH,OFFER_ALTERNATIVE_PAYMENT_METHOD,0
5602.51,5,TIMEOUT,CRITICAL,ESCALATE_TO_HUMAN,0
5296.04,4,UNKNOWN,LOW,STOP,0
5955.61,1,UNKNOWN,HIGH,STOP,0
11540.39,4,DECLINED,CRITICAL,SEND_REMINDER,0
19228.65,4,DECLINED,LOW,ESCALATE_TO_HUMAN,0
1444.33,2,TIMEOUT,HIGH,ESCALATE_TO_HUMAN,0
10378.43,1,INSUFFICIENT_FUNDS,MEDIUM,OFFER_ALTERNATIVE_PAYMENT_METHOD,1
13506.59,3,NETWORK_ERROR,MEDIUM,ESCALATE_TO_HUMAN,1
4449.47,5,INSUFFICIENT_FUNDS,MEDIUM,SEND_REMINDER,0
4073.36,2,INSUFFICIENT_FUNDS,MEDIUM,SEND_REMINDER,1
5068.94,5,INSUFFICIENT_FUNDS,MEDIUM,WAIT_AND_RETRY,1
1661.9,4,UNKNOWN,LOW,STOP,0
16975.41,3,UNKNOWN,HIGH,ESCALATE_TO_HUMAN,0
17631.65,5,INSUFFICIENT_FUNDS,CRITICAL,SEND_REMINDER,0
18328.54,3,DECLINED,MEDIUM,STOP,0
10562.14,4,DECLINED,LOW,STOP,0
17221.96,2,DECLINED,LOW,STOP,0
13815.29,1,TIMEOUT,CRITICAL,STOP,1
7295.89,3,TIMEOUT,HIGH,SEND_REMINDER,1
19174.68,3,INSUFFICIENT_FUNDS,MEDIUM,ESCALATE_TO_HUMAN,1
8439.95,3,INSUFFICIENT_FUNDS,CRITICAL,OFFER_ALTERNATIVE_PAYMENT_METHOD,1
11471.05,5,TIMEOUT,LOW,OFFER_ALTERNATIVE_PAYMENT_METHOD,0
11151.27,4,TIMEOUT,MEDIUM,SEND_REMINDER,0
293.87,4,DECLINED,MEDIUM,STOP,0
6382.97,4,INSUFFICIENT_FUNDS,HIGH,STOP,0
1049.42,1,TIMEOUT,LOW,SEND_REMINDER,0
9583.13,1,DECLINED,HIGH,OFFER_ALTERNATIVE_PAYMENT_METHOD,1
11250.97,3,INSUFFICIENT_FUNDS,LOW,ESCALATE_TO_HUMAN,1
17360.63,5,TIMEOUT,MEDIUM,OFFER_ALTERNATIVE_PAYMENT_METHOD,1
13496.54,4,DECLINED,LOW,ESCALATE_TO_HUMAN,0
9328.67,2,TIMEOUT,HIGH,ESCALATE_TO_HUMAN,1
11475.59,1,NETWORK_ERROR,MEDIUM,OFFER_ALTERNATIVE_PAYMENT_METHOD,1
6405.88,3,INSUFFICIENT_FUNDS,CRITICAL,OFFER_ALTERNATIVE_PAYMENT_METHOD,0
15641.38,3,UNKNOWN,CRITICAL,ESCALATE_TO_HUMAN,1
17098.82,2,TIMEOUT,HIGH,WAIT_AND_RETRY,1
8001.21,1,NETWORK_ERROR,CRITICAL,STOP,1
15441.58,5,NETWORK_ERROR,LOW,OFFER_ALTERNATIVE_PAYMENT_METHOD,0
1777.79,4,INSUFFICIENT_FUNDS,MEDIUM,SEND_REMINDER,0
8918.89,2,TIMEOUT,MEDIUM,WAIT_AND_RETRY,1
7201.14,3,DECLINED,CRITICAL,STOP,0
11016.05,2,UNKNOWN,MEDIUM,STOP,0
12657.85,5,DECLINED,HIGH,OFFER_ALTERNATIVE_PAYMENT_METHOD,0
4619.86,1,DECLINED,HIGH,OFFER_ALTERNATIVE_PAYMENT_METHOD,1
3198.78,1,NETWORK_ERROR,MEDIUM,OFFER_ALTERNATIVE_PAYMENT_METHOD,1
10748.47,4,DECLINED,HIGH,WAIT_AND_RETRY,0
15979.5,5,TIMEOUT,LOW,STOP,0
8293.54,5,DECLINED,CRITICAL,SEND_REMINDER,0
14768.65,4,DECLINED,MEDIUM,OFFER_ALTERNATIVE_PAYMENT_METHOD,0
12543.93,5,UNKNOWN,HIGH,OFFER_ALTERNATIVE_PAYMENT_METHOD,0
10685.69,3,DECLINED,MEDIUM,WAIT_AND_RETRY,1
5862.95,4,UNKNOWN,CRITICAL,OFFER_ALTERNATIVE_PAYMENT_METHOD,0
9890.72,3,NETWORK_ERROR,MEDIUM,WAIT_AND_RETRY,0
540.4,1,INSUFFICIENT_FUNDS,HIGH,SEND_REMINDER,0
14569.43,2,NETWORK_ERROR,MEDIUM,WAIT_AND_RETRY,1
6904.07,3,DECLINED,HIGH,ESCALATE_TO_HUMAN,0
731.57,1,TIMEOUT,LOW,OFFER_ALTERNATIVE_PAYMENT_METHOD,1
1520.56,4,TIMEOUT,MEDIUM,OFFER_ALTERNATIVE_PAYMENT_METHOD,0
16582.22,1,TIMEOUT,CRITICAL,ESCALATE_TO_HUMAN,1
19891.25,2,DECLINED,LOW,STOP,0
4248.1,4,INSUFFICIENT_FUNDS,HIGH,SEND_REMINDER,0
939.5,5,UNKNOWN,LOW,OFFER_ALTERNATIVE_PAYMENT_METHOD,0
6046.38,3,NETWORK_ERROR,MEDIUM,WAIT_AND_RETRY,1
8739.82,1,TIMEOUT,HIGH,STOP,1
15803.96,1,NETWORK_ERROR,CRITICAL,STOP,1
15438.86,2,TIMEOUT,CRITICAL,WAIT_AND_RETRY,1
6834.6,1,NETWORK_ERROR,HIGH,SEND_REMINDER,1
15850.18,2,DECLINED,MEDIUM,OFFER_ALTERNATIVE_PAYMENT_METHOD,0
15792.38,3,DECLINED,MEDIUM,WAIT_AND_RETRY,0
7227.53,2,INSUFFICIENT_FUNDS,LOW,ESCALATE_TO_HUMAN,0
11224.59,5,DECLINED,MEDIUM,STOP,0
7018.53,4,INSUFFICIENT_FUNDS,MEDIUM,WAIT_AND_RETRY,0
9042.75,3,UNKNOWN,HIGH,ESCALATE_TO_HUMAN,1
12796.72,4,TIMEOUT,LOW,STOP,0
15542.73,2,INSUFFICIENT_FUNDS,LOW,STOP,0
3878.4,4,UNKNOWN,MEDIUM,STOP,0
8255.11,3,NETWORK_ERROR,LOW,STOP,0
971.17,2,TIMEOUT,LOW,SEND_REMINDER,1
3913.17,1,UNKNOWN,CRITICAL,ESCALATE_TO_HUMAN,1
14056.15,3,NETWORK_ERROR,HIGH,SEND_REMINDER,1
1510.39,2,DECLINED,LOW,ESCALATE_TO_HUMAN,0
1307.93,5,DECLINED,HIGH,WAIT_AND_RETRY,0
5389.73,1,NETWORK_ERROR,HIGH,WAIT_AND_RETRY,1
19215.68,1,NETWORK_ERROR,MEDIUM,STOP,1
3943.08,2,UNKNOWN,MEDIUM,STOP,0
8362.17,1,UNKNOWN,HIGH,ESCALATE_TO_HUMAN,0
8598.79,1,TIMEOUT,MEDIUM,STOP,1
6816.51,2,UNKNOWN,CRITICAL,OFFER_ALTERNATIVE_PAYMENT_METHOD,0
11046.62,3,INSUFFICIENT_FUNDS,CRITICAL,ESCALATE_TO_HUMAN,0
6536.67,2,UNKNOWN,MEDIUM,ESCALATE_TO_HUMAN,0
18530.32,3,INSUFFICIENT_FUNDS,CRITICAL,ESCALATE_TO_HUMAN,0
103.89,1,INSUFFICIENT_FUNDS,LOW,STOP,1
17817.46,1,INSUFFICIENT_FUNDS,MEDIUM,SEND_REMINDER,0
531.86,3,UNKNOWN,MEDIUM,WAIT_AND_RETRY,1
7177.55,2,INSUFFICIENT_FUNDS,HIGH,STOP,1
5199.25,3,NETWORK_ERROR,CRITICAL,STOP,0
14711.89,3,DECLINED,MEDIUM,ESCALATE_TO_HUMAN,0
13822.94,5,NETWORK_ERROR,HIGH,WAIT_AND_RETRY,0
11568.05,1,NETWORK_ERROR,HIGH,OFFER_ALTERNATIVE_PAYMENT_METHOD,0
8742.66,1,TIMEOUT,LOW,ESCALATE_TO_HUMAN,1
10535.23,3,UNKNOWN,MEDIUM,OFFER_ALTERNATIVE_PAYMENT_METHOD,0
4493.86,1,DECLINED,CRITICAL,STOP,0
1892.65,4,INSUFFICIENT_FUNDS,CRITICAL,SEND_REMINDER,1
1742.65,5,NETWORK_ERROR,CRITICAL,OFFER_ALTERNATIVE_PAYMENT_METHOD,1
10086.28,2,TIMEOUT,CRITICAL,STOP,1
7966.84,5,TIMEOUT,MEDIUM,SEND_REMINDER,1
15557.76,3,UNKNOWN,LOW,WAIT_AND_RETRY,0
8528.46,3,TIMEOUT,HIGH,OFFER_ALTERNATIVE_PAYMENT_METHOD,1
581.72,3,TIMEOUT,HIGH,STOP,0
16075.64,5,TIMEOUT,CRITICAL,WAIT_AND_RETRY,0
4746.44,3,TIMEOUT,LOW,WAIT_AND_RETRY,1
4936.66,5,TIMEOUT,HIGH,WAIT_AND_RETRY,1
16105.19,3,DECLINED,CRITICAL,WAIT_AND_RETRY,1
14826.26,2,TIMEOUT,HIGH,STOP,0
14625.48,2,NETWORK_ERROR,CRITICAL,STOP,0
10583.3,3,TIMEOUT,LOW,OFFER_ALTERNATIVE_PAYMENT_METHOD,1
13960.88,3,NETWORK_ERROR,CRITICAL,WAIT_AND_RETRY,1
13241.42,3,NETWORK_ERROR,LOW,OFFER_ALTERNATIVE_PAYMENT_METHOD,0
13023.28,2,DECLINED,LOW,OFFER_ALTERNATIVE_PAYMENT_METHOD,0
11982.42,1,TIMEOUT,MEDIUM,STOP,0
11257.68,1,NETWORK_ERROR,MEDIUM,STOP,1
9849.66,2,NETWORK_ERROR,HIGH,OFFER_ALTERNATIVE_PAYMENT_METHOD,1
6116.29,5,INSUFFICIENT_FUNDS,LOW,OFFER_ALTERNATIVE_PAYMENT_METHOD,0
17819.0,1,UNKNOWN,HIGH,SEND_REMINDER,1
17953.79,2,NETWORK_ERROR,CRITICAL,STOP,0
12287.72,2,DECLINED,MEDIUM,STOP,0
19413.69,5,INSUFFICIENT_FUNDS,CRITICAL,STOP,0
13084.21,5,UNKNOWN,MEDIUM,SEND_REMINDER,0
14132.21,5,TIMEOUT,CRITICAL,SEND_REMINDER,0
11340.4,2,INSUFFICIENT_FUNDS,LOW,STOP,0
14416.87,2,INSUFFICIENT_FUNDS,MEDIUM,WAIT_AND_RETRY,0
17614.62,4,DECLINED,HIGH,ESCALATE_TO_HUMAN,0
16451.8,3,TIMEOUT,MEDIUM,WAIT_AND_RETRY,1
621.34,5,UNKNOWN,HIGH,STOP,0
4695.14,2,TIMEOUT,LOW,OFFER_ALTERNATIVE_PAYMENT_METHOD,1
15618.54,2,UNKNOWN,CRITICAL,OFFER_ALTERNATIVE_PAYMENT_METHOD,1
7810.46,4,TIMEOUT,MEDIUM,SEND_REMINDER,1
8230.92,1,INSUFFICIENT_FUNDS,CRITICAL,SEND_REMINDER,0
19766.04,2,NETWORK_ERROR,MEDIUM,ESCALATE_TO_HUMAN,0
9849.86,3,DECLINED,MEDIUM,ESCALATE_TO_HUMAN,0
932.34,4,INSUFFICIENT_FUNDS,CRITICAL,STOP,0
11481.5,5,UNKNOWN,LOW,STOP,0
9192.32,1,TIMEOUT,CRITICAL,WAIT_AND_RETRY,1
10370.92,1,TIMEOUT,HIGH,ESCALATE_TO_HUMAN,1
6160.63,3,DECLINED,MEDIUM,ESCALATE_TO_HUMAN,1
18388.75,5,TIMEOUT,CRITICAL,ESCALATE_TO_HUMAN,1
10063.09,2,UNKNOWN,MEDIUM,ESCALATE_TO_HUMAN,0
9072.63,2,DECLINED,MEDIUM,ESCALATE_TO_HUMAN,1
6549.09,2,NETWORK_ERROR,LOW,WAIT_AND_RETRY,1
12718.04,1,UNKNOWN,CRITICAL,STOP,0
3282.0,5,DECLINED,LOW,SEND_REMINDER,0
11353.28,2,TIMEOUT,MEDIUM,SEND_REMINDER,0
1121.08,3,INSUFFICIENT_FUNDS,CRITICAL,OFFER_ALTERNATIVE_PAYMENT_METHOD,0
2439.32,2,TIMEOUT,LOW,STOP,0
342.93,4,DECLINED,LOW,STOP,0
4833.78,5,DECLINED,CRITICAL,ESCALATE_TO_HUMAN,0
12064.21,1,TIMEOUT,HIGH,STOP,0
16420.42,2,NETWORK_ERROR,MEDIUM,SEND_REMINDER,1
7045.49,2,NETWORK_ERROR,HIGH,OFFER_ALTERNATIVE_PAYMENT_METHOD,0
1075.72,4,TIMEOUT,MEDIUM,OFFER_ALTERNATIVE_PAYMENT_METHOD,0
13861.12,5,UNKNOWN,MEDIUM,ESCALATE_TO_HUMAN,0
7267.75,1,NETWORK_ERROR,HIGH,OFFER_ALTERNATIVE_PAYMENT_METHOD,1
7640.89,1,DECLINED,LOW,OFFER_ALTERNATIVE_PAYMENT_METHOD,0
2528.26,3,INSUFFICIENT_FUNDS,CRITICAL,STOP,1
4260.11,1,NETWORK_ERROR,LOW,ESCALATE_TO_HUMAN,1
12135.08,3,DECLINED,HIGH,OFFER_ALTERNATIVE_PAYMENT_METHOD,0
19900.98,3,TIMEOUT,CRITICAL,STOP,0
10005.05,2,UNKNOWN,MEDIUM,OFFER_ALTERNATIVE_PAYMENT_METHOD,0
131.46,1,DECLINED,LOW,SEND_REMINDER,0
19979.84,4,NETWORK_ERROR,HIGH,OFFER_ALTERNATIVE_PAYMENT_METHOD,0
12786.32,1,TIMEOUT,HIGH,OFFER_ALTERNATIVE_PAYMENT_METHOD,1
6224.67,5,UNKNOWN,HIGH,WAIT_AND_RETRY,1
6732.33,4,UNKNOWN,LOW,SEND_REMINDER,1
16693.12,4,DECLINED,LOW,SEND_REMINDER,0
12581.29,5,INSUFFICIENT_FUNDS,CRITICAL,ESCALATE_TO_HUMAN,0
1214.84,5,INSUFFICIENT_FUNDS,HIGH,STOP,0
4244.42,3,INSUFFICIENT_FUNDS,LOW,SEND_REMINDER,1
720.35,4,UNKNOWN,MEDIUM,STOP,0
3828.84,1,INSUFFICIENT_FUNDS,HIGH,WAIT_AND_RETRY,1
1827.28,2,INSUFFICIENT_FUNDS,CRITICAL,OFFER_ALTERNATIVE_PAYMENT_METHOD,1
6116.13,1,INSUFFICIENT_FUNDS,LOW,SEND_REMINDER,0
8931.1,1,DECLINED,MEDIUM,SEND_REMINDER,1
9721.09,5,INSUFFICIENT_FUNDS,HIGH,SEND_REMINDER,0
2055.21,5,TIMEOUT,MEDIUM,WAIT_AND_RETRY,1
14302.18,5,NETWORK_ERROR,LOW,OFFER_ALTERNATIVE_PAYMENT_METHOD,0
13772.34,5,NETWORK_ERROR,HIGH,ESCALATE_TO_HUMAN,0
2151.75,3,NETWORK_ERROR,HIGH,SEND_REMINDER,1
3931.66,3,UNKNOWN,HIGH,ESCALATE_TO_HUMAN,0
5525.82,2,INSUFFICIENT_FUNDS,LOW,WAIT_AND_RETRY,0
11236.55,1,TIMEOUT,HIGH,STOP,1
2916.98,3,UNKNOWN,MEDIUM,SEND_REMINDER,1
12303.93,3,UNKNOWN,CRITICAL,WAIT_AND_RETRY,1
9467.64,1,NETWORK_ERROR,CRITICAL,WAIT_AND_RETRY,1
7899.14,5,UNKNOWN,CRITICAL,STOP,0
6713.41,2,UNKNOWN,LOW,ESCALATE_TO_HUMAN,0
1949.03,4,NETWORK_ERROR,CRITICAL,OFFER_ALTERNATIVE_PAYMENT_METHOD,0
14233.3,4,DECLINED,MEDIUM,SEND_REMINDER,0
17924.45,3,INSUFFICIENT_FUNDS,CRITICAL,SEND_REMINDER,0
13337.09,3,DECLINED,CRITICAL,WAIT_AND_RETRY,1
2346.45,4,DECLINED,MEDIUM,OFFER_ALTERNATIVE_PAYMENT_METHOD,0
12128.36,2,UNKNOWN,LOW,ESCALATE_TO_HUMAN,0
15955.48,3,UNKNOWN,LOW,OFFER_ALTERNATIVE_PAYMENT_METHOD,0
8076.25,4,TIMEOUT,MEDIUM,STOP,0
9699.26,1,INSUFFICIENT_FUNDS,MEDIUM,STOP,0
19606.08,5,INSUFFICIENT_FUNDS,MEDIUM,SEND_REMINDER,0
1650.1,5,DECLINED,LOW,STOP,0
6575.02,1,DECLINED,MEDIUM,OFFER_ALTERNATIVE_PAYMENT_METHOD,0
1485.19,1,UNKNOWN,CRITICAL,OFFER_ALTERNATIVE_PAYMENT_METHOD,1
13237.28,1,TIMEOUT,MEDIUM,STOP,0
12759.04,1,TIMEOUT,MEDIUM,ESCALATE_TO_HUMAN,1
7860.65,5,DECLINED,MEDIUM,SEND_REMINDER,0
6400.29,5,INSUFFICIENT_FUNDS,CRITICAL,OFFER_ALTERNATIVE_PAYMENT_METHOD,0
11696.27,5,UNKNOWN,CRITICAL,SEND_REMINDER,0
1341.97,5,NETWORK_ERROR,LOW,STOP,0
7248.97,3,NETWORK_ERROR,MEDIUM,ESCALATE_TO_HUMAN,1
7945.94,3,DECLINED,CRITICAL,ESCALATE_TO_HUMAN,0
4303.2,2,DECLINED,MEDIUM,SEND_REMINDER,0
16882.22,3,DECLINED,MEDIUM,OFFER_ALTERNATIVE_PAYMENT_METHOD,0
13434.32,2,NETWORK_ERROR,LOW,WAIT_AND_RETRY,1
17709.28,4,TIMEOUT,LOW,SEND_REMINDER,0
8375.52,4,UNKNOWN,CRITICAL,STOP,0
10237.36,5,DECLINED,CRITICAL,OFFER_ALTERNATIVE_PAYMENT_METHOD,0
8552.96,1,UNKNOWN,CRITICAL,SEND_REMINDER,0
5458.08,5,UNKNOWN,HIGH,WAIT_AND_RETRY,0
11406.18,3,NETWORK_ERROR,CRITICAL,WAIT_AND_RETRY,1
14652.73,3,DECLINED,LOW,STOP,0
1860.08,4,NETWORK_ERROR,HIGH,STOP,1
6936.57,1,DECLINED,CRITICAL,STOP,0
11521.91,3,DECLINED,HIGH,OFFER_ALTERNATIVE_PAYMENT_METHOD,1
802.99,5,INSUFFICIENT_FUNDS,HIGH,WAIT_AND_RETRY,0
11605.01,5,NETWORK_ERROR,HIGH,STOP,1
9746.73,2,UNKNOWN,LOW,OFFER_ALTERNATIVE_PAYMENT_METHOD,1
12354.38,3,INSUFFICIENT_FUNDS,LOW,WAIT_AND_RETRY,0
18211.62,2,DECLINED,HIGH,SEND_REMINDER,0
14045.42,4,TIMEOUT,LOW,OFFER_ALTERNATIVE_PAYMENT_METHOD,0
19350.18,5,TIMEOUT,CRITICAL,ESCALATE_TO_HUMAN,0
4835.15,4,TIMEOUT,MEDIUM,STOP,0
6967.01,3,NETWORK_ERROR,LOW,SEND_REMINDER,1
9577.02,4,UNKNOWN,MEDIUM,ESCALATE_TO_HUMAN,0
7862.4,3,TIMEOUT,CRITICAL,WAIT_AND_RETRY,1
15966.45,4,INSUFFICIENT_FUNDS,LOW,WAIT_AND_RETRY,0
12784.74,4,UNKNOWN,HIGH,OFFER_ALTERNATIVE_PAYMENT_METHOD,0
16066.1,3,UNKNOWN,CRITICAL,ESCALATE_TO_HUMAN,0
15006.91,5,TIMEOUT,HIGH,SEND_REMINDER,1
310.5,1,NETWORK_ERROR,LOW,ESCALATE_TO_HUMAN,1
2167.75,4,INSUFFICIENT_FUNDS,MEDIUM,OFFER_ALTERNATIVE_PAYMENT_METHOD,1
777.43,5,NETWORK_ERROR,LOW,STOP,0
16725.64,5,NETWORK_ERROR,LOW,WAIT_AND_RETRY,0
2685.15,5,TIMEOUT,LOW,SEND_REMINDER,1
9392.42,1,DECLINED,HIGH,ESCALATE_TO_HUMAN,0
13384.83,3,INSUFFICIENT_FUNDS,MEDIUM,WAIT_AND_RETRY,1
1341.51,4,INSUFFICIENT_FUNDS,LOW,OFFER_ALTERNATIVE_PAYMENT_METHOD,0
5366.83,4,NETWORK_ERROR,CRITICAL,SEND_REMINDER,0
3651.0,4,NETWORK_ERROR,MEDIUM,STOP,0
4445.89,1,DECLINED,HIGH,WAIT_AND_RETRY,1
1501.21,3,DECLINED,LOW,ESCALATE_TO_HUMAN,1
12842.67,1,DECLINED,HIGH,SEND_REMINDER,0
18101.89,5,NETWORK_ERROR,CRITICAL,ESCALATE_TO_HUMAN,1
16896.58,1,UNKNOWN,MEDIUM,WAIT_AND_RETRY,1
13816.3,4,NETWORK_ERROR,HIGH,OFFER_ALTERNATIVE_PAYMENT_METHOD,0
8072.23,1,INSUFFICIENT_FUNDS,HIGH,WAIT_AND_RETRY,0
15233.02,3,TIMEOUT,MEDIUM,STOP,1
7744.86,2,INSUFFICIENT_FUNDS,CRITICAL,WAIT_AND_RETRY,1
7249.3,1,DECLINED,MEDIUM,SEND_REMINDER,1
604.76,5,TIMEOUT,CRITICAL,ESCALATE_TO_HUMAN,1
10856.99,3,DECLINED,CRITICAL,WAIT_AND_RETRY,1
1215.48,1,DECLINED,LOW,SEND_REMINDER,0
13379.6,4,UNKNOWN,MEDIUM,STOP,0
1533.47,2,DECLINED,LOW,ESCALATE_TO_HUMAN,0
12405.6,2,TIMEOUT,LOW,SEND_REMINDER,1
18102.78,1,DECLINED,MEDIUM,STOP,0
16367.66,1,DECLINED,MEDIUM,WAIT_AND_RETRY,0
8581.61,4,INSUFFICIENT_FUNDS,LOW,STOP,0
6499.64,2,NETWORK_ERROR,MEDIUM,OFFER_ALTERNATIVE_PAYMENT_METHOD,1
5550.48,4,TIMEOUT,HIGH,STOP,0
4948.53,5,NETWORK_ERROR,MEDIUM,WAIT_AND_RETRY,0
12680.67,4,TIMEOUT,LOW,ESCALATE_TO_HUMAN,1
243.76,1,UNKNOWN,HIGH,ESCALATE_TO_HUMAN,0
15865.59,4,TIMEOUT,MEDIUM,SEND_REMINDER,0
10509.43,4,TIMEOUT,MEDIUM,STOP,0
11965.81,4,UNKNOWN,LOW,OFFER_ALTERNATIVE_PAYMENT_METHOD,0
190.94,2,TIMEOUT,LOW,STOP,0
12416.53,5,UNKNOWN,MEDIUM,ESCALATE_TO_HUMAN,0
13220.61,3,NETWORK_ERROR,MEDIUM,WAIT_AND_RETRY,1
13736.35,4,DECLINED,MEDIUM,SEND_REMINDER,0
958.0,3,INSUFFICIENT_FUNDS,MEDIUM,ESCALATE_TO_HUMAN,1
12374.71,4,NETWORK_ERROR,LOW,WAIT_AND_RETRY,0
3600.16,1,DECLINED,LOW,WAIT_AND_RETRY,0
14455.92,5,UNKNOWN,HIGH,ESCALATE_TO_HUMAN,0
13569.37,3,TIMEOUT,LOW,OFFER_ALTERNATIVE_PAYMENT_METHOD,1
4818.66,4,TIMEOUT,CRITICAL,SEND_REMINDER,1
11743.34,1,DECLINED,MEDIUM,SEND_REMINDER,0
9154.32,4,INSUFFICIENT_FUNDS,MEDIUM,ESCALATE_TO_HUMAN,0
12677.22,3,TIMEOUT,HIGH,SEND_REMINDER,1
11416.45,3,TIMEOUT,LOW,ESCALATE_TO_HUMAN,1
3506.91,3,TIMEOUT,HIGH,STOP,1
15911.85,5,TIMEOUT,MEDIUM,WAIT_AND_RETRY,1
10483.2,2,UNKNOWN,CRITICAL,ESCALATE_TO_HUMAN,1
14627.35,2,TIMEOUT,HIGH,ESCALATE_TO_HUMAN,1
17847.27,5,TIMEOUT,LOW,ESCALATE_TO_HUMAN,0
897.17,4,UNKNOWN,LOW,ESCALATE_TO_HUMAN,0
9637.46,1,DECLINED,CRITICAL,SEND_REMINDER,1
15086.27,4,TIMEOUT,MEDIUM,OFFER_ALTERNATIVE_PAYMENT_METHOD,1
12988.04,1,NETWORK_ERROR,CRITICAL,OFFER_ALTERNATIVE_PAYMENT_METHOD,1
9239.73,5,UNKNOWN,LOW,ESCALATE_TO_HUMAN,0
2858.62,4,TIMEOUT,HIGH,ESCALATE_TO_HUMAN,0
127.14,1,DECLINED,HIGH,STOP,1
8575.45,3,UNKNOWN,MEDIUM,WAIT_AND_RETRY,0
6780.32,1,UNKNOWN,HIGH,WAIT_AND_RETRY,1
7375.26,5,NETWORK_ERROR,HIGH,OFFER_ALTERNATIVE_PAYMENT_METHOD,1
11219.93,1,UNKNOWN,MEDIUM,SEND_REMINDER,0
4848.79,1,DECLINED,MEDIUM,SEND_REMINDER,1
17968.87,5,DECLINED,HIGH,WAIT_AND_RETRY,1
6970.01,4,UNKNOWN,LOW,ESCALATE_TO_HUMAN,0
13598.34,5,INSUFFICIENT_FUNDS,CRITICAL,STOP,0
13498.8,1,TIMEOUT,CRITICAL,WAIT_AND_RETRY,1
17969.12,3,NETWORK_ERROR,LOW,SEND_REMINDER,1
13971.93,4,TIMEOUT,MEDIUM,STOP,0
551.54,4,UNKNOWN,MEDIUM,ESCALATE_TO_HUMAN,0
8932.82,1,INSUFFICIENT_FUNDS,MEDIUM,WAIT_AND_RETRY,1
16059.58,5,INSUFFICIENT_FUNDS,CRITICAL,STOP,0
12956.42,3,DECLINED,CRITICAL,ESCALATE_TO_HUMAN,0
2725.89,3,TIMEOUT,HIGH,SEND_REMINDER,1
19417.41,1,TIMEOUT,HIGH,OFFER_ALTERNATIVE_PAYMENT_METHOD,1
3410.63,2,UNKNOWN,HIGH,SEND_REMINDER,0
16802.7,2,TIMEOUT,MEDIUM,WAIT_AND_RETRY,1
6400.85,2,DECLINED,HIGH,OFFER_ALTERNATIVE_PAYMENT_METHOD,1
11293.5,1,INSUFFICIENT_FUNDS,HIGH,SEND_REMINDER,1
10843.35,2,UNKNOWN,HIGH,WAIT_AND_RETRY,0
8150.79,4,TIMEOUT,CRITICAL,OFFER_ALTERNATIVE_PAYMENT_METHOD,1
19405.99,5,UNKNOWN,HIGH,OFFER_ALTERNATIVE_PAYMENT_METHOD,0
5867.56,5,TIMEOUT,CRITICAL,OFFER_ALTERNATIVE_PAYMENT_METHOD,0
14659.65,1,TIMEOUT,LOW,OFFER_ALTERNATIVE_PAYMENT_METHOD,1
12388.69,2,DECLINED,HIGH,WAIT_AND_RETRY,1
12202.21,2,UNKNOWN,MEDIUM,OFFER_ALTERNATIVE_PAYMENT_METHOD,1
1763.43,4,NETWORK_ERROR,CRITICAL,SEND_REMINDER,1
12103.12,5,NETWORK_ERROR,HIGH,ESCALATE_TO_HUMAN,1
17090.7,3,DECLINED,HIGH,WAIT_AND_RETRY,1
7091.97,4,UNKNOWN,LOW,SEND_REMINDER,0
8939.99,4,DECLINED,HIGH,SEND_REMINDER,0
19410.18,4,DECLINED,MEDIUM,STOP,0
2958.42,3,DECLINED,HIGH,WAIT_AND_RETRY,0
11854.51,4,NETWORK_ERROR,LOW,ESCALATE_TO_HUMAN,0
5539.24,2,UNKNOWN,CRITICAL,STOP,0
2824.85,2,DECLINED,HIGH,STOP,0
16473.7,3,UNKNOWN,HIGH,ESCALATE_TO_HUMAN,0
9322.69,1,NETWORK_ERROR,MEDIUM,OFFER_ALTERNATIVE_PAYMENT_METHOD,1
12847.05,4,NETWORK_ERROR,HIGH,ESCALATE_TO_HUMAN,1
18145.18,2,NETWORK_ERROR,LOW,OFFER_ALTERNATIVE_PAYMENT_METHOD,1
19415.44,5,INSUFFICIENT_FUNDS,CRITICAL,STOP,0
5232.44,4,NETWORK_ERROR,HIGH,STOP,0
449.15,3,TIMEOUT,LOW,SEND_REMINDER,1
17578.51,2,INSUFFICIENT_FUNDS,MEDIUM,WAIT_AND_RETRY,1
8448.33,3,NETWORK_ERROR,HIGH,OFFER_ALTERNATIVE_PAYMENT_METHOD,1
18732.71,5,TIMEOUT,MEDIUM,WAIT_AND_RETRY,0
3426.0,3,INSUFFICIENT_FUNDS,HIGH,OFFER_ALTERNATIVE_PAYMENT_METHOD,0
13798.1,1,UNKNOWN,HIGH,SEND_REMINDER,1
10411.6,3,DECLINED,CRITICAL,OFFER_ALTERNATIVE_PAYMENT_METHOD,0
3344.28,2,TIMEOUT,MEDIUM,SEND_REMINDER,0
11217.24,5,UNKNOWN,LOW,ESCALATE_TO_HUMAN,0
1620.37,2,NETWORK_ERROR,CRITICAL,OFFER_ALTERNATIVE_PAYMENT_METHOD,1
7315.11,4,UNKNOWN,HIGH,SEND_REMINDER,0
672.31,1,TIMEOUT,MEDIUM,SEND_REMINDER,1
6217.82,2,TIMEOUT,LOW,ESCALATE_TO_HUMAN,1
15702.19,1,NETWORK_ERROR,CRITICAL,ESCALATE_TO_HUMAN,1
2245.57,5,UNKNOWN,LOW,ESCALATE_TO_HUMAN,1
5134.95,1,INSUFFICIENT_FUNDS,LOW,WAIT_AND_RETRY,0
18409.95,2,UNKNOWN,MEDIUM,SEND_REMINDER,0
682.26,2,INSUFFICIENT_FUNDS,HIGH,OFFER_ALTERNATIVE_PAYMENT_METHOD,1
10062.62,5,TIMEOUT,LOW,WAIT_AND_RETRY,0
15288.56,5,TIMEOUT,MEDIUM,OFFER_ALTERNATIVE_PAYMENT_METHOD,1
15104.96,1,NETWORK_ERROR,MEDIUM,STOP,0
9546.84,5,TIMEOUT,CRITICAL,WAIT_AND_RETRY,1
7160.96,4,DECLINED,MEDIUM,STOP,0
2345.63,3,NETWORK_ERROR,CRITICAL,WAIT_AND_RETRY,1
9966.74,3,INSUFFICIENT_FUNDS,LOW,WAIT_AND_RETRY,1
2402.88,3,DECLINED,HIGH,ESCALATE_TO_HUMAN,1
8204.92,4,TIMEOUT,LOW,ESCALATE_TO_HUMAN,0
7412.08,1,DECLINED,LOW,ESCALATE_TO_HUMAN,0
13205.11,1,NETWORK_ERROR,MEDIUM,ESCALATE_TO_HUMAN,1
11852.09,1,TIMEOUT,LOW,OFFER_ALTERNATIVE_PAYMENT_METHOD,0
6838.77,5,DECLINED,LOW,SEND_REMINDER,0
14531.49,3,UNKNOWN,HIGH,ESCALATE_TO_HUMAN,1
13366.87,4,DECLINED,HIGH,SEND_REMINDER,0
2249.93,3,DECLINED,CRITICAL,SEND_REMINDER,0
2778.71,1,NETWORK_ERROR,LOW,ESCALATE_TO_HUMAN,1
19444.24,4,UNKNOWN,HIGH,SEND_REMINDER,0
12502.33,1,UNKNOWN,CRITICAL,ESCALATE_TO_HUMAN,1
13275.66,4,UNKNOWN,HIGH,STOP,0
17207.48,5,NETWORK_ERROR,LOW,ESCALATE_TO_HUMAN,0
2470.77,4,INSUFFICIENT_FUNDS,CRITICAL,ESCALATE_TO_HUMAN,0
753.91,5,INSUFFICIENT_FUNDS,MEDIUM,ESCALATE_TO_HUMAN,0
6317.95,4,DECLINED,LOW,STOP,0
13235.56,5,UNKNOWN,CRITICAL,ESCALATE_TO_HUMAN,0
3210.59,1,DECLINED,HIGH,ESCALATE_TO_HUMAN,0
7618.17,3,INSUFFICIENT_FUNDS,HIGH,WAIT_AND_RETRY,1
997.86,3,INSUFFICIENT_FUNDS,LOW,OFFER_ALTERNATIVE_PAYMENT_METHOD,1
8620.15,3,DECLINED,HIGH,WAIT_AND_RETRY,0
5027.52,3,UNKNOWN,LOW,WAIT_AND_RETRY,0
2377.98,2,NETWORK_ERROR,HIGH,WAIT_AND_RETRY,1
17281.03,5,UNKNOWN,CRITICAL,OFFER_ALTERNATIVE_PAYMENT_METHOD,1
9447.03,1,INSUFFICIENT_FUNDS,CRITICAL,STOP,0
11493.52,4,NETWORK_ERROR,MEDIUM,OFFER_ALTERNATIVE_PAYMENT_METHOD,1
16248.0,3,TIMEOUT,HIGH,OFFER_ALTERNATIVE_PAYMENT_METHOD,0
4115.0,1,UNKNOWN,MEDIUM,OFFER_ALTERNATIVE_PAYMENT_METHOD,1
6016.67,5,DECLINED,MEDIUM,STOP,0
1929.96,5,NETWORK_ERROR,HIGH,OFFER_ALTERNATIVE_PAYMENT_METHOD,1
16043.59,4,DECLINED,MEDIUM,OFFER_ALTERNATIVE_PAYMENT_METHOD,0
13065.58,3,UNKNOWN,HIGH,ESCALATE_TO_HUMAN,0
6335.72,4,DECLINED,HIGH,STOP,0
13464.05,5,TIMEOUT,LOW,STOP,0
11579.18,2,DECLINED,HIGH,STOP,0
17070.22,4,UNKNOWN,LOW,STOP,0
9303.49,2,TIMEOUT,HIGH,ESCALATE_TO_HUMAN,1
17217.7,1,TIMEOUT,CRITICAL,OFFER_ALTERNATIVE_PAYMENT_METHOD,0
12956.25,3,UNKNOWN,MEDIUM,ESCALATE_TO_HUMAN,1
3084.25,1,TIMEOUT,HIGH,ESCALATE_TO_HUMAN,1
19826.73,4,NETWORK_ERROR,MEDIUM,SEND_REMINDER,1
679.92,3,UNKNOWN,MEDIUM,WAIT_AND_RETRY,0
9768.26,1,NETWORK_ERROR,LOW,OFFER_ALTERNATIVE_PAYMENT_METHOD,1
17356.72,4,INSUFFICIENT_FUNDS,LOW,ESCALATE_TO_HUMAN,0
14512.27,2,TIMEOUT,LOW,STOP,0
18665.42,5,UNKNOWN,HIGH,ESCALATE_TO_HUMAN,0
4837.73,1,INSUFFICIENT_FUNDS,HIGH,STOP,0
16136.25,2,DECLINED,MEDIUM,SEND_REMINDER,1
4360.76,3,DECLINED,CRITICAL,OFFER_ALTERNATIVE_PAYMENT_METHOD,0
1212.92,5,INSUFFICIENT_FUNDS,LOW,OFFER_ALTERNATIVE_PAYMENT_METHOD,0
9549.6,2,INSUFFICIENT_FUNDS,MEDIUM,OFFER_ALTERNATIVE_PAYMENT_METHOD,1
7418.01,3,NETWORK_ERROR,LOW,WAIT_AND_RETRY,1
15797.17,2,INSUFFICIENT_FUNDS,CRITICAL,OFFER_ALTERNATIVE_PAYMENT_METHOD,0
14042.27,1,UNKNOWN,MEDIUM,ESCALATE_TO_HUMAN,1
18204.8,4,INSUFFICIENT_FUNDS,HIGH,WAIT_AND_RETRY,0
15157.69,3,TIMEOUT,MEDIUM,ESCALATE_TO_HUMAN,1
17601.4,4,NETWORK_ERROR,HIGH,WAIT_AND_RETRY,0
18815.86,4,DECLINED,HIGH,ESCALATE_TO_HUMAN,0
16422.8,2,INSUFFICIENT_FUNDS,LOW,OFFER_ALTERNATIVE_PAYMENT_METHOD,1
14611.71,5,INSUFFICIENT_FUNDS,CRITICAL,WAIT_AND_RETRY,0
12863.32,2,DECLINED,MEDIUM,WAIT_AND_RETRY,0
12603.1,3,UNKNOWN,LOW,WAIT_AND_RETRY,1
10375.68,2,UNKNOWN,CRITICAL,OFFER_ALTERNATIVE_PAYMENT_METHOD,0
17482.77,2,INSUFFICIENT_FUNDS,MEDIUM,STOP,0
16010.62,2,NETWORK_ERROR,CRITICAL,OFFER_ALTERNATIVE_PAYMENT_METHOD,1
17540.16,5,TIMEOUT,LOW,WAIT_AND_RETRY,0
12977.42,2,NETWORK_ERROR,CRITICAL,SEND_REMINDER,1
17051.43,1,DECLINED,CRITICAL,STOP,0
1872.32,3,TIMEOUT,LOW,WAIT_AND_RETRY,1
8759.66,4,DECLINED,LOW,SEND_REMINDER,0
3891.83,3,INSUFFICIENT_FUNDS,CRITICAL,ESCALATE_TO_HUMAN,1
17141.12,5,TIMEOUT,HIGH,SEND_REMINDER,0
8229.63,2,NETWORK_ERROR,HIGH,OFFER_ALTERNATIVE_PAYMENT_METHOD,1
9074.44,2,INSUFFICIENT_FUNDS,CRITICAL,WAIT_AND_RETRY,1
2750.78,3,DECLINED,MEDIUM,ESCALATE_TO_HUMAN,0
14748.47,3,NETWORK_ERROR,LOW,STOP,1
6723.96,2,DECLINED,HIGH,STOP,0
19347.48,5,NETWORK_ERROR,LOW,OFFER_ALTERNATIVE_PAYMENT_METHOD,0
7680.66,4,INSUFFICIENT_FUNDS,MEDIUM,STOP,1
3669.51,2,UNKNOWN,CRITICAL,OFFER_ALTERNATIVE_PAYMENT_METHOD,0
2725.2,3,UNKNOWN,CRITICAL,SEND_REMINDER,1
6334.07,2,DECLINED,HIGH,OFFER_ALTERNATIVE_PAYMENT_METHOD,0
5730.22,3,UNKNOWN,HIGH,STOP,0
17864.17,3,DECLINED,MEDIUM,STOP,0
13182.65,4,NETWORK_ERROR,MEDIUM,SEND_REMINDER,1
3744.51,4,INSUFFICIENT_FUNDS,MEDIUM,ESCALATE_TO_HUMAN,0
19904.51,4,NETWORK_ERROR,CRITICAL,OFFER_ALTERNATIVE_PAYMENT_METHOD,0
11261.0,4,DECLINED,LOW,SEND_REMINDER,0
1962.2,3,TIMEOUT,MEDIUM,STOP,0
11308.62,5,TIMEOUT,LOW,STOP,0
3693.32,1,TIMEOUT,CRITICAL,WAIT_AND_RETRY,1
616.65,1,DECLINED,HIGH,STOP,0
2210.79,3,TIMEOUT,LOW,WAIT_AND_RETRY,1
14183.36,4,DECLINED,HIGH,STOP,0
6655.6,1,UNKNOWN,CRITICAL,OFFER_ALTERNATIVE_PAYMENT_METHOD,0
19996.44,5,TIMEOUT,MEDIUM,WAIT_AND_RETRY,0
5730.78,1,NETWORK_ERROR,CRITICAL,WAIT_AND_RETRY,1
3642.41,4,NETWORK_ERROR,LOW,SEND_REMINDER,1
15611.9,3,TIMEOUT,LOW,OFFER_ALTERNATIVE_PAYMENT_METHOD,1
8703.93,3,UNKNOWN,MEDIUM,OFFER_ALTERNATIVE_PAYMENT_METHOD,0
16657.85,5,TIMEOUT,CRITICAL,ESCALATE_TO_HUMAN,0
9581.15,5,UNKNOWN,CRITICAL,WAIT_AND_RETRY,0
16238.79,5,TIMEOUT,CRITICAL,ESCALATE_TO_HUMAN,1
10315.5,4,TIMEOUT,MEDIUM,ESCALATE_TO_HUMAN,0
12979.79,1,INSUFFICIENT_FUNDS,CRITICAL,ESCALATE_TO_HUMAN,1
16050.74,3,TIMEOUT,MEDIUM,OFFER_ALTERNATIVE_PAYMENT_METHOD,0
10509.53,3,UNKNOWN,LOW,STOP,1
997.39,1,UNKNOWN,CRITICAL,ESCALATE_TO_HUMAN,1
13251.02,5,INSUFFICIENT_FUNDS,HIGH,OFFER_ALTERNATIVE_PAYMENT_METHOD,0
15396.07,1,NETWORK_ERROR,CRITICAL,SEND_REMINDER,1
16873.91,1,NETWORK_ERROR,CRITICAL,OFFER_ALTERNATIVE_PAYMENT_METHOD,1
14509.48,4,UNKNOWN,HIGH,OFFER_ALTERNATIVE_PAYMENT_METHOD,0
17439.76,2,TIMEOUT,MEDIUM,WAIT_AND_RETRY,1
12120.65,1,DECLINED,LOW,WAIT_AND_RETRY,1
364.76,4,DECLINED,CRITICAL,STOP,0
6125.72,5,INSUFFICIENT_FUNDS,CRITICAL,OFFER_ALTERNATIVE_PAYMENT_METHOD,1
2788.77,2,NETWORK_ERROR,LOW,SEND_REMINDER,0
4263.67,2,TIMEOUT,CRITICAL,STOP,1
6088.27,4,TIMEOUT,CRITICAL,ESCALATE_TO_HUMAN,1
3405.5,2,DECLINED,CRITICAL,ESCALATE_TO_HUMAN,1
9045.37,2,TIMEOUT,HIGH,STOP,0
7895.49,3,NETWORK_ERROR,LOW,ESCALATE_TO_HUMAN,0
16987.46,5,UNKNOWN,HIGH,WAIT_AND_RETRY,0
9773.41,5,UNKNOWN,CRITICAL,SEND_REMINDER,0
10613.35,4,UNKNOWN,HIGH,STOP,0
17868.26,4,DECLINED,LOW,ESCALATE_TO_HUMAN,0
12958.98,4,DECLINED,LOW,SEND_REMINDER,0
3924.81,3,DECLINED,MEDIUM,STOP,0
18190.5,3,UNKNOWN,CRITICAL,SEND_REMINDER,0
14487.6,4,DECLINED,HIGH,ESCALATE_TO_HUMAN,0
16906.17,5,TIMEOUT,HIGH,WAIT_AND_RETRY,0
2669.02,2,TIMEOUT,CRITICAL,WAIT_AND_RETRY,1
18866.79,4,INSUFFICIENT_FUNDS,MEDIUM,SEND_REMINDER,0
19985.3,3,INSUFFICIENT_FUNDS,HIGH,SEND_REMINDER,1
17203.29,5,NETWORK_ERROR,LOW,OFFER_ALTERNATIVE_PAYMENT_METHOD,1
12389.5,1,UNKNOWN,MEDIUM,ESCALATE_TO_HUMAN,1
6872.45,3,NETWORK_ERROR,HIGH,SEND_REMINDER,0
17486.54,5,NETWORK_ERROR,LOW,ESCALATE_TO_HUMAN,0
19256.68,1,NETWORK_ERROR,LOW,STOP,1
2197.68,1,TIMEOUT,HIGH,SEND_REMINDER,1
14192.45,5,DECLINED,LOW,SEND_REMINDER,0
6758.69,2,NETWORK_ERROR,MEDIUM,ESCALATE_TO_HUMAN,0
15407.46,1,TIMEOUT,CRITICAL,OFFER_ALTERNATIVE_PAYMENT_METHOD,1
3508.11,3,INSUFFICIENT_FUNDS,CRITICAL,OFFER_ALTERNATIVE_PAYMENT_METHOD,0
4984.48,5,DECLINED,MEDIUM,SEND_REMINDER,0
8326.85,4,DECLINED,HIGH,WAIT_AND_RETRY,0
15426.02,5,NETWORK_ERROR,LOW,OFFER_ALTERNATIVE_PAYMENT_METHOD,1
19640.7,2,DECLINED,LOW,ESCALATE_TO_HUMAN,0
13237.51,2,UNKNOWN,LOW,STOP,0
8444.18,5,INSUFFICIENT_FUNDS,HIGH,OFFER_ALTERNATIVE_PAYMENT_METHOD,1
5667.64,5,UNKNOWN,MEDIUM,ESCALATE_TO_HUMAN,0
4182.16,5,UNKNOWN,CRITICAL,OFFER_ALTERNATIVE_PAYMENT_METHOD,0
15653.11,4,TIMEOUT,HIGH,WAIT_AND_RETRY,1
6756.41,2,UNKNOWN,HIGH,SEND_REMINDER,1
11080.54,5,INSUFFICIENT_FUNDS,MEDIUM,WAIT_AND_RETRY,1
15952.31,5,INSUFFICIENT_FUNDS,MEDIUM,OFFER_ALTERNATIVE_PAYMENT_METHOD,0
19740.4,1,NETWORK_ERROR,HIGH,OFFER_ALTERNATIVE_PAYMENT_METHOD,1
7154.02,1,NETWORK_ERROR,CRITICAL,OFFER_ALTERNATIVE_PAYMENT_METHOD,1
203.75,3,TIMEOUT,MEDIUM,OFFER_ALTERNATIVE_PAYMENT_METHOD,1
13371.76,5,TIMEOUT,CRITICAL,STOP,0
2194.02,5,UNKNOWN,MEDIUM,OFFER_ALTERNATIVE_PAYMENT_METHOD,0
3016.41,4,DECLINED,LOW,WAIT_AND_RETRY,1
17781.34,4,TIMEOUT,CRITICAL,WAIT_AND_RETRY,1
10572.49,5,UNKNOWN,CRITICAL,OFFER_ALTERNATIVE_PAYMENT_METHOD,0
12765.58,4,DECLINED,CRITICAL,SEND_REMINDER,0
2629.77,4,TIMEOUT,LOW,SEND_REMINDER,0
748.89,2,UNKNOWN,HIGH,WAIT_AND_RETRY,0
8231.54,1,INSUFFICIENT_FUNDS,HIGH,WAIT_AND_RETRY,1
2443.07,3,INSUFFICIENT_FUNDS,HIGH,OFFER_ALTERNATIVE_PAYMENT_METHOD,1
15844.95,2,UNKNOWN,CRITICAL,WAIT_AND_RETRY,0
6172.76,3,TIMEOUT,MEDIUM,ESCALATE_TO_HUMAN,1
10995.99,1,NETWORK_ERROR,CRITICAL,ESCALATE_TO_HUMAN,1
11358.7,3,DECLINED,CRITICAL,STOP,0
2856.59,4,DECLINED,CRITICAL,SEND_REMINDER,0
6571.8,5,UNKNOWN,CRITICAL,ESCALATE_TO_HUMAN,0
7968.4,5,NETWORK_ERROR,CRITICAL,OFFER_ALTERNATIVE_PAYMENT_METHOD,0
17332.48,1,UNKNOWN,HIGH,STOP,0
12913.89,1,TIMEOUT,LOW,STOP,0
15036.12,5,NETWORK_ERROR,LOW,STOP,0
477.57,2,TIMEOUT,CRITICAL,WAIT_AND_RETRY,0
12176.41,4,UNKNOWN,LOW,ESCALATE_TO_HUMAN,0
562.94,4,TIMEOUT,CRITICAL,WAIT_AND_RETRY,0
6415.91,3,NETWORK_ERROR,LOW,WAIT_AND_RETRY,1
5778.5,2,INSUFFICIENT_FUNDS,LOW,SEND_REMINDER,1
8204.8,2,NETWORK_ERROR,HIGH,SEND_REMINDER,1
1264.19,4,NETWORK_ERROR,HIGH,SEND_REMINDER,1
6551.93,4,NETWORK_ERROR,LOW,SEND_REMINDER,1
11980.39,2,DECLINED,CRITICAL,WAIT_AND_RETRY,1
6434.9,5,DECLINED,LOW,ESCALATE_TO_HUMAN,1
12707.47,1,INSUFFICIENT_FUNDS,LOW,SEND_REMINDER,0
13065.86,2,INSUFFICIENT_FUNDS,CRITICAL,ESCALATE_TO_HUMAN,1
12752.4,2,TIMEOUT,HIGH,STOP,0
15662.27,5,DECLINED,CRITICAL,WAIT_AND_RETRY,1
9346.58,5,INSUFFICIENT_FUNDS,MEDIUM,WAIT_AND_RETRY,1
18444.03,3,UNKNOWN,HIGH,ESCALATE_TO_HUMAN,0
16864.53,2,UNKNOWN,HIGH,WAIT_AND_RETRY,1
10728.38,1,INSUFFICIENT_FUNDS,LOW,ESCALATE_TO_HUMAN,0
16626.91,5,INSUFFICIENT_FUNDS,CRITICAL,SEND_REMINDER,0
19152.6,3,INSUFFICIENT_FUNDS,HIGH,ESCALATE_TO_HUMAN,1
13279.31,3,INSUFFICIENT_FUNDS,MEDIUM,ESCALATE_TO_HUMAN,0
6636.3,2,NETWORK_ERROR,CRITICAL,WAIT_AND_RETRY,0
13486.86,4,UNKNOWN,CRITICAL,ESCALATE_TO_HUMAN,0
15767.37,1,UNKNOWN,LOW,ESCALATE_TO_HUMAN,0
7124.6,4,UNKNOWN,HIGH,ESCALATE_TO_HUMAN,1
15382.52,1,NETWORK_ERROR,CRITICAL,OFFER_ALTERNATIVE_PAYMENT_METHOD,0
8947.1,2,NETWORK_ERROR,HIGH,OFFER_ALTERNATIVE_PAYMENT_METHOD,1
16343.99,3,TIMEOUT,MEDIUM,ESCALATE_TO_HUMAN,0
832.24,4,UNKNOWN,MEDIUM,WAIT_AND_RETRY,1
16440.36,4,NETWORK_ERROR,HIGH,STOP,0
3492.49,2,UNKNOWN,MEDIUM,WAIT_AND_RETRY,0
14944.87,2,INSUFFICIENT_FUNDS,MEDIUM,STOP,0
5559.13,1,UNKNOWN,HIGH,STOP,0
138.9,4,NETWORK_ERROR,HIGH,ESCALATE_TO_HUMAN,0
8196.83,1,UNKNOWN,CRITICAL,ESCALATE_TO_HUMAN,1
15204.53,2,NETWORK_ERROR,HIGH,ESCALATE_TO_HUMAN,1
6393.22,4,TIMEOUT,HIGH,WAIT_AND_RETRY,0
16172.69,2,DECLINED,LOW,SEND_REMINDER,1
6651.57,1,NETWORK_ERROR,LOW,ESCALATE_TO_HUMAN,1
578.07,3,INSUFFICIENT_FUNDS,MEDIUM,WAIT_AND_RETRY,1
19180.17,1,INSUFFICIENT_FUNDS,MEDIUM,WAIT_AND_RETRY,0
12429.37,1,DECLINED,LOW,WAIT_AND_RETRY,0
18342.62,4,INSUFFICIENT_FUNDS,LOW,SEND_REMINDER,1
16067.5,1,INSUFFICIENT_FUNDS,CRITICAL,WAIT_AND_RETRY,1
1210.22,1,INSUFFICIENT_FUNDS,CRITICAL,ESCALATE_TO_HUMAN,1
15064.07,2,UNKNOWN,LOW,ESCALATE_TO_HUMAN,1
15923.78,5,UNKNOWN,LOW,OFFER_ALTERNATIVE_PAYMENT_METHOD,0
13547.94,1,DECLINED,HIGH,STOP,0
2143.52,5,NETWORK_ERROR,MEDIUM,STOP,1
10227.07,3,DECLINED,CRITICAL,STOP,0
4938.73,1,NETWORK_ERROR,MEDIUM,OFFER_ALTERNATIVE_PAYMENT_METHOD,1
10311.2,3,INSUFFICIENT_FUNDS,MEDIUM,SEND_REMINDER,1
12106.26,3,INSUFFICIENT_FUNDS,LOW,STOP,0
13598.18,1,TIMEOUT,LOW,ESCALATE_TO_HUMAN,1
19532.56,2,NETWORK_ERROR,HIGH,SEND_REMINDER,1
13926.15,4,UNKNOWN,HIGH,STOP,0
6779.64,3,DECLINED,HIGH,SEND_REMINDER,1
17534.5,1,DECLINED,MEDIUM,WAIT_AND_RETRY,0
13895.09,4,UNKNOWN,MEDIUM,SEND_REMINDER,0
15390.13,3,DECLINED,MEDIUM,ESCALATE_TO_HUMAN,1
19798.57,3,NETWORK_ERROR,LOW,OFFER_ALTERNATIVE_PAYMENT_METHOD,1
2392.27,3,DECLINED,MEDIUM,STOP,0
7262.19,1,TIMEOUT,MEDIUM,OFFER_ALTERNATIVE_PAYMENT_METHOD,1
17719.11,2,INSUFFICIENT_FUNDS,MEDIUM,SEND_REMINDER,1
3603.94,3,NETWORK_ERROR,LOW,SEND_REMINDER,1
15769.54,1,INSUFFICIENT_FUNDS,MEDIUM,OFFER_ALTERNATIVE_PAYMENT_METHOD,1
7455.85,3,TIMEOUT,CRITICAL,WAIT_AND_RETRY,1
17666.19,2,TIMEOUT,MEDIUM,STOP,0
7547.68,5,DECLINED,MEDIUM,WAIT_AND_RETRY,0
11787.78,5,INSUFFICIENT_FUNDS,MEDIUM,OFFER_ALTERNATIVE_PAYMENT_METHOD,1
12626.24,3,TIMEOUT,CRITICAL,SEND_REMINDER,0
15714.84,5,NETWORK_ERROR,MEDIUM,STOP,0
17660.2,5,INSUFFICIENT_FUNDS,CRITICAL,STOP,0
6504.28,3,UNKNOWN,CRITICAL,ESCALATE_TO_HUMAN,0
11665.62,5,NETWORK_ERROR,MEDIUM,SEND_REMINDER,0
9096.39,2,DECLINED,MEDIUM,OFFER_ALTERNATIVE_PAYMENT_METHOD,0
7603.95,2,INSUFFICIENT_FUNDS,HIGH,STOP,1
15057.29,3,DECLINED,HIGH,SEND_REMINDER,0
9358.54,5,INSUFFICIENT_FUNDS,CRITICAL,ESCALATE_TO_HUMAN,0
8238.16,4,INSUFFICIENT_FUNDS,HIGH,ESCALATE_TO_HUMAN,1
8889.6,3,NETWORK_ERROR,HIGH,WAIT_AND_RETRY,1
10085.12,5,NETWORK_ERROR,HIGH,SEND_REMINDER,1
1519.84,1,UNKNOWN,MEDIUM,OFFER_ALTERNATIVE_PAYMENT_METHOD,1
6651.9,3,INSUFFICIENT_FUNDS,MEDIUM,STOP,0
19968.26,5,INSUFFICIENT_FUNDS,LOW,OFFER_ALTERNATIVE_PAYMENT_METHOD,1
6997.98,4,DECLINED,LOW,ESCALATE_TO_HUMAN,0
19786.57,2,DECLINED,MEDIUM,SEND_REMINDER,0
4276.51,2,UNKNOWN,CRITICAL,ESCALATE_TO_HUMAN,1
1808.93,2,DECLINED,CRITICAL,SEND_REMINDER,0
17073.59,1,INSUFFICIENT_FUNDS,MEDIUM,STOP,0
6180.88,1,DECLINED,HIGH,OFFER_ALTERNATIVE_PAYMENT_METHOD,1
8571.82,4,UNKNOWN,HIGH,OFFER_ALTERNATIVE_PAYMENT_METHOD,0
11394.79,1,TIMEOUT,MEDIUM,OFFER_ALTERNATIVE_PAYMENT_METHOD,1
16003.0,5,UNKNOWN,CRITICAL,ESCALATE_TO_HUMAN,0
7873.66,5,DECLINED,MEDIUM,ESCALATE_TO_HUMAN,0
11433.35,4,INSUFFICIENT_FUNDS,LOW,SEND_REMINDER,1
11102.84,1,UNKNOWN,CRITICAL,WAIT_AND_RETRY,1
1482.87,4,INSUFFICIENT_FUNDS,MEDIUM,SEND_REMINDER,1
10535.47,4,NETWORK_ERROR,HIGH,STOP,1
6602.76,4,DECLINED,MEDIUM,WAIT_AND_RETRY,1
8426.42,1,DECLINED,MEDIUM,SEND_REMINDER,0
6264.17,4,TIMEOUT,HIGH,STOP,0
14363.76,4,INSUFFICIENT_FUNDS,MEDIUM,WAIT_AND_RETRY,0
8970.06,4,UNKNOWN,MEDIUM,STOP,0
11427.66,4,DECLINED,CRITICAL,STOP,1
1912.94,4,INSUFFICIENT_FUNDS,HIGH,ESCALATE_TO_HUMAN,0
16218.7,2,DECLINED,MEDIUM,SEND_REMINDER,0
14691.55,4,DECLINED,MEDIUM,STOP,0
14003.03,1,TIMEOUT,MEDIUM,OFFER_ALTERNATIVE_PAYMENT_METHOD,0
10800.98,1,TIMEOUT,CRITICAL,ESCALATE_TO_HUMAN,0
11101.2,3,NETWORK_ERROR,LOW,STOP,0
6587.66,4,TIMEOUT,HIGH,SEND_REMINDER,0
9297.13,1,DECLINED,CRITICAL,OFFER_ALTERNATIVE_PAYMENT_METHOD,0
17129.89,4,NETWORK_ERROR,LOW,OFFER_ALTERNATIVE_PAYMENT_METHOD,1
18351.03,3,DECLINED,CRITICAL,ESCALATE_TO_HUMAN,1
11013.73,2,DECLINED,MEDIUM,ESCALATE_TO_HUMAN,0
16847.09,2,NETWORK_ERROR,LOW,SEND_REMINDER,1
10739.61,4,TIMEOUT,LOW,WAIT_AND_RETRY,0
3154.58,3,TIMEOUT,MEDIUM,WAIT_AND_RETRY,0
10692.75,4,NETWORK_ERROR,LOW,ESCALATE_TO_HUMAN,0
8935.34,5,NETWORK_ERROR,LOW,ESCALATE_TO_HUMAN,0
18583.53,3,TIMEOUT,MEDIUM,WAIT_AND_RETRY,1
656.09,1,INSUFFICIENT_FUNDS,MEDIUM,WAIT_AND_RETRY,1
17657.49,2,TIMEOUT,LOW,ESCALATE_TO_HUMAN,1
16330.92,3,UNKNOWN,MEDIUM,STOP,0
10879.88,4,NETWORK_ERROR,MEDIUM,SEND_REMINDER,1
6535.02,1,DECLINED,HIGH,WAIT_AND_RETRY,1
9229.64,1,INSUFFICIENT_FUNDS,HIGH,WAIT_AND_RETRY,1
4449.36,3,UNKNOWN,CRITICAL,WAIT_AND_RETRY,0
15846.07,5,TIMEOUT,HIGH,WAIT_AND_RETRY,0
19630.18,4,TIMEOUT,HIGH,SEND_REMINDER,0
17690.94,3,DECLINED,LOW,OFFER_ALTERNATIVE_PAYMENT_METHOD,1
18250.85,4,DECLINED,MEDIUM,STOP,0
19768.78,2,NETWORK_ERROR,LOW,OFFER_ALTERNATIVE_PAYMENT_METHOD,1
8627.11,2,UNKNOWN,LOW,WAIT_AND_RETRY,1
10024.66,2,TIMEOUT,CRITICAL,SEND_REMINDER,1
4837.47,5,DECLINED,HIGH,SEND_REMINDER,0
12907.68,1,UNKNOWN,CRITICAL,OFFER_ALTERNATIVE_PAYMENT_METHOD,0
4657.3,3,INSUFFICIENT_FUNDS,MEDIUM,SEND_REMINDER,1
18141.98,2,TIMEOUT,CRITICAL,STOP,1
8902.98,1,NETWORK_ERROR,CRITICAL,WAIT_AND_RETRY,0
1136.93,2,TIMEOUT,MEDIUM,WAIT_AND_RETRY,1
11022.06,2,TIMEOUT,LOW,ESCALATE_TO_HUMAN,0
6298.11,2,TIMEOUT,CRITICAL,SEND_REMINDER,1
6131.7,5,DECLINED,MEDIUM,OFFER_ALTERNATIVE_PAYMENT_METHOD,0
9675.3,3,DECLINED,CRITICAL,SEND_REMINDER,0
8511.68,5,DECLINED,MEDIUM,ESCALATE_TO_HUMAN,1
7690.24,1,INSUFFICIENT_FUNDS,MEDIUM,STOP,0
5220.11,4,INSUFFICIENT_FUNDS,CRITICAL,OFFER_ALTERNATIVE_PAYMENT_METHOD,0
12159.9,1,INSUFFICIENT_FUNDS,MEDIUM,ESCALATE_TO_HUMAN,1
18331.03,1,NETWORK_ERROR,HIGH,ESCALATE_TO_HUMAN,1
8374.82,4,INSUFFICIENT_FUNDS,CRITICAL,ESCALATE_TO_HUMAN,0
19751.69,1,DECLINED,LOW,WAIT_AND_RETRY,1
11355.61,2,DECLINED,HIGH,OFFER_ALTERNATIVE_PAYMENT_METHOD,0
9823.57,3,NETWORK_ERROR,CRITICAL,ESCALATE_TO_HUMAN,1
4922.82,1,INSUFFICIENT_FUNDS,LOW,SEND_REMINDER,1
9163.87,2,INSUFFICIENT_FUNDS,MEDIUM,STOP,0
13285.83,2,NETWORK_ERROR,LOW,WAIT_AND_RETRY,1
18345.97,4,UNKNOWN,LOW,STOP,0
17532.52,2,DECLINED,HIGH,OFFER_ALTERNATIVE_PAYMENT_METHOD,0
10710.71,4,UNKNOWN,HIGH,ESCALATE_TO_HUMAN,0
18493.98,1,NETWORK_ERROR,HIGH,SEND_REMINDER,1
4269.56,4,INSUFFICIENT_FUNDS,LOW,SEND_REMINDER,0
131.41,1,DECLINED,CRITICAL,OFFER_ALTERNATIVE_PAYMENT_METHOD,0
3495.62,3,TIMEOUT,MEDIUM,SEND_REMINDER,1
10102.01,1,DECLINED,MEDIUM,SEND_REMINDER,1
15023.32,2,INSUFFICIENT_FUNDS,CRITICAL,ESCALATE_TO_HUMAN,0
12525.99,2,NETWORK_ERROR,HIGH,WAIT_AND_RETRY,1
5607.57,3,NETWORK_ERROR,MEDIUM,ESCALATE_TO_HUMAN,1
15234.62,1,NETWORK_ERROR,HIGH,WAIT_AND_RETRY,1
15805.22,1,NETWORK_ERROR,MEDIUM,STOP,0
7575.75,5,INSUFFICIENT_FUNDS,CRITICAL,ESCALATE_TO_HUMAN,0
12126.99,3,INSUFFICIENT_FUNDS,HIGH,OFFER_ALTERNATIVE_PAYMENT_METHOD,0
18825.72,4,DECLINED,LOW,OFFER_ALTERNATIVE_PAYMENT_METHOD,0
16144.78,1,DECLINED,CRITICAL,SEND_REMINDER,1
2545.6,5,INSUFFICIENT_FUNDS,MEDIUM,OFFER_ALTERNATIVE_PAYMENT_METHOD,0
13755.08,4,UNKNOWN,CRITICAL,SEND_REMINDER,1
12797.66,3,NETWORK_ERROR,HIGH,WAIT_AND_RETRY,0
14742.68,4,TIMEOUT,CRITICAL,ESCALATE_TO_HUMAN,0
15899.81,3,DECLINED,CRITICAL,WAIT_AND_RETRY,0
5947.87,2,TIMEOUT,LOW,SEND_REMINDER,1
1833.09,5,DECLINED,MEDIUM,ESCALATE_TO_HUMAN,0
9695.15,5,TIMEOUT,MEDIUM,SEND_REMINDER,1
18889.78,1,NETWORK_ERROR,CRITICAL,WAIT_AND_RETRY,1
18586.45,4,INSUFFICIENT_FUNDS,MEDIUM,OFFER_ALTERNATIVE_PAYMENT_METHOD,0
19034.93,1,TIMEOUT,CRITICAL,WAIT_AND_RETRY,1
6722.74,2,UNKNOWN,LOW,OFFER_ALTERNATIVE_PAYMENT_METHOD,1
14377.11,4,UNKNOWN,CRITICAL,SEND_REMINDER,0
2402.23,1,NETWORK_ERROR,LOW,OFFER_ALTERNATIVE_PAYMENT_METHOD,1
18750.49,1,UNKNOWN,HIGH,SEND_REMINDER,0
19085.97,5,NETWORK_ERROR,HIGH,WAIT_AND_RETRY,0
3878.17,4,DECLINED,HIGH,OFFER_ALTERNATIVE_PAYMENT_METHOD,0
18685.11,2,UNKNOWN,MEDIUM,WAIT_AND_RETRY,1
10812.03,4,INSUFFICIENT_FUNDS,MEDIUM,OFFER_ALTERNATIVE_PAYMENT_METHOD,0
10046.67,4,TIMEOUT,HIGH,SEND_REMINDER,0
16997.64,1,UNKNOWN,HIGH,OFFER_ALTERNATIVE_PAYMENT_METHOD,1
13803.14,3,UNKNOWN,CRITICAL,SEND_REMINDER,0
14112.4,4,NETWORK_ERROR,HIGH,SEND_REMINDER,0
4291.2,2,NETWORK_ERROR,MEDIUM,ESCALATE_TO_HUMAN,1
6052.13,2,NETWORK_ERROR,CRITICAL,OFFER_ALTERNATIVE_PAYMENT_METHOD,1
9521.09,3,DECLINED,CRITICAL,WAIT_AND_RETRY,0
5732.49,2,UNKNOWN,CRITICAL,WAIT_AND_RETRY,1
15070.1,5,NETWORK_ERROR,HIGH,ESCALATE_TO_HUMAN,0
11585.43,4,DECLINED,HIGH,SEND_REMINDER,0
16106.73,2,NETWORK_ERROR,HIGH,STOP,1
15731.44,2,DECLINED,CRITICAL,SEND_REMINDER,0
2011.35,4,TIMEOUT,LOW,WAIT_AND_RETRY,0
13036.95,5,DECLINED,MEDIUM,ESCALATE_TO_HUMAN,0
2464.17,4,DECLINED,HIGH,STOP,0
13090.66,4,NETWORK_ERROR,CRITICAL,ESCALATE_TO_HUMAN,1
13098.59,3,NETWORK_ERROR,LOW,WAIT_AND_RETRY,1
9835.45,5,TIMEOUT,LOW,STOP,0
11495.35,3,NETWORK_ERROR,MEDIUM,ESCALATE_TO_HUMAN,1
12927.47,4,INSUFFICIENT_FUNDS,MEDIUM,WAIT_AND_RETRY,1
14303.99,5,TIMEOUT,CRITICAL,WAIT_AND_RETRY,1
16367.51,5,DECLINED,LOW,STOP,0
10825.74,1,TIMEOUT,LOW,SEND_REMINDER,0
13934.8,1,UNKNOWN,CRITICAL,OFFER_ALTERNATIVE_PAYMENT_METHOD,1
2663.44,2,TIMEOUT,LOW,STOP,1
15086.07,1,NETWORK_ERROR,HIGH,OFFER_ALTERNATIVE_PAYMENT_METHOD,0
3514.9,1,TIMEOUT,HIGH,WAIT_AND_RETRY,0
10436.92,3,UNKNOWN,CRITICAL,SEND_REMINDER,0
13932.52,5,INSUFFICIENT_FUNDS,MEDIUM,WAIT_AND_RETRY,0
990.24,1,TIMEOUT,MEDIUM,OFFER_ALTERNATIVE_PAYMENT_METHOD,0
4382.74,2,UNKNOWN,MEDIUM,STOP,0
2656.99,5,DECLINED,LOW,STOP,0
7697.47,2,DECLINED,CRITICAL,WAIT_AND_RETRY,0
13562.86,2,UNKNOWN,MEDIUM,WAIT_AND_RETRY,0
5461.05,2,INSUFFICIENT_FUNDS,MEDIUM,ESCALATE_TO_HUMAN,0
6395.57,4,DECLINED,LOW,STOP,0
5475.49,5,NETWORK_ERROR,CRITICAL,WAIT_AND_RETRY,1
1870.59,3,INSUFFICIENT_FUNDS,MEDIUM,SEND_REMINDER,1
2049.14,2,DECLINED,LOW,WAIT_AND_RETRY,1
14593.72,3,UNKNOWN,CRITICAL,WAIT_AND_RETRY,0
14039.07,3,UNKNOWN,HIGH,STOP,1
1054.47,3,DECLINED,MEDIUM,OFFER_ALTERNATIVE_PAYMENT_METHOD,0
13588.46,5,UNKNOWN,CRITICAL,ESCALATE_TO_HUMAN,0
5255.31,5,TIMEOUT,MEDIUM,SEND_REMINDER,1
14734.91,1,INSUFFICIENT_FUNDS,MEDIUM,STOP,0
9209.95,4,INSUFFICIENT_FUNDS,CRITICAL,STOP,0
19057.06,5,TIMEOUT,HIGH,WAIT_AND_RETRY,0
8189.64,3,NETWORK_ERROR,LOW,WAIT_AND_RETRY,1
18902.85,2,UNKNOWN,LOW,WAIT_AND_RETRY,0
11127.78,4,NETWORK_ERROR,CRITICAL,STOP,0
2814.92,4,UNKNOWN,LOW,ESCALATE_TO_HUMAN,1
3884.66,1,DECLINED,HIGH,SEND_REMINDER,0
13257.36,5,UNKNOWN,LOW,STOP,0
3453.79,5,TIMEOUT,MEDIUM,WAIT_AND_RETRY,1
2753.04,3,NETWORK_ERROR,CRITICAL,ESCALATE_TO_HUMAN,1
7528.35,1,INSUFFICIENT_FUNDS,MEDIUM,STOP,0
17170.34,3,INSUFFICIENT_FUNDS,CRITICAL,OFFER_ALTERNATIVE_PAYMENT_METHOD,1
144.46,5,DECLINED,MEDIUM,OFFER_ALTERNATIVE_PAYMENT_METHOD,0
19186.79,5,NETWORK_ERROR,CRITICAL,STOP,0
1244.18,1,UNKNOWN,CRITICAL,OFFER_ALTERNATIVE_PAYMENT_METHOD,1
2232.56,3,TIMEOUT,CRITICAL,OFFER_ALTERNATIVE_PAYMENT_METHOD,1
8673.0,2,NETWORK_ERROR,MEDIUM,ESCALATE_TO_HUMAN,1
9799.5,2,INSUFFICIENT_FUNDS,MEDIUM,ESCALATE_TO_HUMAN,1
6055.77,4,TIMEOUT,HIGH,WAIT_AND_RETRY,0
13159.96,4,TIMEOUT,MEDIUM,OFFER_ALTERNATIVE_PAYMENT_METHOD,0
215.62,2,NETWORK_ERROR,MEDIUM,OFFER_ALTERNATIVE_PAYMENT_METHOD,1
7951.47,3,NETWORK_ERROR,MEDIUM,SEND_REMINDER,0
19198.01,3,NETWORK_ERROR,CRITICAL,ESCALATE_TO_HUMAN,1
16016.42,2,INSUFFICIENT_FUNDS,CRITICAL,STOP,0
14863.67,4,TIMEOUT,LOW,WAIT_AND_RETRY,0
2609.86,3,UNKNOWN,LOW,SEND_REMINDER,1
16613.73,4,UNKNOWN,LOW,ESCALATE_TO_HUMAN,0
5716.25,1,DECLINED,MEDIUM,STOP,0
10273.67,2,INSUFFICIENT_FUNDS,LOW,OFFER_ALTERNATIVE_PAYMENT_METHOD,0
5022.35,4,TIMEOUT,CRITICAL,WAIT_AND_RETRY,0
10096.45,2,TIMEOUT,MEDIUM,SEND_REMINDER,1
8085.53,3,TIMEOUT,MEDIUM,ESCALATE_TO_HUMAN,1
4072.91,1,DECLINED,CRITICAL,STOP,0
12702.87,2,TIMEOUT,HIGH,ESCALATE_TO_HUMAN,1
10246.29,1,INSUFFICIENT_FUNDS,LOW,OFFER_ALTERNATIVE_PAYMENT_METHOD,1
18865.68,4,TIMEOUT,HIGH,WAIT_AND_RETRY,1
110.66,3,TIMEOUT,HIGH,ESCALATE_TO_HUMAN,1
12169.78,4,TIMEOUT,HIGH,ESCALATE_TO_HUMAN,1
6156.7,1,NETWORK_ERROR,MEDIUM,OFFER_ALTERNATIVE_PAYMENT_METHOD,1
16219.7,5,UNKNOWN,HIGH,SEND_REMINDER,0
4279.66,4,NETWORK_ERROR,LOW,SEND_REMINDER,0
12076.52,1,UNKNOWN,MEDIUM,SEND_REMINDER,0
18517.46,1,UNKNOWN,HIGH,OFFER_ALTERNATIVE_PAYMENT_METHOD,0
19793.93,2,UNKNOWN,MEDIUM,WAIT_AND_RETRY,1
8422.43,3,UNKNOWN,HIGH,OFFER_ALTERNATIVE_PAYMENT_METHOD,1
14374.78,4,NETWORK_ERROR,CRITICAL,ESCALATE_TO_HUMAN,0
19053.64,1,TIMEOUT,HIGH,SEND_REMINDER,1
19120.48,1,TIMEOUT,CRITICAL,ESCALATE_TO_HUMAN,1
17418.09,1,TIMEOUT,CRITICAL,STOP,1
15609.51,4,UNKNOWN,HIGH,SEND_REMINDER,0
3284.06,2,UNKNOWN,LOW,STOP,0
14184.31,5,INSUFFICIENT_FUNDS,HIGH,SEND_REMINDER,0
5443.44,1,TIMEOUT,MEDIUM,WAIT_AND_RETRY,1
5907.68,2,INSUFFICIENT_FUNDS,MEDIUM,OFFER_ALTERNATIVE_PAYMENT_METHOD,0
1125.25,2,TIMEOUT,LOW,WAIT_AND_RETRY,1
12690.39,3,INSUFFICIENT_FUNDS,LOW,STOP,0
2758.87,5,INSUFFICIENT_FUNDS,HIGH,WAIT_AND_RETRY,0
307.12,3,TIMEOUT,HIGH,SEND_REMINDER,1
411.21,5,NETWORK_ERROR,CRITICAL,OFFER_ALTERNATIVE_PAYMENT_METHOD,0
12722.68,5,TIMEOUT,CRITICAL,SEND_REMINDER,1
4157.98,4,TIMEOUT,CRITICAL,SEND_REMINDER,0
8734.68,2,DECLINED,LOW,ESCALATE_TO_HUMAN,1
3782.06,2,TIMEOUT,CRITICAL,SEND_REMINDER,1
518.84,2,TIMEOUT,CRITICAL,STOP,1
2956.09,4,TIMEOUT,CRITICAL,ESCALATE_TO_HUMAN,1
10582.89,1,UNKNOWN,LOW,ESCALATE_TO_HUMAN,1
2289.71,1,NETWORK_ERROR,MEDIUM,SEND_REMINDER,1
5426.36,5,NETWORK_ERROR,LOW,WAIT_AND_RETRY,1
16383.28,1,TIMEOUT,MEDIUM,ESCALATE_TO_HUMAN,0
17858.57,2,INSUFFICIENT_FUNDS,HIGH,ESCALATE_TO_HUMAN,1
1211.92,3,UNKNOWN,LOW,WAIT_AND_RETRY,0
2146.02,3,NETWORK_ERROR,CRITICAL,SEND_REMINDER,1
4563.82,2,DECLINED,CRITICAL,SEND_REMINDER,0
5808.24,4,NETWORK_ERROR,CRITICAL,SEND_REMINDER,0
4568.0,3,INSUFFICIENT_FUNDS,LOW,STOP,0
7273.82,1,NETWORK_ERROR,MEDIUM,SEND_REMINDER,1
6763.4,2,DECLINED,MEDIUM,OFFER_ALTERNATIVE_PAYMENT_METHOD,0
5811.41,1,INSUFFICIENT_FUNDS,CRITICAL,OFFER_ALTERNATIVE_PAYMENT_METHOD,0
16233.32,1,NETWORK_ERROR,MEDIUM,SEND_REMINDER,1
7872.93,4,NETWORK_ERROR,LOW,STOP,0
14561.48,2,NETWORK_ERROR,HIGH,SEND_REMINDER,1
7761.85,3,DECLINED,CRITICAL,ESCALATE_TO_HUMAN,0
8337.49,3,TIMEOUT,MEDIUM,ESCALATE_TO_HUMAN,1
9992.34,5,DECLINED,MEDIUM,ESCALATE_TO_HUMAN,0
14326.93,5,UNKNOWN,MEDIUM,WAIT_AND_RETRY,1
157.04,1,INSUFFICIENT_FUNDS,CRITICAL,SEND_REMINDER,0
1285.59,3,INSUFFICIENT_FUNDS,MEDIUM,OFFER_ALTERNATIVE_PAYMENT_METHOD,1
16721.52,5,DECLINED,MEDIUM,SEND_REMINDER,0
1211.73,2,NETWORK_ERROR,MEDIUM,ESCALATE_TO_HUMAN,1
13952.84,4,INSUFFICIENT_FUNDS,LOW,WAIT_AND_RETRY,0
1568.03,5,TIMEOUT,LOW,SEND_REMINDER,1
1671.97,1,NETWORK_ERROR,CRITICAL,SEND_REMINDER,1
9448.32,2,UNKNOWN,HIGH,ESCALATE_TO_HUMAN,1
6813.01,1,INSUFFICIENT_FUNDS,LOW,SEND_REMINDER,1
12884.84,5,TIMEOUT,MEDIUM,WAIT_AND_RETRY,1
8530.05,4,UNKNOWN,HIGH,STOP,0
14216.12,4,TIMEOUT,HIGH,WAIT_AND_RETRY,0
19560.73,2,TIMEOUT,CRITICAL,STOP,1
7906.59,5,UNKNOWN,LOW,ESCALATE_TO_HUMAN,0
13088.73,4,DECLINED,MEDIUM,WAIT_AND_RETRY,0
12968.28,2,INSUFFICIENT_FUNDS,LOW,WAIT_AND_RETRY,1
12103.48,3,NETWORK_ERROR,MEDIUM,OFFER_ALTERNATIVE_PAYMENT_METHOD,1
2218.64,2,UNKNOWN,LOW,OFFER_ALTERNATIVE_PAYMENT_METHOD,1
4114.35,1,TIMEOUT,HIGH,WAIT_AND_RETRY,0
11339.46,5,DECLINED,LOW,WAIT_AND_RETRY,0
18875.83,1,INSUFFICIENT_FUNDS,HIGH,ESCALATE_TO_HUMAN,1
6358.0,4,INSUFFICIENT_FUNDS,MEDIUM,WAIT_AND_RETRY,1
17940.57,5,NETWORK_ERROR,MEDIUM,WAIT_AND_RETRY,0
7704.02,5,NETWORK_ERROR,HIGH,SEND_REMINDER,1
9315.81,1,TIMEOUT,MEDIUM,SEND_REMINDER,1
3304.84,5,UNKNOWN,HIGH,ESCALATE_TO_HUMAN,0
6846.51,3,UNKNOWN,CRITICAL,WAIT_AND_RETRY,0
15506.08,4,TIMEOUT,MEDIUM,STOP,0
19164.51,5,DECLINED,LOW,WAIT_AND_RETRY,0
17422.1,5,NETWORK_ERROR,CRITICAL,WAIT_AND_RETRY,1
3477.38,3,TIMEOUT,LOW,OFFER_ALTERNATIVE_PAYMENT_METHOD,1
7132.03,1,TIMEOUT,CRITICAL,OFFER_ALTERNATIVE_PAYMENT_METHOD,0
19571.83,4,TIMEOUT,LOW,STOP,0
7333.09,3,DECLINED,CRITICAL,STOP,0
2666.79,3,UNKNOWN,HIGH,OFFER_ALTERNATIVE_PAYMENT_METHOD,1
8322.57,4,INSUFFICIENT_FUNDS,LOW,STOP,0
1235.47,2,UNKNOWN,LOW,SEND_REMINDER,0
5884.15,2,UNKNOWN,CRITICAL,WAIT_AND_RETRY,1
17495.76,1,INSUFFICIENT_FUNDS,CRITICAL,ESCALATE_TO_HUMAN,0
18012.52,4,NETWORK_ERROR,LOW,SEND_REMINDER,0
18357.46,4,DECLINED,MEDIUM,ESCALATE_TO_HUMAN,0
6413.97,5,DECLINED,MEDIUM,ESCALATE_TO_HUMAN,0
9146.12,5,TIMEOUT,CRITICAL,SEND_REMINDER,0
6471.71,1,UNKNOWN,CRITICAL,WAIT_AND_RETRY,0
7293.71,4,DECLINED,MEDIUM,WAIT_AND_RETRY,0
556.56,4,INSUFFICIENT_FUNDS,HIGH,SEND_REMINDER,1
1478.26,4,NETWORK_ERROR,HIGH,ESCALATE_TO_HUMAN,0
10543.08,3,TIMEOUT,LOW,WAIT_AND_RETRY,0
8627.83,3,TIMEOUT,MEDIUM,OFFER_ALTERNATIVE_PAYMENT_METHOD,0
9684.34,5,TIMEOUT,CRITICAL,OFFER_ALTERNATIVE_PAYMENT_METHOD,0
11449.31,1,UNKNOWN,MEDIUM,WAIT_AND_RETRY,0
11611.94,2,INSUFFICIENT_FUNDS,HIGH,WAIT_AND_RETRY,1
9227.32,2,DECLINED,HIGH,WAIT_AND_RETRY,0
13511.51,3,UNKNOWN,LOW,ESCALATE_TO_HUMAN,0
17159.61,4,UNKNOWN,LOW,WAIT_AND_RETRY,1
19582.74,4,UNKNOWN,MEDIUM,STOP,0
7026.9,2,UNKNOWN,LOW,OFFER_ALTERNATIVE_PAYMENT_METHOD,0
422.21,3,UNKNOWN,LOW,ESCALATE_TO_HUMAN,0
9174.35,4,INSUFFICIENT_FUNDS,HIGH,STOP,0
19484.0,3,NETWORK_ERROR,MEDIUM,ESCALATE_TO_HUMAN,1
3620.21,5,TIMEOUT,CRITICAL,ESCALATE_TO_HUMAN,1
13226.15,4,INSUFFICIENT_FUNDS,LOW,WAIT_AND_RETRY,0
2165.86,1,UNKNOWN,CRITICAL,WAIT_AND_RETRY,1
15059.36,5,NETWORK_ERROR,CRITICAL,STOP,0
749.45,3,DECLINED,MEDIUM,SEND_REMINDER,0
11076.6,1,TIMEOUT,CRITICAL,WAIT_AND_RETRY,1
15895.65,4,DECLINED,CRITICAL,WAIT_AND_RETRY,0
15665.7,5,INSUFFICIENT_FUNDS,HIGH,OFFER_ALTERNATIVE_PAYMENT_METHOD,0
18063.19,4,TIMEOUT,LOW,ESCALATE_TO_HUMAN,1
622.31,3,UNKNOWN,HIGH,OFFER_ALTERNATIVE_PAYMENT_METHOD,1
11486.53,4,TIMEOUT,CRITICAL,SEND_REMINDER,0
7927.02,1,UNKNOWN,CRITICAL,SEND_REMINDER,0
7869.19,2,DECLINED,HIGH,STOP,0
4696.29,2,UNKNOWN,LOW,STOP,0
16876.31,3,UNKNOWN,MEDIUM,OFFER_ALTERNATIVE_PAYMENT_METHOD,1
1955.98,4,NETWORK_ERROR,MEDIUM,WAIT_AND_RETRY,0
10919.08,1,UNKNOWN,CRITICAL,WAIT_AND_RETRY,0
2697.91,4,INSUFFICIENT_FUNDS,MEDIUM,SEND_REMINDER,0
4512.93,2,UNKNOWN,MEDIUM,ESCALATE_TO_HUMAN,0
13219.23,3,NETWORK_ERROR,MEDIUM,WAIT_AND_RETRY,1
11629.16,1,NETWORK_ERROR,CRITICAL,STOP,1
2922.52,3,TIMEOUT,LOW,WAIT_AND_RETRY,1
7291.81,2,DECLINED,LOW,ESCALATE_TO_HUMAN,0
8333.53,4,NETWORK_ERROR,MEDIUM,ESCALATE_TO_HUMAN,1
6340.34,4,TIMEOUT,MEDIUM,OFFER_ALTERNATIVE_PAYMENT_METHOD,1
3655.67,5,UNKNOWN,LOW,WAIT_AND_RETRY,0
19875.42,4,UNKNOWN,LOW,SEND_REMINDER,0
5164.57,1,TIMEOUT,LOW,STOP,1
10283.72,2,TIMEOUT,HIGH,WAIT_AND_RETRY,0
687.0,2,TIMEOUT,LOW,SEND_REMINDER,1
9683.34,1,INSUFFICIENT_FUNDS,HIGH,ESCALATE_TO_HUMAN,0
9966.45,5,DECLINED,MEDIUM,OFFER_ALTERNATIVE_PAYMENT_METHOD,0
13772.44,3,DECLINED,LOW,STOP,0
11792.82,2,TIMEOUT,CRITICAL,ESCALATE_TO_HUMAN,0
8532.37,3,INSUFFICIENT_FUNDS,LOW,STOP,0
4074.44,3,INSUFFICIENT_FUNDS,LOW,ESCALATE_TO_HUMAN,1
771.82,5,INSUFFICIENT_FUNDS,CRITICAL,OFFER_ALTERNATIVE_PAYMENT_METHOD,0
17557.32,5,INSUFFICIENT_FUNDS,CRITICAL,WAIT_AND_RETRY,1
16199.91,4,TIMEOUT,HIGH,SEND_REMINDER,1
13173.4,3,TIMEOUT,HIGH,WAIT_AND_RETRY,1
13797.02,3,TIMEOUT,CRITICAL,STOP,0
17985.01,5,NETWORK_ERROR,CRITICAL,OFFER_ALTERNATIVE_PAYMENT_METHOD,0
10592.52,1,UNKNOWN,HIGH,STOP,0
16167.79,1,UNKNOWN,CRITICAL,ESCALATE_TO_HUMAN,1
6470.42,2,NETWORK_ERROR,CRITICAL,ESCALATE_TO_HUMAN,1
5560.87,1,NETWORK_ERROR,CRITICAL,SEND_REMINDER,1
11864.3,2,UNKNOWN,LOW,OFFER_ALTERNATIVE_PAYMENT_METHOD,1
15687.78,5,NETWORK_ERROR,CRITICAL,OFFER_ALTERNATIVE_PAYMENT_METHOD,1
19340.39,1,UNKNOWN,LOW,OFFER_ALTERNATIVE_PAYMENT_METHOD,0
1482.14,1,DECLINED,HIGH,OFFER_ALTERNATIVE_PAYMENT_METHOD,1
6981.91,1,UNKNOWN,HIGH,ESCALATE_TO_HUMAN,0
7927.22,4,DECLINED,LOW,OFFER_ALTERNATIVE_PAYMENT_METHOD,0
2144.6,2,NETWORK_ERROR,LOW,SEND_REMINDER,1
6524.89,4,TIMEOUT,MEDIUM,WAIT_AND_RETRY,1
18055.3,3,UNKNOWN,LOW,WAIT_AND_RETRY,1
15720.39,1,NETWORK_ERROR,HIGH,WAIT_AND_RETRY,1
13789.64,4,INSUFFICIENT_FUNDS,MEDIUM,SEND_REMINDER,0
2486.04,3,TIMEOUT,CRITICAL,ESCALATE_TO_HUMAN,1
10483.1,2,UNKNOWN,CRITICAL,ESCALATE_TO_HUMAN,0
6506.04,4,TIMEOUT,LOW,OFFER_ALTERNATIVE_PAYMENT_METHOD,0
14256.49,3,UNKNOWN,MEDIUM,SEND_REMINDER,0
1595.37,4,NETWORK_ERROR,MEDIUM,WAIT_AND_RETRY,0
9416.19,4,TIMEOUT,CRITICAL,WAIT_AND_RETRY,1
16298.51,5,UNKNOWN,HIGH,OFFER_ALTERNATIVE_PAYMENT_METHOD,0
13140.26,5,NETWORK_ERROR,MEDIUM,SEND_REMINDER,0
7772.96,4,UNKNOWN,MEDIUM,ESCALATE_TO_HUMAN,1
5628.98,2,INSUFFICIENT_FUNDS,LOW,SEND_REMINDER,1
2232.75,1,TIMEOUT,LOW,ESCALATE_TO_HUMAN,1
668.87,5,DECLINED,HIGH,OFFER_ALTERNATIVE_PAYMENT_METHOD,0
11051.05,3,DECLINED,MEDIUM,SEND_REMINDER,0
8673.88,3,NETWORK_ERROR,CRITICAL,OFFER_ALTERNATIVE_PAYMENT_METHOD,1
1077.77,4,DECLINED,MEDIUM,OFFER_ALTERNATIVE_PAYMENT_METHOD,0
3615.24,3,UNKNOWN,CRITICAL,STOP,0
13655.09,2,NETWORK_ERROR,MEDIUM,WAIT_AND_RETRY,1
810.19,3,TIMEOUT,LOW,STOP,1
4606.65,5,DECLINED,CRITICAL,ESCALATE_TO_HUMAN,0
14705.1,3,DECLINED,MEDIUM,SEND_REMINDER,0
7017.9,3,UNKNOWN,HIGH,WAIT_AND_RETRY,1
10114.48,5,DECLINED,HIGH,SEND_REMINDER,0
13660.71,2,TIMEOUT,HIGH,ESCALATE_TO_HUMAN,1
353.42,4,DECLINED,HIGH,WAIT_AND_RETRY,0
5350.26,1,TIMEOUT,LOW,STOP,1
9529.22,1,DECLINED,MEDIUM,ESCALATE_TO_HUMAN,1
16396.64,5,INSUFFICIENT_FUNDS,MEDIUM,STOP,0
15124.35,1,NETWORK_ERROR,HIGH,OFFER_ALTERNATIVE_PAYMENT_METHOD,1
14722.82,5,INSUFFICIENT_FUNDS,CRITICAL,OFFER_ALTERNATIVE_PAYMENT_METHOD,0
369.86,3,INSUFFICIENT_FUNDS,HIGH,STOP,0
17153.43,5,DECLINED,LOW,OFFER_ALTERNATIVE_PAYMENT_METHOD,0
14591.49,1,TIMEOUT,CRITICAL,SEND_REMINDER,1
2918.5,4,NETWORK_ERROR,MEDIUM,STOP,0
19468.48,3,TIMEOUT,LOW,SEND_REMINDER,0
7617.79,1,INSUFFICIENT_FUNDS,CRITICAL,STOP,1
18215.51,3,INSUFFICIENT_FUNDS,CRITICAL,STOP,0
19879.48,3,TIMEOUT,LOW,STOP,0
6931.16,5,NETWORK_ERROR,CRITICAL,ESCALATE_TO_HUMAN,0
15871.26,3,INSUFFICIENT_FUNDS,LOW,WAIT_AND_RETRY,1
13741.98,4,TIMEOUT,HIGH,STOP,0
3335.88,4,INSUFFICIENT_FUNDS,LOW,OFFER_ALTERNATIVE_PAYMENT_METHOD,1
914.97,3,UNKNOWN,LOW,WAIT_AND_RETRY,1
201.3,3,NETWORK_ERROR,LOW,OFFER_ALTERNATIVE_PAYMENT_METHOD,1
17586.57,5,UNKNOWN,MEDIUM,WAIT_AND_RETRY,0
2938.62,2,DECLINED,LOW,OFFER_ALTERNATIVE_PAYMENT_METHOD,1
9516.24,3,TIMEOUT,CRITICAL,ESCALATE_TO_HUMAN,1
18092.84,3,INSUFFICIENT_FUNDS,HIGH,SEND_REMINDER,0
13610.57,3,UNKNOWN,MEDIUM,SEND_REMINDER,1
8384.61,2,INSUFFICIENT_FUNDS,HIGH,WAIT_AND_RETRY,1
18549.66,4,UNKNOWN,MEDIUM,ESCALATE_TO_HUMAN,0
16693.66,1,TIMEOUT,CRITICAL,OFFER_ALTERNATIVE_PAYMENT_METHOD,1
13734.75,3,DECLINED,HIGH,ESCALATE_TO_HUMAN,0
19232.79,4,NETWORK_ERROR,LOW,ESCALATE_TO_HUMAN,1
2897.65,3,TIMEOUT,HIGH,SEND_REMINDER,1
18008.26,3,NETWORK_ERROR,CRITICAL,SEND_REMINDER,1
218.46,5,DECLINED,LOW,WAIT_AND_RETRY,1
16614.9,1,INSUFFICIENT_FUNDS,LOW,OFFER_ALTERNATIVE_PAYMENT_METHOD,1
13842.8,1,NETWORK_ERROR,LOW,SEND_REMINDER,1
11284.78,4,TIMEOUT,MEDIUM,SEND_REMINDER,1
6286.73,1,DECLINED,MEDIUM,WAIT_AND_RETRY,1
3145.14,1,UNKNOWN,LOW,SEND_REMINDER,1
9527.47,5,DECLINED,CRITICAL,WAIT_AND_RETRY,0
6068.48,4,TIMEOUT,MEDIUM,STOP,0
12293.93,4,UNKNOWN,LOW,ESCALATE_TO_HUMAN,1
530.99,2,TIMEOUT,MEDIUM,STOP,0
10978.95,4,DECLINED,HIGH,OFFER_ALTERNATIVE_PAYMENT_METHOD,0
19185.92,4,INSUFFICIENT_FUNDS,HIGH,ESCALATE_TO_HUMAN,0
16017.12,4,DECLINED,CRITICAL,SEND_REMINDER,1
9195.94,5,DECLINED,LOW,STOP,0
12937.67,5,DECLINED,LOW,OFFER_ALTERNATIVE_PAYMENT_METHOD,0
9411.35,4,INSUFFICIENT_FUNDS,LOW,SEND_REMINDER,0
17131.21,5,TIMEOUT,HIGH,STOP,0
1349.04,2,INSUFFICIENT_FUNDS,HIGH,ESCALATE_TO_HUMAN,0
15755.27,3,INSUFFICIENT_FUNDS,CRITICAL,WAIT_AND_RETRY,0
12938.17,4,DECLINED,MEDIUM,STOP,0
10188.91,5,INSUFFICIENT_FUNDS,MEDIUM,OFFER_ALTERNATIVE_PAYMENT_METHOD,0
11656.42,5,UNKNOWN,CRITICAL,WAIT_AND_RETRY,1
17055.42,2,TIMEOUT,LOW,WAIT_AND_RETRY,1
13618.51,3,TIMEOUT,MEDIUM,WAIT_AND_RETRY,0
3562.56,4,DECLINED,LOW,WAIT_AND_RETRY,0
2378.03,1,DECLINED,HIGH,STOP,0
686.24,2,INSUFFICIENT_FUNDS,LOW,ESCALATE_TO_HUMAN,1
19778.53,5,UNKNOWN,MEDIUM,SEND_REMINDER,0
8806.55,3,TIMEOUT,MEDIUM,SEND_REMINDER,1
10617.74,2,NETWORK_ERROR,LOW,WAIT_AND_RETRY,1
16219.18,1,INSUFFICIENT_FUNDS,CRITICAL,STOP,0
1532.11,2,UNKNOWN,CRITICAL,SEND_REMINDER,0
11450.36,4,UNKNOWN,HIGH,OFFER_ALTERNATIVE_PAYMENT_METHOD,0
11218.08,2,NETWORK_ERROR,CRITICAL,ESCALATE_TO_HUMAN,1
17492.14,5,NETWORK_ERROR,MEDIUM,STOP,0
2446.76,2,NETWORK_ERROR,HIGH,WAIT_AND_RETRY,1
18818.29,3,DECLINED,HIGH,WAIT_AND_RETRY,0
3241.47,3,NETWORK_ERROR,MEDIUM,STOP,0
10050.94,4,UNKNOWN,LOW,STOP,0
2306.4,4,INSUFFICIENT_FUNDS,LOW,WAIT_AND_RETRY,1
5291.53,3,NETWORK_ERROR,MEDIUM,SEND_REMINDER,1
14704.07,1,TIMEOUT,CRITICAL,WAIT_AND_RETRY,1
11320.74,5,NETWORK_ERROR,HIGH,WAIT_AND_RETRY,0
12003.14,5,NETWORK_ERROR,CRITICAL,SEND_REMINDER,1
930.65,1,DECLINED,MEDIUM,OFFER_ALTERNATIVE_PAYMENT_METHOD,1
6138.03,2,NETWORK_ERROR,LOW,WAIT_AND_RETRY,1
16246.13,5,UNKNOWN,CRITICAL,WAIT_AND_RETRY,0
1137.59,4,TIMEOUT,CRITICAL,ESCALATE_TO_HUMAN,0
2400.11,1,UNKNOWN,HIGH,OFFER_ALTERNATIVE_PAYMENT_METHOD,1
8786.84,1,TIMEOUT,MEDIUM,WAIT_AND_RETRY,1
4619.81,5,UNKNOWN,LOW,WAIT_AND_RETRY,0
5073.46,1,NETWORK_ERROR,LOW,SEND_REMINDER,1
5723.66,3,INSUFFICIENT_FUNDS,MEDIUM,OFFER_ALTERNATIVE_PAYMENT_METHOD,1
8016.59,1,NETWORK_ERROR,LOW,OFFER_ALTERNATIVE_PAYMENT_METHOD,0
4196.63,3,TIMEOUT,CRITICAL,OFFER_ALTERNATIVE_PAYMENT_METHOD,0
15626.15,3,TIMEOUT,HIGH,OFFER_ALTERNATIVE_PAYMENT_METHOD,1
10118.56,1,INSUFFICIENT_FUNDS,CRITICAL,STOP,0
1661.08,2,UNKNOWN,MEDIUM,OFFER_ALTERNATIVE_PAYMENT_METHOD,0
4294.32,3,TIMEOUT,LOW,SEND_REMINDER,1
13033.17,4,NETWORK_ERROR,LOW,ESCALATE_TO_HUMAN,0
5478.94,5,DECLINED,HIGH,WAIT_AND_RETRY,1
17106.03,4,DECLINED,LOW,ESCALATE_TO_HUMAN,0
983.87,2,DECLINED,MEDIUM,ESCALATE_TO_HUMAN,0
13242.01,1,UNKNOWN,HIGH,WAIT_AND_RETRY,0
15114.11,3,INSUFFICIENT_FUNDS,MEDIUM,WAIT_AND_RETRY,1
16601.87,4,DECLINED,LOW,WAIT_AND_RETRY,0
19054.22,3,UNKNOWN,CRITICAL,ESCALATE_TO_HUMAN,0
11409.23,5,INSUFFICIENT_FUNDS,MEDIUM,ESCALATE_TO_HUMAN,0
19853.0,2,TIMEOUT,LOW,OFFER_ALTERNATIVE_PAYMENT_METHOD,0
19024.25,1,TIMEOUT,HIGH,OFFER_ALTERNATIVE_PAYMENT_METHOD,1
868.26,3,INSUFFICIENT_FUNDS,HIGH,OFFER_ALTERNATIVE_PAYMENT_METHOD,0
16224.16,5,NETWORK_ERROR,LOW,OFFER_ALTERNATIVE_PAYMENT_METHOD,0
6487.69,3,TIMEOUT,CRITICAL,ESCALATE_TO_HUMAN,1
276.53,1,INSUFFICIENT_FUNDS,CRITICAL,STOP,1
1265.84,1,INSUFFICIENT_FUNDS,HIGH,WAIT_AND_RETRY,1
5234.34,3,INSUFFICIENT_FUNDS,CRITICAL,SEND_REMINDER,1
3572.46,5,NETWORK_ERROR,MEDIUM,WAIT_AND_RETRY,0
3766.68,5,DECLINED,HIGH,WAIT_AND_RETRY,0
4636.25,3,INSUFFICIENT_FUNDS,LOW,OFFER_ALTERNATIVE_PAYMENT_METHOD,1
990.19,2,INSUFFICIENT_FUNDS,LOW,WAIT_AND_RETRY,1
2352.33,1,TIMEOUT,MEDIUM,OFFER_ALTERNATIVE_PAYMENT_METHOD,1
16599.84,4,NETWORK_ERROR,CRITICAL,OFFER_ALTERNATIVE_PAYMENT_METHOD,1
6598.16,3,INSUFFICIENT_FUNDS,CRITICAL,OFFER_ALTERNATIVE_PAYMENT_METHOD,1
19472.67,5,NETWORK_ERROR,MEDIUM,OFFER_ALTERNATIVE_PAYMENT_METHOD,1
18613.14,5,NETWORK_ERROR,LOW,STOP,0
6330.8,5,UNKNOWN,HIGH,SEND_REMINDER,0
11695.46,2,DECLINED,LOW,WAIT_AND_RETRY,0
19847.16,5,UNKNOWN,CRITICAL,STOP,0
16967.14,5,NETWORK_ERROR,CRITICAL,STOP,0
6407.09,2,UNKNOWN,HIGH,SEND_REMINDER,1
16000.22,3,TIMEOUT,CRITICAL,OFFER_ALTERNATIVE_PAYMENT_METHOD,0
2396.8,2,DECLINED,CRITICAL,OFFER_ALTERNATIVE_PAYMENT_METHOD,1
11253.1,1,INSUFFICIENT_FUNDS,CRITICAL,STOP,1
15747.45,2,UNKNOWN,MEDIUM,STOP,0
18194.39,5,TIMEOUT,HIGH,OFFER_ALTERNATIVE_PAYMENT_METHOD,1
2447.48,4,DECLINED,MEDIUM,STOP,0
17640.68,2,TIMEOUT,CRITICAL,WAIT_AND_RETRY,1
8430.65,5,DECLINED,LOW,SEND_REMINDER,0
16693.79,1,TIMEOUT,LOW,SEND_REMINDER,1
10633.26,4,DECLINED,HIGH,SEND_REMINDER,0
11183.12,3,NETWORK_ERROR,HIGH,OFFER_ALTERNATIVE_PAYMENT_METHOD,1
12370.93,1,NETWORK_ERROR,HIGH,ESCALATE_TO_HUMAN,0
12653.56,4,INSUFFICIENT_FUNDS,CRITICAL,SEND_REMINDER,0
14501.78,5,UNKNOWN,LOW,SEND_REMINDER,0
11911.71,3,DECLINED,CRITICAL,OFFER_ALTERNATIVE_PAYMENT_METHOD,0
10222.48,5,INSUFFICIENT_FUNDS,LOW,SEND_REMINDER,0
6888.23,5,UNKNOWN,CRITICAL,OFFER_ALTERNATIVE_PAYMENT_METHOD,0
6439.71,2,TIMEOUT,LOW,SEND_REMINDER,1
5637.3,5,INSUFFICIENT_FUNDS,LOW,OFFER_ALTERNATIVE_PAYMENT_METHOD,1
2459.17,3,DECLINED,CRITICAL,SEND_REMINDER,0
5840.73,3,UNKNOWN,LOW,SEND_REMINDER,0
2905.96,2,UNKNOWN,MEDIUM,WAIT_AND_RETRY,0
890.93,5,UNKNOWN,MEDIUM,WAIT_AND_RETRY,0
16465.72,3,TIMEOUT,HIGH,STOP,0
8952.01,2,DECLINED,HIGH,WAIT_AND_RETRY,0
18391.76,1,DECLINED,CRITICAL,ESCALATE_TO_HUMAN,1
17303.6,3,NETWORK_ERROR,HIGH,WAIT_AND_RETRY,1
4526.59,1,INSUFFICIENT_FUNDS,MEDIUM,STOP,1
9123.93,5,NETWORK_ERROR,HIGH,WAIT_AND_RETRY,1
18654.12,5,INSUFFICIENT_FUNDS,MEDIUM,STOP,0
17563.71,1,NETWORK_ERROR,MEDIUM,SEND_REMINDER,1
17455.08,2,TIMEOUT,HIGH,ESCALATE_TO_HUMAN,1
16295.99,4,INSUFFICIENT_FUNDS,MEDIUM,SEND_REMINDER,0
1865.36,5,TIMEOUT,LOW,ESCALATE_TO_HUMAN,1
11198.97,2,TIMEOUT,LOW,ESCALATE_TO_HUMAN,0
12306.23,5,TIMEOUT,HIGH,ESCALATE_TO_HUMAN,0
19091.27,3,TIMEOUT,HIGH,ESCALATE_TO_HUMAN,1
12637.55,5,INSUFFICIENT_FUNDS,CRITICAL,OFFER_ALTERNATIVE_PAYMENT_METHOD,1
2336.11,3,DECLINED,CRITICAL,OFFER_ALTERNATIVE_PAYMENT_METHOD,1
8554.82,2,DECLINED,HIGH,WAIT_AND_RETRY,1
8021.98,2,DECLINED,CRITICAL,STOP,0
4773.71,3,INSUFFICIENT_FUNDS,MEDIUM,ESCALATE_TO_HUMAN,1
15458.79,3,INSUFFICIENT_FUNDS,CRITICAL,ESCALATE_TO_HUMAN,0
8561.47,3,NETWORK_ERROR,HIGH,ESCALATE_TO_HUMAN,1
6862.85,1,INSUFFICIENT_FUNDS,CRITICAL,ESCALATE_TO_HUMAN,1
17524.88,5,TIMEOUT,LOW,STOP,0
2671.39,5,NETWORK_ERROR,LOW,ESCALATE_TO_HUMAN,1
14124.14,3,UNKNOWN,LOW,WAIT_AND_RETRY,0
7305.75,2,TIMEOUT,CRITICAL,SEND_REMINDER,1
3311.94,3,INSUFFICIENT_FUNDS,CRITICAL,SEND_REMINDER,0
5049.2,1,NETWORK_ERROR,LOW,STOP,1
8018.95,4,NETWORK_ERROR,MEDIUM,OFFER_ALTERNATIVE_PAYMENT_METHOD,1
4677.1,2,NETWORK_ERROR,HIGH,WAIT_AND_RETRY,1
7619.35,4,TIMEOUT,HIGH,WAIT_AND_RETRY,1
10139.74,4,NETWORK_ERROR,LOW,STOP,0
3121.77,5,DECLINED,MEDIUM,STOP,0
15716.96,4,UNKNOWN,LOW,OFFER_ALTERNATIVE_PAYMENT_METHOD,0
4133.07,3,UNKNOWN,CRITICAL,ESCALATE_TO_HUMAN,1
1951.94,4,UNKNOWN,HIGH,ESCALATE_TO_HUMAN,0
14087.3,5,TIMEOUT,CRITICAL,WAIT_AND_RETRY,0
14578.39,3,UNKNOWN,LOW,ESCALATE_TO_HUMAN,1
19506.29,4,TIMEOUT,CRITICAL,OFFER_ALTERNATIVE_PAYMENT_METHOD,0
2268.07,3,INSUFFICIENT_FUNDS,MEDIUM,WAIT_AND_RETRY,1
3468.19,4,UNKNOWN,MEDIUM,WAIT_AND_RETRY,1
12368.12,4,UNKNOWN,MEDIUM,WAIT_AND_RETRY,0
5115.27,3,INSUFFICIENT_FUNDS,MEDIUM,WAIT_AND_RETRY,1
11349.72,4,NETWORK_ERROR,HIGH,SEND_REMINDER,0
15914.45,5,DECLINED,HIGH,SEND_REMINDER,0
14206.48,5,UNKNOWN,LOW,WAIT_AND_RETRY,0
1642.34,2,NETWORK_ERROR,MEDIUM,STOP,0
3407.32,4,NETWORK_ERROR,LOW,ESCALATE_TO_HUMAN,1
12560.68,5,DECLINED,MEDIUM,STOP,0
284.24,1,DECLINED,HIGH,OFFER_ALTERNATIVE_PAYMENT_METHOD,0
12340.5,3,UNKNOWN,MEDIUM,SEND_REMINDER,1
13731.98,5,INSUFFICIENT_FUNDS,HIGH,ESCALATE_TO_HUMAN,0
18730.43,2,TIMEOUT,CRITICAL,WAIT_AND_RETRY,1
3666.59,4,NETWORK_ERROR,LOW,OFFER_ALTERNATIVE_PAYMENT_METHOD,0
4065.43,1,UNKNOWN,CRITICAL,OFFER_ALTERNATIVE_PAYMENT_METHOD,1
12536.96,5,TIMEOUT,LOW,OFFER_ALTERNATIVE_PAYMENT_METHOD,0
17678.53,3,NETWORK_ERROR,MEDIUM,OFFER_ALTERNATIVE_PAYMENT_METHOD,1
18239.06,4,UNKNOWN,HIGH,OFFER_ALTERNATIVE_PAYMENT_METHOD,0
8125.04,3,UNKNOWN,MEDIUM,WAIT_AND_RETRY,0
2149.23,2,INSUFFICIENT_FUNDS,MEDIUM,OFFER_ALTERNATIVE_PAYMENT_METHOD,1
2621.41,5,UNKNOWN,CRITICAL,OFFER_ALTERNATIVE_PAYMENT_METHOD,0
17082.66,5,INSUFFICIENT_FUNDS,CRITICAL,SEND_REMINDER,1
15688.96,2,NETWORK_ERROR,MEDIUM,SEND_REMINDER,1
17504.82,3,NETWORK_ERROR,LOW,SEND_REMINDER,1
8849.81,4,INSUFFICIENT_FUNDS,HIGH,STOP,0
4891.38,4,DECLINED,CRITICAL,ESCALATE_TO_HUMAN,0
16789.12,3,UNKNOWN,LOW,STOP,0
19111.67,3,TIMEOUT,CRITICAL,STOP,0
13932.49,3,NETWORK_ERROR,CRITICAL,OFFER_ALTERNATIVE_PAYMENT_METHOD,1
17336.15,4,INSUFFICIENT_FUNDS,CRITICAL,SEND_REMINDER,0
17538.27,2,DECLINED,HIGH,SEND_REMINDER,0
19909.22,2,DECLINED,HIGH,STOP,0
11765.15,3,NETWORK_ERROR,HIGH,OFFER_ALTERNATIVE_PAYMENT_METHOD,1
358.59,3,NETWORK_ERROR,HIGH,ESCALATE_TO_HUMAN,1
19915.18,3,INSUFFICIENT_FUNDS,LOW,STOP,0
17277.39,4,UNKNOWN,CRITICAL,ESCALATE_TO_HUMAN,0
15023.73,5,NETWORK_ERROR,LOW,OFFER_ALTERNATIVE_PAYMENT_METHOD,1
17895.88,2,TIMEOUT,MEDIUM,WAIT_AND_RETRY,1
16931.48,1,DECLINED,LOW,OFFER_ALTERNATIVE_PAYMENT_METHOD,1
10927.26,2,UNKNOWN,LOW,OFFER_ALTERNATIVE_PAYMENT_METHOD,0
16979.78,3,TIMEOUT,HIGH,STOP,1
13323.46,4,NETWORK_ERROR,LOW,SEND_REMINDER,0
10080.36,3,NETWORK_ERROR,MEDIUM,ESCALATE_TO_HUMAN,1
12209.73,5,DECLINED,MEDIUM,WAIT_AND_RETRY,0
11255.13,1,INSUFFICIENT_FUNDS,CRITICAL,STOP,0
1813.3,4,NETWORK_ERROR,LOW,WAIT_AND_RETRY,1
1819.71,3,UNKNOWN,LOW,SEND_REMINDER,0
4428.76,3,DECLINED,LOW,SEND_REMINDER,0
13649.72,2,TIMEOUT,HIGH,WAIT_AND_RETRY,1
5812.82,3,TIMEOUT,HIGH,ESCALATE_TO_HUMAN,1
3846.08,2,TIMEOUT,HIGH,OFFER_ALTERNATIVE_PAYMENT_METHOD,1
5364.45,4,INSUFFICIENT_FUNDS,HIGH,OFFER_ALTERNATIVE_PAYMENT_METHOD,0
10508.55,2,NETWORK_ERROR,CRITICAL,SEND_REMINDER,1
4292.19,4,INSUFFICIENT_FUNDS,HIGH,SEND_REMINDER,0
19372.96,5,INSUFFICIENT_FUNDS,LOW,STOP,0
5238.46,4,INSUFFICIENT_FUNDS,LOW,WAIT_AND_RETRY,0
12659.16,4,TIMEOUT,CRITICAL,STOP,0
11319.01,5,NETWORK_ERROR,HIGH,WAIT_AND_RETRY,0
17399.65,1,TIMEOUT,CRITICAL,ESCALATE_TO_HUMAN,1
12992.84,1,TIMEOUT,HIGH,OFFER_ALTERNATIVE_PAYMENT_METHOD,1
10980.88,1,DECLINED,CRITICAL,STOP,0
8755.87,4,DECLINED,MEDIUM,OFFER_ALTERNATIVE_PAYMENT_METHOD,0
12058.74,4,DECLINED,HIGH,WAIT_AND_RETRY,0
17560.91,5,NETWORK_ERROR,CRITICAL,ESCALATE_TO_HUMAN,0
19084.24,4,UNKNOWN,LOW,SEND_REMINDER,0
18454.84,5,UNKNOWN,MEDIUM,STOP,0
2684.83,3,NETWORK_ERROR,LOW,OFFER_ALTERNATIVE_PAYMENT_METHOD,1
2915.07,3,DECLINED,CRITICAL,SEND_REMINDER,0
13206.31,2,TIMEOUT,HIGH,OFFER_ALTERNATIVE_PAYMENT_METHOD,1
4800.05,2,DECLINED,LOW,SEND_REMINDER,1
11151.43,3,NETWORK_ERROR,CRITICAL,SEND_REMINDER,1
9468.93,4,TIMEOUT,CRITICAL,ESCALATE_TO_HUMAN,0
14153.86,1,DECLINED,MEDIUM,OFFER_ALTERNATIVE_PAYMENT_METHOD,0
2757.17,3,INSUFFICIENT_FUNDS,CRITICAL,STOP,0
1525.97,4,UNKNOWN,LOW,SEND_REMINDER,0
3645.38,2,INSUFFICIENT_FUNDS,HIGH,OFFER_ALTERNATIVE_PAYMENT_METHOD,1
131.67,5,DECLINED,LOW,SEND_REMINDER,0
3840.61,2,INSUFFICIENT_FUNDS,CRITICAL,WAIT_AND_RETRY,1
13115.49,4,TIMEOUT,HIGH,OFFER_ALTERNATIVE_PAYMENT_METHOD,1
16443.37,1,INSUFFICIENT_FUNDS,CRITICAL,SEND_REMINDER,1
13678.56,1,DECLINED,LOW,OFFER_ALTERNATIVE_PAYMENT_METHOD,0
2117.96,4,NETWORK_ERROR,MEDIUM,OFFER_ALTERNATIVE_PAYMENT_METHOD,1
10188.71,4,NETWORK_ERROR,CRITICAL,ESCALATE_TO_HUMAN,1
1184.77,4,INSUFFICIENT_FUNDS,LOW,STOP,0
18173.4,5,INSUFFICIENT_FUNDS,CRITICAL,OFFER_ALTERNATIVE_PAYMENT_METHOD,0
19438.23,1,TIMEOUT,CRITICAL,STOP,0
17419.25,1,TIMEOUT,LOW,OFFER_ALTERNATIVE_PAYMENT_METHOD,0
14180.54,3,TIMEOUT,CRITICAL,ESCALATE_TO_HUMAN,1
5706.11,1,DECLINED,CRITICAL,OFFER_ALTERNATIVE_PAYMENT_METHOD,1
12026.63,3,INSUFFICIENT_FUNDS,CRITICAL,OFFER_ALTERNATIVE_PAYMENT_METHOD,0
15359.99,1,UNKNOWN,HIGH,SEND_REMINDER,1
8399.5,4,INSUFFICIENT_FUNDS,HIGH,WAIT_AND_RETRY,0
7209.17,1,UNKNOWN,CRITICAL,SEND_REMINDER,1
10746.21,2,TIMEOUT,CRITICAL,ESCALATE_TO_HUMAN,0
6973.19,4,UNKNOWN,MEDIUM,STOP,0
908.76,3,INSUFFICIENT_FUNDS,LOW,SEND_REMINDER,0
14503.82,1,DECLINED,LOW,OFFER_ALTERNATIVE_PAYMENT_METHOD,0
15010.41,4,DECLINED,LOW,SEND_REMINDER,0
5211.47,1,DECLINED,LOW,SEND_REMINDER,0
19898.88,5,UNKNOWN,MEDIUM,WAIT_AND_RETRY,0
9511.08,4,INSUFFICIENT_FUNDS,MEDIUM,OFFER_ALTERNATIVE_PAYMENT_METHOD,0
1010.27,4,TIMEOUT,HIGH,OFFER_ALTERNATIVE_PAYMENT_METHOD,1
4222.01,4,TIMEOUT,HIGH,OFFER_ALTERNATIVE_PAYMENT_METHOD,1
15826.14,3,NETWORK_ERROR,MEDIUM,SEND_REMINDER,1
6559.72,1,UNKNOWN,HIGH,STOP,0
11799.49,5,INSUFFICIENT_FUNDS,CRITICAL,ESCALATE_TO_HUMAN,0
350.09,3,INSUFFICIENT_FUNDS,HIGH,ESCALATE_TO_HUMAN,1
17101.68,4,TIMEOUT,MEDIUM,ESCALATE_TO_HUMAN,1
742.1,5,NETWORK_ERROR,CRITICAL,STOP,0
1753.53,5,INSUFFICIENT_FUNDS,HIGH,OFFER_ALTERNATIVE_PAYMENT_METHOD,0
9084.83,4,NETWORK_ERROR,MEDIUM,STOP,0
12522.88,5,DECLINED,CRITICAL,WAIT_AND_RETRY,0
5749.36,4,TIMEOUT,CRITICAL,STOP,1
12181.72,1,NETWORK_ERROR,CRITICAL,SEND_REMINDER,1
2301.59,3,TIMEOUT,MEDIUM,ESCALATE_TO_HUMAN,1
7105.29,2,DECLINED,HIGH,OFFER_ALTERNATIVE_PAYMENT_METHOD,0
12642.49,3,UNKNOWN,CRITICAL,SEND_REMINDER,0
9947.18,4,INSUFFICIENT_FUNDS,CRITICAL,SEND_REMINDER,0
3634.77,3,NETWORK_ERROR,HIGH,ESCALATE_TO_HUMAN,1
13698.7,1,DECLINED,CRITICAL,ESCALATE_TO_HUMAN,0
12764.7,5,TIMEOUT,MEDIUM,STOP,0
19978.31,5,UNKNOWN,CRITICAL,WAIT_AND_RETRY,0
5073.82,5,DECLINED,LOW,OFFER_ALTERNATIVE_PAYMENT_METHOD,1
12066.72,4,UNKNOWN,MEDIUM,SEND_REMINDER,0
14488.9,2,TIMEOUT,CRITICAL,SEND_REMINDER,1
5930.34,1,TIMEOUT,CRITICAL,ESCALATE_TO_HUMAN,1
12104.65,2,TIMEOUT,CRITICAL,STOP,0
16093.37,3,TIMEOUT,MEDIUM,ESCALATE_TO_HUMAN,0
1489.86,1,DECLINED,CRITICAL,ESCALATE_TO_HUMAN,1
8400.08,3,UNKNOWN,LOW,STOP,0
10730.0,1,DECLINED,CRITICAL,WAIT_AND_RETRY,1
8028.1,1,INSUFFICIENT_FUNDS,CRITICAL,STOP,0
8856.91,1,NETWORK_ERROR,MEDIUM,OFFER_ALTERNATIVE_PAYMENT_METHOD,1
11638.26,1,TIMEOUT,HIGH,ESCALATE_TO_HUMAN,1
2924.81,2,DECLINED,MEDIUM,OFFER_ALTERNATIVE_PAYMENT_METHOD,1
12876.51,1,DECLINED,CRITICAL,SEND_REMINDER,0
6914.61,4,INSUFFICIENT_FUNDS,CRITICAL,OFFER_ALTERNATIVE_PAYMENT_METHOD,0
11929.12,2,TIMEOUT,HIGH,WAIT_AND_RETRY,1
7479.94,3,INSUFFICIENT_FUNDS,HIGH,SEND_REMINDER,0
6164.35,4,INSUFFICIENT_FUNDS,MEDIUM,SEND_REMINDER,1
5917.42,4,INSUFFICIENT_FUNDS,MEDIUM,WAIT_AND_RETRY,0
11706.28,2,UNKNOWN,LOW,OFFER_ALTERNATIVE_PAYMENT_METHOD,1
10220.97,5,DECLINED,CRITICAL,STOP,0
19450.83,2,UNKNOWN,HIGH,STOP,0
17321.63,4,TIMEOUT,CRITICAL,SEND_REMINDER,0
7659.46,1,INSUFFICIENT_FUNDS,MEDIUM,OFFER_ALTERNATIVE_PAYMENT_METHOD,1
3086.76,5,NETWORK_ERROR,MEDIUM,OFFER_ALTERNATIVE_PAYMENT_METHOD,1
11431.22,1,UNKNOWN,MEDIUM,SEND_REMINDER,1
753.53,1,INSUFFICIENT_FUNDS,LOW,OFFER_ALTERNATIVE_PAYMENT_METHOD,1
10741.6,5,NETWORK_ERROR,LOW,ESCALATE_TO_HUMAN,0
5034.64,3,TIMEOUT,MEDIUM,SEND_REMINDER,1
9175.71,1,UNKNOWN,HIGH,STOP,0
14887.9,1,TIMEOUT,HIGH,WAIT_AND_RETRY,1
4954.42,5,DECLINED,CRITICAL,WAIT_AND_RETRY,0
15650.11,3,NETWORK_ERROR,MEDIUM,ESCALATE_TO_HUMAN,1
1759.39,2,NETWORK_ERROR,MEDIUM,STOP,0
11429.65,5,DECLINED,LOW,ESCALATE_TO_HUMAN,0
3976.5,5,DECLINED,LOW,OFFER_ALTERNATIVE_PAYMENT_METHOD,0
12066.95,4,TIMEOUT,HIGH,STOP,0
5746.74,3,INSUFFICIENT_FUNDS,MEDIUM,OFFER_ALTERNATIVE_PAYMENT_METHOD,1
11269.16,3,DECLINED,LOW,SEND_REMINDER,0
6452.23,5,DECLINED,CRITICAL,SEND_REMINDER,0
15232.71,3,NETWORK_ERROR,CRITICAL,OFFER_ALTERNATIVE_PAYMENT_METHOD,1
10817.94,2,TIMEOUT,LOW,SEND_REMINDER,1
10085.42,3,UNKNOWN,CRITICAL,WAIT_AND_RETRY,0
18558.27,2,UNKNOWN,MEDIUM,OFFER_ALTERNATIVE_PAYMENT_METHOD,1
15351.31,2,TIMEOUT,MEDIUM,OFFER_ALTERNATIVE_PAYMENT_METHOD,0
19624.97,5,DECLINED,HIGH,SEND_REMINDER,0
9492.44,3,INSUFFICIENT_FUNDS,MEDIUM,OFFER_ALTERNATIVE_PAYMENT_METHOD,1
7143.28,3,DECLINED,HIGH,ESCALATE_TO_HUMAN,0
15277.64,1,DECLINED,LOW,ESCALATE_TO_HUMAN,0
16126.88,4,INSUFFICIENT_FUNDS,LOW,SEND_REMINDER,1
14361.79,3,INSUFFICIENT_FUNDS,LOW,OFFER_ALTERNATIVE_PAYMENT_METHOD,1
7709.89,5,UNKNOWN,MEDIUM,SEND_REMINDER,0
8858.05,3,NETWORK_ERROR,LOW,SEND_REMINDER,1
14484.7,5,DECLINED,LOW,ESCALATE_TO_HUMAN,0
18186.86,4,TIMEOUT,HIGH,STOP,0
1280.4,1,INSUFFICIENT_FUNDS,HIGH,STOP,0
18479.76,1,DECLINED,MEDIUM,WAIT_AND_RETRY,1
15527.33,4,TIMEOUT,MEDIUM,STOP,0
4079.89,1,DECLINED,MEDIUM,OFFER_ALTERNATIVE_PAYMENT_METHOD,0
15279.46,3,UNKNOWN,HIGH,WAIT_AND_RETRY,1
15421.13,3,INSUFFICIENT_FUNDS,CRITICAL,SEND_REMINDER,1
9419.7,4,INSUFFICIENT_FUNDS,HIGH,SEND_REMINDER,0
14110.8,3,UNKNOWN,LOW,SEND_REMINDER,1
8274.5,4,DECLINED,LOW,STOP,0
19793.9,3,NETWORK_ERROR,CRITICAL,WAIT_AND_RETRY,0
17474.31,3,UNKNOWN,CRITICAL,OFFER_ALTERNATIVE_PAYMENT_METHOD,0
12724.04,1,UNKNOWN,LOW,STOP,0
10682.07,5,NETWORK_ERROR,CRITICAL,STOP,0
3898.66,1,DECLINED,HIGH,ESCALATE_TO_HUMAN,0
17622.76,2,INSUFFICIENT_FUNDS,LOW,SEND_REMINDER,0
6862.21,5,DECLINED,LOW,ESCALATE_TO_HUMAN,0
226.44,4,NETWORK_ERROR,LOW,SEND_REMINDER,1
3094.85,2,UNKNOWN,HIGH,STOP,0
13341.5,5,INSUFFICIENT_FUNDS,MEDIUM,SEND_REMINDER,0
4202.27,2,NETWORK_ERROR,LOW,STOP,0
16909.5,2,UNKNOWN,HIGH,WAIT_AND_RETRY,1
6375.19,2,TIMEOUT,MEDIUM,OFFER_ALTERNATIVE_PAYMENT_METHOD,1
19820.97,2,TIMEOUT,HIGH,WAIT_AND_RETRY,1
17987.7,4,NETWORK_ERROR,CRITICAL,WAIT_AND_RETRY,1
14904.45,2,DECLINED,LOW,ESCALATE_TO_HUMAN,0
4052.89,4,UNKNOWN,LOW,WAIT_AND_RETRY,0
10183.4,5,UNKNOWN,LOW,SEND_REMINDER,0
2495.13,4,UNKNOWN,HIGH,OFFER_ALTERNATIVE_PAYMENT_METHOD,0
4285.52,1,UNKNOWN,HIGH,ESCALATE_TO_HUMAN,1
2328.65,4,NETWORK_ERROR,LOW,ESCALATE_TO_HUMAN,0
8066.14,1,INSUFFICIENT_FUNDS,HIGH,OFFER_ALTERNATIVE_PAYMENT_METHOD,0
8739.56,3,TIMEOUT,LOW,ESCALATE_TO_HUMAN,0
415.42,3,INSUFFICIENT_FUNDS,LOW,SEND_REMINDER,0
3629.43,1,TIMEOUT,MEDIUM,SEND_REMINDER,1
15269.53,1,UNKNOWN,MEDIUM,OFFER_ALTERNATIVE_PAYMENT_METHOD,1
8356.04,2,DECLINED,MEDIUM,SEND_REMINDER,0
19309.47,2,INSUFFICIENT_FUNDS,LOW,SEND_REMINDER,1
4161.13,4,INSUFFICIENT_FUNDS,HIGH,STOP,0
15687.05,3,NETWORK_ERROR,CRITICAL,WAIT_AND_RETRY,1
2972.38,4,NETWORK_ERROR,CRITICAL,STOP,0
3477.83,1,NETWORK_ERROR,HIGH,SEND_REMINDER,1
19765.01,1,DECLINED,CRITICAL,ESCALATE_TO_HUMAN,0
10780.87,2,UNKNOWN,LOW,OFFER_ALTERNATIVE_PAYMENT_METHOD,0
18001.02,3,TIMEOUT,HIGH,STOP,0
12310.83,1,DECLINED,CRITICAL,STOP,0
4464.29,2,TIMEOUT,MEDIUM,WAIT_AND_RETRY,1
14373.63,3,UNKNOWN,LOW,SEND_REMINDER,1
3774.07,3,INSUFFICIENT_FUNDS,CRITICAL,STOP,0
11585.63,3,TIMEOUT,HIGH,ESCALATE_TO_HUMAN,1
2989.9,1,DECLINED,LOW,SEND_REMINDER,0
385.0,1,TIMEOUT,MEDIUM,ESCALATE_TO_HUMAN,1
11484.53,4,INSUFFICIENT_FUNDS,MEDIUM,STOP,0
19854.71,4,UNKNOWN,HIGH,STOP,0
14924.71,5,INSUFFICIENT_FUNDS,HIGH,SEND_REMINDER,0
16159.07,4,UNKNOWN,CRITICAL,WAIT_AND_RETRY,0
6913.26,5,INSUFFICIENT_FUNDS,LOW,OFFER_ALTERNATIVE_PAYMENT_METHOD,0
605.74,5,TIMEOUT,LOW,SEND_REMINDER,0
16618.55,1,UNKNOWN,HIGH,SEND_REMINDER,0
6209.91,4,UNKNOWN,LOW,STOP,0
16418.53,5,TIMEOUT,MEDIUM,SEND_REMINDER,0
4053.67,3,UNKNOWN,MEDIUM,STOP,0
10548.4,5,INSUFFICIENT_FUNDS,MEDIUM,STOP,0
3259.12,2,UNKNOWN,MEDIUM,SEND_REMINDER,0
19107.1,4,TIMEOUT,HIGH,WAIT_AND_RETRY,0
18983.09,3,DECLINED,CRITICAL,ESCALATE_TO_HUMAN,0
2808.79,3,NETWORK_ERROR,LOW,OFFER_ALTERNATIVE_PAYMENT_METHOD,1
13395.59,2,UNKNOWN,LOW,WAIT_AND_RETRY,0
2892.04,4,TIMEOUT,MEDIUM,ESCALATE_TO_HUMAN,0
12957.08,4,UNKNOWN,MEDIUM,SEND_REMINDER,0
1503.58,3,TIMEOUT,CRITICAL,WAIT_AND_RETRY,1
11760.0,2,TIMEOUT,CRITICAL,SEND_REMINDER,0
15235.63,1,NETWORK_ERROR,HIGH,STOP,1
12608.06,4,TIMEOUT,CRITICAL,OFFER_ALTERNATIVE_PAYMENT_METHOD,0
10871.06,5,DECLINED,MEDIUM,WAIT_AND_RETRY,0
15109.58,3,INSUFFICIENT_FUNDS,LOW,ESCALATE_TO_HUMAN,0
5183.5,4,DECLINED,MEDIUM,ESCALATE_TO_HUMAN,0
4570.2,1,NETWORK_ERROR,HIGH,SEND_REMINDER,0
13331.72,4,DECLINED,LOW,WAIT_AND_RETRY,0
5676.05,3,INSUFFICIENT_FUNDS,HIGH,ESCALATE_TO_HUMAN,0
5099.86,3,NETWORK_ERROR,LOW,WAIT_AND_RETRY,1
9762.42,5,DECLINED,MEDIUM,STOP,0
5388.51,4,UNKNOWN,CRITICAL,STOP,0
18512.34,4,NETWORK_ERROR,LOW,STOP,0
12889.29,1,UNKNOWN,LOW,WAIT_AND_RETRY,0
4848.42,5,UNKNOWN,CRITICAL,ESCALATE_TO_HUMAN,0
893.31,4,DECLINED,LOW,ESCALATE_TO_HUMAN,0
12599.56,4,NETWORK_ERROR,MEDIUM,STOP,0
12647.37,3,NETWORK_ERROR,HIGH,ESCALATE_TO_HUMAN,0
14608.24,3,INSUFFICIENT_FUNDS,HIGH,OFFER_ALTERNATIVE_PAYMENT_METHOD,0
5049.15,4,NETWORK_ERROR,HIGH,ESCALATE_TO_HUMAN,0
12732.67,2,TIMEOUT,HIGH,ESCALATE_TO_HUMAN,0
15641.27,2,DECLINED,LOW,OFFER_ALTERNATIVE_PAYMENT_METHOD,0
10810.87,2,INSUFFICIENT_FUNDS,HIGH,WAIT_AND_RETRY,0
1899.61,4,INSUFFICIENT_FUNDS,CRITICAL,SEND_REMINDER,0
4122.77,4,INSUFFICIENT_FUNDS,HIGH,ESCALATE_TO_HUMAN,0
15119.94,2,INSUFFICIENT_FUNDS,LOW,WAIT_AND_RETRY,1
6279.5,5,UNKNOWN,HIGH,STOP,0
8019.63,1,TIMEOUT,LOW,WAIT_AND_RETRY,1
18302.48,4,INSUFFICIENT_FUNDS,MEDIUM,OFFER_ALTERNATIVE_PAYMENT_METHOD,0
7995.46,4,NETWORK_ERROR,HIGH,STOP,0
1736.01,2,DECLINED,LOW,SEND_REMINDER,0
13383.67,3,NETWORK_ERROR,CRITICAL,SEND_REMINDER,0
19666.92,2,TIMEOUT,CRITICAL,SEND_REMINDER,1
6006.18,1,UNKNOWN,CRITICAL,ESCALATE_TO_HUMAN,1
11069.4,5,TIMEOUT,CRITICAL,SEND_REMINDER,0
11659.82,5,DECLINED,HIGH,OFFER_ALTERNATIVE_PAYMENT_METHOD,0
5344.79,3,INSUFFICIENT_FUNDS,MEDIUM,OFFER_ALTERNATIVE_PAYMENT_METHOD,1
1633.1,2,INSUFFICIENT_FUNDS,MEDIUM,STOP,0
2022.77,5,DECLINED,HIGH,WAIT_AND_RETRY,0
12121.42,3,UNKNOWN,MEDIUM,ESCALATE_TO_HUMAN,1
16748.61,4,UNKNOWN,CRITICAL,ESCALATE_TO_HUMAN,0
1386.69,2,NETWORK_ERROR,CRITICAL,STOP,0
17927.25,4,TIMEOUT,LOW,OFFER_ALTERNATIVE_PAYMENT_METHOD,1
14405.49,5,INSUFFICIENT_FUNDS,LOW,STOP,0
14113.93,2,DECLINED,MEDIUM,ESCALATE_TO_HUMAN,0
13974.4,3,INSUFFICIENT_FUNDS,MEDIUM,STOP,0
10208.3,4,TIMEOUT,HIGH,WAIT_AND_RETRY,0
1154.12,3,UNKNOWN,LOW,WAIT_AND_RETRY,0
10642.46,2,TIMEOUT,MEDIUM,STOP,0
19792.84,2,NETWORK_ERROR,CRITICAL,WAIT_AND_RETRY,1
1973.81,4,UNKNOWN,CRITICAL,ESCALATE_TO_HUMAN,0
9540.71,3,TIMEOUT,LOW,OFFER_ALTERNATIVE_PAYMENT_METHOD,1
14174.53,3,DECLINED,LOW,SEND_REMINDER,0
4092.09,3,NETWORK_ERROR,HIGH,ESCALATE_TO_HUMAN,0
10524.96,1,UNKNOWN,LOW,STOP,1
7525.62,2,NETWORK_ERROR,LOW,WAIT_AND_RETRY,1
6194.65,5,UNKNOWN,HIGH,WAIT_AND_RETRY,0
3850.79,5,DECLINED,MEDIUM,STOP,0
6970.43,2,UNKNOWN,HIGH,STOP,0
8869.88,2,UNKNOWN,MEDIUM,ESCALATE_TO_HUMAN,1
871.61,5,NETWORK_ERROR,HIGH,OFFER_ALTERNATIVE_PAYMENT_METHOD,1
13692.34,5,UNKNOWN,MEDIUM,WAIT_AND_RETRY,0
12109.72,5,INSUFFICIENT_FUNDS,CRITICAL,STOP,0
15702.85,1,UNKNOWN,LOW,OFFER_ALTERNATIVE_PAYMENT_METHOD,1
2913.49,4,TIMEOUT,CRITICAL,WAIT_AND_RETRY,1
18340.55,4,UNKNOWN,LOW,STOP,0
13130.6,5,UNKNOWN,CRITICAL,STOP,0
5722.98,2,DECLINED,MEDIUM,OFFER_ALTERNATIVE_PAYMENT_METHOD,0
8583.75,4,DECLINED,LOW,ESCALATE_TO_HUMAN,1
2175.94,5,DECLINED,CRITICAL,OFFER_ALTERNATIVE_PAYMENT_METHOD,0
15748.56,3,NETWORK_ERROR,LOW,SEND_REMINDER,0
6211.68,5,UNKNOWN,MEDIUM,OFFER_ALTERNATIVE_PAYMENT_METHOD,0
10732.41,1,INSUFFICIENT_FUNDS,CRITICAL,SEND_REMINDER,1
10801.5,4,UNKNOWN,MEDIUM,STOP,0
14013.74,2,NETWORK_ERROR,CRITICAL,SEND_REMINDER,0
14276.97,1,TIMEOUT,CRITICAL,SEND_REMINDER,1
12299.04,1,DECLINED,MEDIUM,WAIT_AND_RETRY,0
194.3,2,INSUFFICIENT_FUNDS,MEDIUM,ESCALATE_TO_HUMAN,0
7498.5,4,NETWORK_ERROR,MEDIUM,SEND_REMINDER,0
12473.1,3,DECLINED,HIGH,SEND_REMINDER,0
13101.39,3,DECLINED,LOW,ESCALATE_TO_HUMAN,0
7604.92,2,DECLINED,HIGH,STOP,1
13881.21,1,DECLINED,MEDIUM,SEND_REMINDER,1
2376.17,2,DECLINED,LOW,SEND_REMINDER,0
3430.6,3,DECLINED,HIGH,STOP,0
17124.61,3,NETWORK_ERROR,LOW,ESCALATE_TO_HUMAN,0
17692.13,1,UNKNOWN,CRITICAL,SEND_REMINDER,1
19911.61,4,DECLINED,LOW,WAIT_AND_RETRY,0
16678.59,2,NETWORK_ERROR,LOW,SEND_REMINDER,1
7480.95,2,DECLINED,LOW,STOP,0
3860.49,2,INSUFFICIENT_FUNDS,LOW,STOP,1
3138.94,3,TIMEOUT,HIGH,ESCALATE_TO_HUMAN,1
12918.29,4,DECLINED,MEDIUM,OFFER_ALTERNATIVE_PAYMENT_METHOD,0
4582.19,2,INSUFFICIENT_FUNDS,CRITICAL,WAIT_AND_RETRY,0
1480.72,2,UNKNOWN,HIGH,STOP,0
10987.75,3,NETWORK_ERROR,LOW,WAIT_AND_RETRY,1
10732.05,5,TIMEOUT,HIGH,OFFER_ALTERNATIVE_PAYMENT_METHOD,1
18040.24,2,NETWORK_ERROR,CRITICAL,WAIT_AND_RETRY,1
16292.75,5,NETWORK_ERROR,MEDIUM,WAIT_AND_RETRY,0
1571.09,4,UNKNOWN,CRITICAL,OFFER_ALTERNATIVE_PAYMENT_METHOD,0
7796.67,2,DECLINED,HIGH,OFFER_ALTERNATIVE_PAYMENT_METHOD,0
12770.28,4,TIMEOUT,CRITICAL,STOP,0
4554.41,3,TIMEOUT,CRITICAL,OFFER_ALTERNATIVE_PAYMENT_METHOD,0
7424.75,1,DECLINED,HIGH,SEND_REMINDER,1
8266.39,5,TIMEOUT,CRITICAL,SEND_REMINDER,0
7123.53,4,DECLINED,CRITICAL,ESCALATE_TO_HUMAN,0
8933.47,4,DECLINED,HIGH,OFFER_ALTERNATIVE_PAYMENT_METHOD,0
8037.77,5,TIMEOUT,MEDIUM,SEND_REMINDER,0
11410.89,5,INSUFFICIENT_FUNDS,CRITICAL,STOP,0
15862.36,3,INSUFFICIENT_FUNDS,MEDIUM,ESCALATE_TO_HUMAN,1
2262.14,4,INSUFFICIENT_FUNDS,CRITICAL,WAIT_AND_RETRY,1
6819.89,2,DECLINED,CRITICAL,SEND_REMINDER,0
574.32,2,DECLINED,MEDIUM,OFFER_ALTERNATIVE_PAYMENT_METHOD,0
13644.54,2,DECLINED,MEDIUM,SEND_REMINDER,0
9424.74,2,DECLINED,HIGH,STOP,0
12285.27,1,NETWORK_ERROR,LOW,WAIT_AND_RETRY,1
18411.42,1,INSUFFICIENT_FUNDS,LOW,OFFER_ALTERNATIVE_PAYMENT_METHOD,0
7198.26,2,TIMEOUT,HIGH,WAIT_AND_RETRY,1
18193.99,5,DECLINED,CRITICAL,OFFER_ALTERNATIVE_PAYMENT_METHOD,0
5865.85,1,UNKNOWN,MEDIUM,SEND_REMINDER,1
2456.97,5,DECLINED,MEDIUM,STOP,0
9444.4,3,TIMEOUT,LOW,SEND_REMINDER,0
2031.67,1,TIMEOUT,CRITICAL,ESCALATE_TO_HUMAN,1
3492.11,1,UNKNOWN,HIGH,ESCALATE_TO_HUMAN,0
3718.49,1,DECLINED,HIGH,OFFER_ALTERNATIVE_PAYMENT_METHOD,0
17741.17,1,TIMEOUT,MEDIUM,STOP,1
7932.95,2,NETWORK_ERROR,MEDIUM,OFFER_ALTERNATIVE_PAYMENT_METHOD,1
15876.36,1,INSUFFICIENT_FUNDS,CRITICAL,WAIT_AND_RETRY,1
11847.42,2,INSUFFICIENT_FUNDS,HIGH,SEND_REMINDER,0
19642.52,1,DECLINED,HIGH,SEND_REMINDER,1
4852.2,3,INSUFFICIENT_FUNDS,CRITICAL,ESCALATE_TO_HUMAN,1
5529.45,4,NETWORK_ERROR,HIGH,STOP,1
17453.6,5,NETWORK_ERROR,LOW,OFFER_ALTERNATIVE_PAYMENT_METHOD,1
18100.24,4,DECLINED,LOW,OFFER_ALTERNATIVE_PAYMENT_METHOD,0
6779.13,5,DECLINED,CRITICAL,OFFER_ALTERNATIVE_PAYMENT_METHOD,0
6990.16,3,UNKNOWN,MEDIUM,ESCALATE_TO_HUMAN,1
1757.79,4,NETWORK_ERROR,HIGH,STOP,0
557.85,2,NETWORK_ERROR,MEDIUM,WAIT_AND_RETRY,1
1392.69,5,TIMEOUT,LOW,WAIT_AND_RETRY,1
367.6,3,UNKNOWN,LOW,SEND_REMINDER,0
19316.32,4,INSUFFICIENT_FUNDS,LOW,STOP,0
14112.54,2,NETWORK_ERROR,MEDIUM,WAIT_AND_RETRY,1
1922.56,4,TIMEOUT,MEDIUM,WAIT_AND_RETRY,0
7799.33,5,TIMEOUT,CRITICAL,SEND_REMINDER,0
9956.48,2,DECLINED,HIGH,STOP,0
1319.2,2,UNKNOWN,LOW,WAIT_AND_RETRY,1
4034.64,2,UNKNOWN,MEDIUM,WAIT_AND_RETRY,0
1608.02,2,INSUFFICIENT_FUNDS,MEDIUM,SEND_REMINDER,1
16737.2,3,UNKNOWN,CRITICAL,STOP,0
4443.34,3,INSUFFICIENT_FUNDS,MEDIUM,STOP,1
17822.07,3,INSUFFICIENT_FUNDS,MEDIUM,WAIT_AND_RETRY,1
9929.07,1,UNKNOWN,CRITICAL,WAIT_AND_RETRY,0
17982.93,4,NETWORK_ERROR,LOW,OFFER_ALTERNATIVE_PAYMENT_METHOD,0
18335.03,3,UNKNOWN,LOW,STOP,0
16810.53,4,INSUFFICIENT_FUNDS,CRITICAL,OFFER_ALTERNATIVE_PAYMENT_METHOD,0
15291.91,3,UNKNOWN,MEDIUM,SEND_REMINDER,0
949.72,3,DECLINED,CRITICAL,ESCALATE_TO_HUMAN,0
15945.41,4,DECLINED,CRITICAL,ESCALATE_TO_HUMAN,0
14783.4,4,DECLINED,LOW,SEND_REMINDER,0
7691.0,2,DECLINED,HIGH,WAIT_AND_RETRY,0
16366.36,2,TIMEOUT,MEDIUM,SEND_REMINDER,1
7886.7,2,INSUFFICIENT_FUNDS,HIGH,SEND_REMINDER,1
7905.41,3,UNKNOWN,HIGH,SEND_REMINDER,1
12175.82,4,DECLINED,CRITICAL,SEND_REMINDER,0
13349.21,3,NETWORK_ERROR,LOW,OFFER_ALTERNATIVE_PAYMENT_METHOD,1
12195.57,2,TIMEOUT,CRITICAL,SEND_REMINDER,1
358.06,3,TIMEOUT,HIGH,OFFER_ALTERNATIVE_PAYMENT_METHOD,1
8637.05,1,UNKNOWN,MEDIUM,STOP,0
14522.66,2,INSUFFICIENT_FUNDS,CRITICAL,WAIT_AND_RETRY,1
7463.17,2,TIMEOUT,HIGH,SEND_REMINDER,0
18060.83,4,INSUFFICIENT_FUNDS,HIGH,STOP,0
13996.76,2,INSUFFICIENT_FUNDS,MEDIUM,STOP,0
16285.11,2,DECLINED,CRITICAL,WAIT_AND_RETRY,1
17626.49,4,TIMEOUT,HIGH,WAIT_AND_RETRY,0
9307.52,3,NETWORK_ERROR,CRITICAL,ESCALATE_TO_HUMAN,0
15846.5,3,TIMEOUT,HIGH,WAIT_AND_RETRY,1
4544.33,1,INSUFFICIENT_FUNDS,HIGH,STOP,0
3007.79,3,INSUFFICIENT_FUNDS,CRITICAL,OFFER_ALTERNATIVE_PAYMENT_METHOD,0
10772.57,2,UNKNOWN,LOW,OFFER_ALTERNATIVE_PAYMENT_METHOD,0
14736.35,2,UNKNOWN,HIGH,SEND_REMINDER,0
8517.53,1,INSUFFICIENT_FUNDS,HIGH,SEND_REMINDER,1
603.15,4,NETWORK_ERROR,HIGH,ESCALATE_TO_HUMAN,0
19860.3,4,DECLINED,MEDIUM,STOP,0
6350.33,3,DECLINED,HIGH,SEND_REMINDER,0
9121.34,2,UNKNOWN,MEDIUM,OFFER_ALTERNATIVE_PAYMENT_METHOD,0
2565.91,3,UNKNOWN,CRITICAL,OFFER_ALTERNATIVE_PAYMENT_METHOD,1
16652.91,4,UNKNOWN,LOW,ESCALATE_TO_HUMAN,0
7971.2,3,UNKNOWN,LOW,OFFER_ALTERNATIVE_PAYMENT_METHOD,1
15154.18,1,UNKNOWN,LOW,SEND_REMINDER,1
18546.28,2,TIMEOUT,LOW,STOP,1
14305.69,1,INSUFFICIENT_FUNDS,HIGH,OFFER_ALTERNATIVE_PAYMENT_METHOD,1
6937.1,1,DECLINED,CRITICAL,STOP,1
8385.42,4,TIMEOUT,LOW,SEND_REMINDER,1
2393.46,3,TIMEOUT,MEDIUM,WAIT_AND_RETRY,1
11197.92,1,TIMEOUT,CRITICAL,WAIT_AND_RETRY,1
15194.7,2,TIMEOUT,HIGH,OFFER_ALTERNATIVE_PAYMENT_METHOD,1
12723.18,4,NETWORK_ERROR,HIGH,ESCALATE_TO_HUMAN,1
14323.37,4,UNKNOWN,LOW,WAIT_AND_RETRY,1
816.51,2,UNKNOWN,CRITICAL,WAIT_AND_RETRY,1
1704.49,3,UNKNOWN,MEDIUM,ESCALATE_TO_HUMAN,1
10770.98,5,INSUFFICIENT_FUNDS,HIGH,STOP,0
7829.55,2,UNKNOWN,HIGH,OFFER_ALTERNATIVE_PAYMENT_METHOD,1
17968.77,4,NETWORK_ERROR,HIGH,ESCALATE_TO_HUMAN,1
12107.02,5,DECLINED,MEDIUM,SEND_REMINDER,0
7810.3,1,TIMEOUT,MEDIUM,STOP,0
6042.33,2,UNKNOWN,HIGH,OFFER_ALTERNATIVE_PAYMENT_METHOD,1
12991.82,2,UNKNOWN,HIGH,SEND_REMINDER,0
6267.04,2,TIMEOUT,HIGH,SEND_REMINDER,1
14426.85,3,DECLINED,CRITICAL,STOP,0
18424.3,4,UNKNOWN,HIGH,SEND_REMINDER,1
2234.51,1,NETWORK_ERROR,LOW,WAIT_AND_RETRY,1
18610.17,3,DECLINED,CRITICAL,STOP,0
2034.93,3,TIMEOUT,MEDIUM,ESCALATE_TO_HUMAN,0
7519.14,3,DECLINED,LOW,OFFER_ALTERNATIVE_PAYMENT_METHOD,0
17980.58,3,TIMEOUT,HIGH,ESCALATE_TO_HUMAN,0
17758.5,2,NETWORK_ERROR,LOW,ESCALATE_TO_HUMAN,1
2340.48,2,DECLINED,HIGH,OFFER_ALTERNATIVE_PAYMENT_METHOD,1
11308.29,1,TIMEOUT,MEDIUM,WAIT_AND_RETRY,1
7610.76,1,DECLINED,CRITICAL,ESCALATE_TO_HUMAN,0
19460.85,5,NETWORK_ERROR,LOW,OFFER_ALTERNATIVE_PAYMENT_METHOD,0
14405.53,2,INSUFFICIENT_FUNDS,LOW,OFFER_ALTERNATIVE_PAYMENT_METHOD,0
3842.59,4,NETWORK_ERROR,LOW,STOP,0
8763.36,4,TIMEOUT,LOW,OFFER_ALTERNATIVE_PAYMENT_METHOD,1
12001.18,4,DECLINED,MEDIUM,OFFER_ALTERNATIVE_PAYMENT_METHOD,0
7488.32,5,UNKNOWN,MEDIUM,OFFER_ALTERNATIVE_PAYMENT_METHOD,0
7001.08,2,UNKNOWN,CRITICAL,OFFER_ALTERNATIVE_PAYMENT_METHOD,1
7014.0,3,TIMEOUT,CRITICAL,STOP,0
19231.59,1,UNKNOWN,HIGH,SEND_REMINDER,1
7237.51,4,DECLINED,MEDIUM,WAIT_AND_RETRY,0
18374.14,2,UNKNOWN,HIGH,STOP,0
14921.4,5,TIMEOUT,MEDIUM,ESCALATE_TO_HUMAN,1
8437.62,1,UNKNOWN,LOW,STOP,1
180.41,5,TIMEOUT,MEDIUM,OFFER_ALTERNATIVE_PAYMENT_METHOD,1
6577.2,3,UNKNOWN,CRITICAL,STOP,0
7916.71,5,INSUFFICIENT_FUNDS,CRITICAL,WAIT_AND_RETRY,1
12913.66,2,TIMEOUT,LOW,STOP,0
9954.54,1,INSUFFICIENT_FUNDS,MEDIUM,ESCALATE_TO_HUMAN,1
4263.96,1,TIMEOUT,LOW,WAIT_AND_RETRY,1
2509.4,2,NETWORK_ERROR,LOW,OFFER_ALTERNATIVE_PAYMENT_METHOD,1
2467.16,3,DECLINED,LOW,STOP,0
7816.17,2,INSUFFICIENT_FUNDS,CRITICAL,STOP,0
9620.95,5,UNKNOWN,LOW,ESCALATE_TO_HUMAN,0
10049.9,3,NETWORK_ERROR,HIGH,ESCALATE_TO_HUMAN,0
7736.73,5,NETWORK_ERROR,CRITICAL,STOP,0
7085.99,4,NETWORK_ERROR,CRITICAL,WAIT_AND_RETRY,0
15205.08,1,DECLINED,HIGH,STOP,0
4983.25,1,DECLINED,CRITICAL,OFFER_ALTERNATIVE_PAYMENT_METHOD,1
19681.6,1,INSUFFICIENT_FUNDS,HIGH,STOP,0
17107.38,2,UNKNOWN,CRITICAL,WAIT_AND_RETRY,1
2654.84,1,UNKNOWN,CRITICAL,WAIT_AND_RETRY,1
9317.28,5,DECLINED,LOW,OFFER_ALTERNATIVE_PAYMENT_METHOD,0
13994.51,4,TIMEOUT,CRITICAL,OFFER_ALTERNATIVE_PAYMENT_METHOD,0
892.35,5,INSUFFICIENT_FUNDS,CRITICAL,WAIT_AND_RETRY,0
19374.44,1,TIMEOUT,CRITICAL,ESCALATE_TO_HUMAN,1
7807.34,2,DECLINED,LOW,OFFER_ALTERNATIVE_PAYMENT_METHOD,1
6867.4,5,DECLINED,MEDIUM,ESCALATE_TO_HUMAN,0
18966.02,1,NETWORK_ERROR,MEDIUM,SEND_REMINDER,1
19578.06,5,UNKNOWN,LOW,ESCALATE_TO_HUMAN,0
15907.31,4,NETWORK_ERROR,HIGH,STOP,1
9525.79,3,DECLINED,CRITICAL,WAIT_AND_RETRY,1
5329.23,3,DECLINED,CRITICAL,STOP,0
18141.66,2,NETWORK_ERROR,LOW,SEND_REMINDER,1
3817.14,2,DECLINED,HIGH,STOP,0
1429.7,2,UNKNOWN,CRITICAL,WAIT_AND_RETRY,0
4721.74,2,INSUFFICIENT_FUNDS,MEDIUM,ESCALATE_TO_HUMAN,1
1293.88,1,NETWORK_ERROR,HIGH,STOP,1
6136.55,2,INSUFFICIENT_FUNDS,MEDIUM,ESCALATE_TO_HUMAN,0
3854.47,4,DECLINED,CRITICAL,SEND_REMINDER,0
7818.37,5,NETWORK_ERROR,MEDIUM,SEND_REMINDER,0
2993.51,1,DECLINED,LOW,STOP,0
12576.12,4,INSUFFICIENT_FUNDS,MEDIUM,OFFER_ALTERNATIVE_PAYMENT_METHOD,0
15072.18,1,INSUFFICIENT_FUNDS,CRITICAL,WAIT_AND_RETRY,1
14557.26,3,DECLINED,CRITICAL,STOP,0
4571.95,2,DECLINED,CRITICAL,SEND_REMINDER,1
10473.04,4,NETWORK_ERROR,CRITICAL,STOP,1
1420.05,1,TIMEOUT,LOW,OFFER_ALTERNATIVE_PAYMENT_METHOD,1
5688.59,3,INSUFFICIENT_FUNDS,HIGH,OFFER_ALTERNATIVE_PAYMENT_METHOD,0
9451.25,4,DECLINED,MEDIUM,ESCALATE_TO_HUMAN,0
13859.34,3,UNKNOWN,LOW,OFFER_ALTERNATIVE_PAYMENT_METHOD,0
18689.8,3,UNKNOWN,MEDIUM,OFFER_ALTERNATIVE_PAYMENT_METHOD,0
6550.87,2,UNKNOWN,MEDIUM,OFFER_ALTERNATIVE_PAYMENT_METHOD,0
3917.75,3,UNKNOWN,CRITICAL,OFFER_ALTERNATIVE_PAYMENT_METHOD,1
8534.58,2,UNKNOWN,MEDIUM,OFFER_ALTERNATIVE_PAYMENT_METHOD,1
13751.0,5,UNKNOWN,HIGH,SEND_REMINDER,0
11676.81,2,NETWORK_ERROR,HIGH,SEND_REMINDER,1
15819.91,3,TIMEOUT,CRITICAL,OFFER_ALTERNATIVE_PAYMENT_METHOD,1
9738.43,3,UNKNOWN,CRITICAL,STOP,0
5169.04,1,INSUFFICIENT_FUNDS,LOW,ESCALATE_TO_HUMAN,0
19678.96,1,NETWORK_ERROR,MEDIUM,OFFER_ALTERNATIVE_PAYMENT_METHOD,0
9149.74,5,UNKNOWN,HIGH,STOP,0
4063.88,1,DECLINED,CRITICAL,STOP,0
8799.73,3,NETWORK_ERROR,MEDIUM,SEND_REMINDER,1
15226.48,1,NETWORK_ERROR,LOW,OFFER_ALTERNATIVE_PAYMENT_METHOD,1
10750.93,2,NETWORK_ERROR,CRITICAL,SEND_REMINDER,1
13239.91,1,NETWORK_ERROR,LOW,OFFER_ALTERNATIVE_PAYMENT_METHOD,0
14419.48,3,DECLINED,MEDIUM,SEND_REMINDER,1
12112.86,3,UNKNOWN,HIGH,SEND_REMINDER,1
11118.83,3,TIMEOUT,MEDIUM,ESCALATE_TO_HUMAN,1
12364.3,2,NETWORK_ERROR,HIGH,ESCALATE_TO_HUMAN,1
4999.24,4,TIMEOUT,MEDIUM,ESCALATE_TO_HUMAN,0
17848.52,2,INSUFFICIENT_FUNDS,LOW,WAIT_AND_RETRY,1
6239.04,5,UNKNOWN,CRITICAL,ESCALATE_TO_HUMAN,0
2097.3,1,DECLINED,CRITICAL,ESCALATE_TO_HUMAN,1
17773.56,5,DECLINED,LOW,STOP,0
4182.06,4,DECLINED,HIGH,OFFER_ALTERNATIVE_PAYMENT_METHOD,1
10200.43,4,DECLINED,MEDIUM,OFFER_ALTERNATIVE_PAYMENT_METHOD,0
1639.4,4,TIMEOUT,CRITICAL,SEND_REMINDER,1
7129.98,3,TIMEOUT,HIGH,SEND_REMINDER,1
17566.84,1,UNKNOWN,MEDIUM,WAIT_AND_RETRY,1
16022.0,4,UNKNOWN,HIGH,OFFER_ALTERNATIVE_PAYMENT_METHOD,0
9870.05,4,DECLINED,LOW,ESCALATE_TO_HUMAN,0
4648.28,3,INSUFFICIENT_FUNDS,CRITICAL,SEND_REMINDER,1
17087.57,5,UNKNOWN,MEDIUM,WAIT_AND_RETRY,0
7354.98,2,NETWORK_ERROR,MEDIUM,WAIT_AND_RETRY,1
11101.2,3,NETWORK_ERROR,HIGH,ESCALATE_TO_HUMAN,1
2918.52,4,INSUFFICIENT_FUNDS,MEDIUM,SEND_REMINDER,0
3415.91,1,TIMEOUT,LOW,STOP,1
13126.98,2,INSUFFICIENT_FUNDS,CRITICAL,ESCALATE_TO_HUMAN,0
4801.28,2,UNKNOWN,LOW,WAIT_AND_RETRY,0
5453.98,2,UNKNOWN,LOW,ESCALATE_TO_HUMAN,0
7441.72,2,TIMEOUT,MEDIUM,SEND_REMINDER,0
6577.01,2,INSUFFICIENT_FUNDS,LOW,STOP,0
1231.32,2,TIMEOUT,LOW,ESCALATE_TO_HUMAN,1
2732.59,5,INSUFFICIENT_FUNDS,HIGH,ESCALATE_TO_HUMAN,1
3585.39,1,TIMEOUT,MEDIUM,STOP,0
1434.77,4,TIMEOUT,LOW,OFFER_ALTERNATIVE_PAYMENT_METHOD,1
15996.88,4,UNKNOWN,CRITICAL,STOP,0
12982.33,5,INSUFFICIENT_FUNDS,CRITICAL,OFFER_ALTERNATIVE_PAYMENT_METHOD,0
8212.8,5,DECLINED,MEDIUM,WAIT_AND_RETRY,0
12035.98,3,INSUFFICIENT_FUNDS,LOW,STOP,0
7713.19,3,INSUFFICIENT_FUNDS,LOW,OFFER_ALTERNATIVE_PAYMENT_METHOD,1
15031.2,2,DECLINED,MEDIUM,ESCALATE_TO_HUMAN,0
15831.43,2,INSUFFICIENT_FUNDS,CRITICAL,SEND_REMINDER,1
18020.02,4,INSUFFICIENT_FUNDS,CRITICAL,ESCALATE_TO_HUMAN,0
9357.57,2,DECLINED,MEDIUM,ESCALATE_TO_HUMAN,0
4982.78,2,NETWORK_ERROR,HIGH,OFFER_ALTERNATIVE_PAYMENT_METHOD,1
9355.28,4,DECLINED,LOW,STOP,0
16439.77,5,DECLINED,LOW,ESCALATE_TO_HUMAN,0
6695.9,3,UNKNOWN,MEDIUM,WAIT_AND_RETRY,0
3004.19,5,INSUFFICIENT_FUNDS,LOW,WAIT_AND_RETRY,0
12650.42,3,NETWORK_ERROR,CRITICAL,ESCALATE_TO_HUMAN,1
12297.23,3,UNKNOWN,HIGH,OFFER_ALTERNATIVE_PAYMENT_METHOD,1
16044.36,5,NETWORK_ERROR,CRITICAL,ESCALATE_TO_HUMAN,1
10328.04,5,UNKNOWN,LOW,SEND_REMINDER,0
7620.71,4,INSUFFICIENT_FUNDS,MEDIUM,SEND_REMINDER,0
4007.05,5,DECLINED,HIGH,ESCALATE_TO_HUMAN,0
975.87,1,TIMEOUT,MEDIUM,ESCALATE_TO_HUMAN,1
8410.02,2,DECLINED,HIGH,SEND_REMINDER,1
1417.94,1,INSUFFICIENT_FUNDS,CRITICAL,WAIT_AND_RETRY,1
18311.17,2,DECLINED,LOW,WAIT_AND_RETRY,0
16252.63,3,UNKNOWN,HIGH,ESCALATE_TO_HUMAN,0
5235.86,5,UNKNOWN,HIGH,OFFER_ALTERNATIVE_PAYMENT_METHOD,0
13388.26,5,UNKNOWN,HIGH,STOP,0
4981.4,1,DECLINED,CRITICAL,OFFER_ALTERNATIVE_PAYMENT_METHOD,1
10225.82,4,DECLINED,LOW,STOP,0
17276.21,1,TIMEOUT,MEDIUM,SEND_REMINDER,0
5049.89,2,NETWORK_ERROR,HIGH,ESCALATE_TO_HUMAN,1
8443.9,3,INSUFFICIENT_FUNDS,LOW,SEND_REMINDER,1
9675.36,1,INSUFFICIENT_FUNDS,LOW,ESCALATE_TO_HUMAN,1
8700.14,4,DECLINED,LOW,OFFER_ALTERNATIVE_PAYMENT_METHOD,0
2452.71,2,DECLINED,CRITICAL,ESCALATE_TO_HUMAN,0
8165.82,2,INSUFFICIENT_FUNDS,MEDIUM,STOP,0
6788.61,5,INSUFFICIENT_FUNDS,CRITICAL,WAIT_AND_RETRY,1
1737.97,1,TIMEOUT,CRITICAL,ESCALATE_TO_HUMAN,0
18694.05,2,NETWORK_ERROR,LOW,ESCALATE_TO_HUMAN,1
2756.32,3,INSUFFICIENT_FUNDS,LOW,WAIT_AND_RETRY,1
6264.37,1,NETWORK_ERROR,LOW,WAIT_AND_RETRY,1
16446.45,2,TIMEOUT,CRITICAL,ESCALATE_TO_HUMAN,1
11908.07,5,UNKNOWN,LOW,STOP,0
1392.36,5,INSUFFICIENT_FUNDS,MEDIUM,STOP,0
12169.02,3,NETWORK_ERROR,CRITICAL,OFFER_ALTERNATIVE_PAYMENT_METHOD,1
13928.68,4,INSUFFICIENT_FUNDS,HIGH,OFFER_ALTERNATIVE_PAYMENT_METHOD,0
16311.3,4,TIMEOUT,HIGH,OFFER_ALTERNATIVE_PAYMENT_METHOD,1
9279.61,2,NETWORK_ERROR,LOW,WAIT_AND_RETRY,1
2442.59,1,DECLINED,MEDIUM,SEND_REMINDER,0
5721.26,3,INSUFFICIENT_FUNDS,MEDIUM,ESCALATE_TO_HUMAN,1
2540.11,5,UNKNOWN,HIGH,SEND_REMINDER,0
13158.02,3,TIMEOUT,CRITICAL,SEND_REMINDER,1
1073.35,3,DECLINED,MEDIUM,ESCALATE_TO_HUMAN,0
19334.4,3,DECLINED,MEDIUM,OFFER_ALTERNATIVE_PAYMENT_METHOD,0
14176.95,3,UNKNOWN,MEDIUM,WAIT_AND_RETRY,0
3367.16,3,DECLINED,LOW,ESCALATE_TO_HUMAN,0
6757.67,1,TIMEOUT,MEDIUM,STOP,0
19145.55,2,TIMEOUT,CRITICAL,WAIT_AND_RETRY,0
12667.61,3,UNKNOWN,HIGH,OFFER_ALTERNATIVE_PAYMENT_METHOD,1
9707.69,5,TIMEOUT,MEDIUM,SEND_REMINDER,1
13207.45,5,INSUFFICIENT_FUNDS,CRITICAL,STOP,0
12288.03,5,TIMEOUT,CRITICAL,WAIT_AND_RETRY,1
14410.23,5,INSUFFICIENT_FUNDS,CRITICAL,WAIT_AND_RETRY,1
456.51,5,NETWORK_ERROR,CRITICAL,ESCALATE_TO_HUMAN,0
18290.69,5,UNKNOWN,MEDIUM,OFFER_ALTERNATIVE_PAYMENT_METHOD,0
4535.7,3,INSUFFICIENT_FUNDS,LOW,SEND_REMINDER,0
11633.32,4,INSUFFICIENT_FUNDS,LOW,STOP,0
4513.84,4,TIMEOUT,CRITICAL,WAIT_AND_RETRY,1
19176.89,3,UNKNOWN,CRITICAL,WAIT_AND_RETRY,0
19056.69,3,UNKNOWN,LOW,ESCALATE_TO_HUMAN,0
4346.95,5,INSUFFICIENT_FUNDS,LOW,SEND_REMINDER,0
7841.63,3,TIMEOUT,MEDIUM,WAIT_AND_RETRY,1
1685.57,2,DECLINED,LOW,WAIT_AND_RETRY,1
15013.26,3,TIMEOUT,HIGH,OFFER_ALTERNATIVE_PAYMENT_METHOD,1
18128.5,2,TIMEOUT,HIGH,WAIT_AND_RETRY,0
5846.69,5,UNKNOWN,LOW,WAIT_AND_RETRY,0
17477.1,1,TIMEOUT,LOW,OFFER_ALTERNATIVE_PAYMENT_METHOD,0
2356.08,4,INSUFFICIENT_FUNDS,LOW,STOP,0
15612.8,4,UNKNOWN,LOW,ESCALATE_TO_HUMAN,0
5638.18,1,INSUFFICIENT_FUNDS,LOW,OFFER_ALTERNATIVE_PAYMENT_METHOD,1
16151.38,5,INSUFFICIENT_FUNDS,LOW,STOP,0
15886.87,1,NETWORK_ERROR,MEDIUM,SEND_REMINDER,1
10489.53,5,TIMEOUT,CRITICAL,OFFER_ALTERNATIVE_PAYMENT_METHOD,1
17084.77,4,NETWORK_ERROR,CRITICAL,SEND_REMINDER,1
12459.39,4,UNKNOWN,LOW,SEND_REMINDER,0
18682.54,4,UNKNOWN,CRITICAL,ESCALATE_TO_HUMAN,0
7440.53,1,NETWORK_ERROR,CRITICAL,SEND_REMINDER,1
7172.89,3,INSUFFICIENT_FUNDS,CRITICAL,WAIT_AND_RETRY,0
17253.94,1,TIMEOUT,LOW,STOP,0
15345.89,5,TIMEOUT,CRITICAL,ESCALATE_TO_HUMAN,0
11076.93,3,NETWORK_ERROR,LOW,OFFER_ALTERNATIVE_PAYMENT_METHOD,1
10787.92,4,INSUFFICIENT_FUNDS,LOW,WAIT_AND_RETRY,1
6074.08,2,INSUFFICIENT_FUNDS,CRITICAL,SEND_REMINDER,1
17009.77,1,UNKNOWN,HIGH,WAIT_AND_RETRY,1
14798.71,4,NETWORK_ERROR,LOW,OFFER_ALTERNATIVE_PAYMENT_METHOD,1
14264.83,2,UNKNOWN,LOW,OFFER_ALTERNATIVE_PAYMENT_METHOD,1
19495.32,3,INSUFFICIENT_FUNDS,LOW,SEND_REMINDER,0
11686.34,1,TIMEOUT,LOW,OFFER_ALTERNATIVE_PAYMENT_METHOD,1
15236.62,5,NETWORK_ERROR,HIGH,STOP,0
2098.67,4,NETWORK_ERROR,HIGH,ESCALATE_TO_HUMAN,1
6732.0,1,TIMEOUT,LOW,WAIT_AND_RETRY,0
11807.25,1,DECLINED,LOW,ESCALATE_TO_HUMAN,0
8179.17,1,INSUFFICIENT_FUNDS,MEDIUM,STOP,0
17910.99,2,NETWORK_ERROR,HIGH,SEND_REMINDER,1
18371.45,1,NETWORK_ERROR,CRITICAL,SEND_REMINDER,1
2620.56,5,TIMEOUT,CRITICAL,WAIT_AND_RETRY,0
17513.95,5,TIMEOUT,CRITICAL,STOP,0
8651.49,5,DECLINED,MEDIUM,STOP,0
2810.59,5,DECLINED,HIGH,OFFER_ALTERNATIVE_PAYMENT_METHOD,0
17137.19,1,DECLINED,HIGH,STOP,0
19558.54,4,UNKNOWN,MEDIUM,OFFER_ALTERNATIVE_PAYMENT_METHOD,0
11574.66,5,NETWORK_ERROR,MEDIUM,SEND_REMINDER,0
4694.03,2,NETWORK_ERROR,LOW,ESCALATE_TO_HUMAN,1
4440.9,1,UNKNOWN,LOW,SEND_REMINDER,0
16616.42,1,DECLINED,LOW,OFFER_ALTERNATIVE_PAYMENT_METHOD,1
2973.24,1,INSUFFICIENT_FUNDS,HIGH,ESCALATE_TO_HUMAN,1
10425.43,3,DECLINED,MEDIUM,SEND_REMINDER,1
7128.25,2,DECLINED,CRITICAL,OFFER_ALTERNATIVE_PAYMENT_METHOD,0
5117.01,4,DECLINED,MEDIUM,WAIT_AND_RETRY,0
16690.43,4,UNKNOWN,HIGH,SEND_REMINDER,0
17638.0,2,INSUFFICIENT_FUNDS,HIGH,SEND_REMINDER,1
373.98,5,NETWORK_ERROR,CRITICAL,OFFER_ALTERNATIVE_PAYMENT_METHOD,1
4563.88,2,INSUFFICIENT_FUNDS,CRITICAL,ESCALATE_TO_HUMAN,1
9658.97,4,TIMEOUT,LOW,SEND_REMINDER,0
7753.17,5,UNKNOWN,MEDIUM,WAIT_AND_RETRY,1
7479.6,3,NETWORK_ERROR,HIGH,STOP,0
14953.42,1,NETWORK_ERROR,LOW,SEND_REMINDER,0
5116.77,2,UNKNOWN,MEDIUM,ESCALATE_TO_HUMAN,0
167.08,1,INSUFFICIENT_FUNDS,CRITICAL,STOP,1
9672.28,2,NETWORK_ERROR,HIGH,ESCALATE_TO_HUMAN,1
16111.4,5,TIMEOUT,CRITICAL,STOP,0
7202.06,4,DECLINED,MEDIUM,SEND_REMINDER,0
17170.15,3,DECLINED,MEDIUM,STOP,0
4628.8,5,NETWORK_ERROR,LOW,WAIT_AND_RETRY,1
2826.22,4,NETWORK_ERROR,MEDIUM,ESCALATE_TO_HUMAN,1
19919.53,1,NETWORK_ERROR,CRITICAL,SEND_REMINDER,1
4369.22,3,NETWORK_ERROR,LOW,OFFER_ALTERNATIVE_PAYMENT_METHOD,1
11791.24,1,INSUFFICIENT_FUNDS,CRITICAL,SEND_REMINDER,1
18478.99,5,NETWORK_ERROR,LOW,OFFER_ALTERNATIVE_PAYMENT_METHOD,0
10784.13,2,NETWORK_ERROR,CRITICAL,OFFER_ALTERNATIVE_PAYMENT_METHOD,1
13180.21,1,DECLINED,MEDIUM,ESCALATE_TO_HUMAN,0
2091.86,5,UNKNOWN,MEDIUM,STOP,0
8599.4,3,INSUFFICIENT_FUNDS,CRITICAL,STOP,0
635.3,1,UNKNOWN,LOW,OFFER_ALTERNATIVE_PAYMENT_METHOD,1
16464.05,2,NETWORK_ERROR,MEDIUM,SEND_REMINDER,0
4033.13,3,DECLINED,LOW,ESCALATE_TO_HUMAN,1
2776.85,1,TIMEOUT,HIGH,OFFER_ALTERNATIVE_PAYMENT_METHOD,1
8693.27,1,TIMEOUT,CRITICAL,ESCALATE_TO_HUMAN,1
7553.26,5,TIMEOUT,CRITICAL,WAIT_AND_RETRY,1
3234.93,1,TIMEOUT,CRITICAL,WAIT_AND_RETRY,1
14023.78,2,INSUFFICIENT_FUNDS,HIGH,ESCALATE_TO_HUMAN,1
19944.63,5,UNKNOWN,MEDIUM,ESCALATE_TO_HUMAN,0
12257.88,4,INSUFFICIENT_FUNDS,HIGH,OFFER_ALTERNATIVE_PAYMENT_METHOD,0
18531.64,1,TIMEOUT,CRITICAL,OFFER_ALTERNATIVE_PAYMENT_METHOD,1
10755.41,1,UNKNOWN,LOW,SEND_REMINDER,0
4671.78,5,NETWORK_ERROR,CRITICAL,ESCALATE_TO_HUMAN,0
11655.18,2,NETWORK_ERROR,MEDIUM,STOP,0
15998.96,2,NETWORK_ERROR,LOW,SEND_REMINDER,1
1763.0,5,UNKNOWN,LOW,OFFER_ALTERNATIVE_PAYMENT_METHOD,0
11023.26,2,NETWORK_ERROR,CRITICAL,ESCALATE_TO_HUMAN,0
4185.48,2,NETWORK_ERROR,MEDIUM,STOP,1
8500.24,5,NETWORK_ERROR,HIGH,ESCALATE_TO_HUMAN,1
5598.59,3,NETWORK_ERROR,LOW,WAIT_AND_RETRY,1
15528.55,1,NETWORK_ERROR,LOW,OFFER_ALTERNATIVE_PAYMENT_METHOD,1
14869.74,5,NETWORK_ERROR,LOW,SEND_REMINDER,0
16126.93,4,UNKNOWN,HIGH,WAIT_AND_RETRY,0
14994.59,5,NETWORK_ERROR,MEDIUM,OFFER_ALTERNATIVE_PAYMENT_METHOD,1
13476.35,5,INSUFFICIENT_FUNDS,HIGH,OFFER_ALTERNATIVE_PAYMENT_METHOD,1
10960.93,2,UNKNOWN,CRITICAL,OFFER_ALTERNATIVE_PAYMENT_METHOD,0
18214.05,1,TIMEOUT,MEDIUM,OFFER_ALTERNATIVE_PAYMENT_METHOD,1
15787.37,3,DECLINED,CRITICAL,WAIT_AND_RETRY,0
9399.52,1,UNKNOWN,LOW,WAIT_AND_RETRY,0
17727.28,4,INSUFFICIENT_FUNDS,HIGH,WAIT_AND_RETRY,0
10366.23,5,TIMEOUT,CRITICAL,ESCALATE_TO_HUMAN,0
4792.46,2,INSUFFICIENT_FUNDS,MEDIUM,OFFER_ALTERNATIVE_PAYMENT_METHOD,1
1075.06,3,TIMEOUT,CRITICAL,WAIT_AND_RETRY,1
883.58,4,NETWORK_ERROR,CRITICAL,SEND_REMINDER,1
12081.84,5,UNKNOWN,CRITICAL,STOP,0
19974.95,5,UNKNOWN,MEDIUM,SEND_REMINDER,1
5429.43,1,NETWORK_ERROR,CRITICAL,OFFER_ALTERNATIVE_PAYMENT_METHOD,1
2572.86,5,UNKNOWN,LOW,OFFER_ALTERNATIVE_PAYMENT_METHOD,0
5247.37,2,UNKNOWN,CRITICAL,ESCALATE_TO_HUMAN,0
5055.41,2,DECLINED,MEDIUM,STOP,0
8054.2,2,TIMEOUT,LOW,SEND_REMINDER,1
12419.59,3,TIMEOUT,HIGH,ESCALATE_TO_HUMAN,1
512.12,4,TIMEOUT,HIGH,STOP,0
2171.45,3,NETWORK_ERROR,CRITICAL,WAIT_AND_RETRY,1
5903.34,4,TIMEOUT,HIGH,OFFER_ALTERNATIVE_PAYMENT_METHOD,0
17338.84,1,TIMEOUT,CRITICAL,SEND_REMINDER,1
7444.05,5,TIMEOUT,HIGH,SEND_REMINDER,0
18237.52,1,NETWORK_ERROR,CRITICAL,ESCALATE_TO_HUMAN,1
15862.67,3,UNKNOWN,LOW,SEND_REMINDER,0
7430.6,5,UNKNOWN,MEDIUM,OFFER_ALTERNATIVE_PAYMENT_METHOD,0
19452.27,4,UNKNOWN,LOW,OFFER_ALTERNATIVE_PAYMENT_METHOD,1
13767.87,1,INSUFFICIENT_FUNDS,MEDIUM,SEND_REMINDER,0
4257.85,3,TIMEOUT,HIGH,STOP,1
14206.67,4,TIMEOUT,MEDIUM,WAIT_AND_RETRY,1
14254.98,4,UNKNOWN,CRITICAL,WAIT_AND_RETRY,0
12168.48,2,TIMEOUT,LOW,SEND_REMINDER,1
2780.67,3,TIMEOUT,LOW,ESCALATE_TO_HUMAN,0
14494.88,1,UNKNOWN,CRITICAL,OFFER_ALTERNATIVE_PAYMENT_METHOD,0
1996.63,5,DECLINED,LOW,WAIT_AND_RETRY,0
4253.2,1,NETWORK_ERROR,LOW,OFFER_ALTERNATIVE_PAYMENT_METHOD,1
2329.09,2,UNKNOWN,LOW,SEND_REMINDER,0
6743.65,4,INSUFFICIENT_FUNDS,HIGH,STOP,0
14523.08,4,NETWORK_ERROR,MEDIUM,ESCALATE_TO_HUMAN,1
15862.44,2,NETWORK_ERROR,LOW,OFFER_ALTERNATIVE_PAYMENT_METHOD,1
16189.42,5,UNKNOWN,HIGH,WAIT_AND_RETRY,0
4594.3,4,UNKNOWN,CRITICAL,OFFER_ALTERNATIVE_PAYMENT_METHOD,0
11772.49,4,TIMEOUT,MEDIUM,SEND_REMINDER,0
12170.71,5,TIMEOUT,LOW,SEND_REMINDER,0
6770.31,4,NETWORK_ERROR,LOW,OFFER_ALTERNATIVE_PAYMENT_METHOD,0
13938.8,3,TIMEOUT,CRITICAL,WAIT_AND_RETRY,0
12646.51,3,TIMEOUT,CRITICAL,ESCALATE_TO_HUMAN,1
19329.13,1,UNKNOWN,LOW,WAIT_AND_RETRY,0
8587.67,1,NETWORK_ERROR,MEDIUM,WAIT_AND_RETRY,1
4143.33,4,DECLINED,LOW,WAIT_AND_RETRY,0
13729.67,1,INSUFFICIENT_FUNDS,MEDIUM,WAIT_AND_RETRY,0
15375.13,3,INSUFFICIENT_FUNDS,HIGH,WAIT_AND_RETRY,0
10230.61,2,DECLINED,LOW,ESCALATE_TO_HUMAN,0
9756.88,5,TIMEOUT,MEDIUM,STOP,0
5878.98,1,NETWORK_ERROR,MEDIUM,OFFER_ALTERNATIVE_PAYMENT_METHOD,1
198.68,5,DECLINED,MEDIUM,OFFER_ALTERNATIVE_PAYMENT_METHOD,0
9590.05,5,UNKNOWN,MEDIUM,ESCALATE_TO_HUMAN,1
4751.57,3,UNKNOWN,LOW,WAIT_AND_RETRY,1
7474.2,1,UNKNOWN,LOW,STOP,0
11332.79,1,INSUFFICIENT_FUNDS,HIGH,STOP,1
413.89,4,INSUFFICIENT_FUNDS,MEDIUM,ESCALATE_TO_HUMAN,0
14152.62,5,DECLINED,CRITICAL,OFFER_ALTERNATIVE_PAYMENT_METHOD,0
12870.81,5,DECLINED,LOW,STOP,0
10751.77,3,UNKNOWN,CRITICAL,STOP,0
6674.04,1,INSUFFICIENT_FUNDS,LOW,STOP,0
11432.68,2,TIMEOUT,MEDIUM,WAIT_AND_RETRY,1
15628.67,2,INSUFFICIENT_FUNDS,MEDIUM,ESCALATE_TO_HUMAN,1
11240.99,1,DECLINED,LOW,STOP,0
8020.08,1,DECLINED,CRITICAL,WAIT_AND_RETRY,0
3560.9,2,INSUFFICIENT_FUNDS,MEDIUM,STOP,0
6582.98,5,INSUFFICIENT_FUNDS,MEDIUM,STOP,0
17951.61,1,INSUFFICIENT_FUNDS,LOW,OFFER_ALTERNATIVE_PAYMENT_METHOD,0
17756.93,1,TIMEOUT,CRITICAL,OFFER_ALTERNATIVE_PAYMENT_METHOD,1
16111.25,2,DECLINED,HIGH,STOP,0
8739.5,3,NETWORK_ERROR,CRITICAL,STOP,1
8197.81,1,TIMEOUT,LOW,STOP,1
8576.48,2,TIMEOUT,HIGH,STOP,1
18484.14,1,INSUFFICIENT_FUNDS,MEDIUM,OFFER_ALTERNATIVE_PAYMENT_METHOD,1
3064.15,5,INSUFFICIENT_FUNDS,HIGH,WAIT_AND_RETRY,0
16667.35,2,DECLINED,MEDIUM,WAIT_AND_RETRY,1
17058.93,4,UNKNOWN,CRITICAL,ESCALATE_TO_HUMAN,1
1197.5,4,UNKNOWN,MEDIUM,WAIT_AND_RETRY,1
3947.32,5,INSUFFICIENT_FUNDS,LOW,WAIT_AND_RETRY,0
7566.31,1,UNKNOWN,HIGH,WAIT_AND_RETRY,1
12170.02,3,NETWORK_ERROR,CRITICAL,ESCALATE_TO_HUMAN,0
17271.68,5,TIMEOUT,CRITICAL,ESCALATE_TO_HUMAN,0
1100.95,3,TIMEOUT,HIGH,OFFER_ALTERNATIVE_PAYMENT_METHOD,1
9955.85,4,UNKNOWN,HIGH,ESCALATE_TO_HUMAN,1
14314.88,4,TIMEOUT,CRITICAL,ESCALATE_TO_HUMAN,0
11966.61,3,NETWORK_ERROR,LOW,ESCALATE_TO_HUMAN,0
16537.52,4,NETWORK_ERROR,MEDIUM,STOP,0
12075.78,3,NETWORK_ERROR,CRITICAL,STOP,0
5329.7,2,TIMEOUT,MEDIUM,ESCALATE_TO_HUMAN,1
18751.11,3,INSUFFICIENT_FUNDS,MEDIUM,SEND_REMINDER,1
19224.18,1,DECLINED,LOW,ESCALATE_TO_HUMAN,1
17005.96,2,NETWORK_ERROR,LOW,STOP,1
7658.61,2,DECLINED,MEDIUM,STOP,0
6423.34,4,DECLINED,HIGH,ESCALATE_TO_HUMAN,0
4443.25,1,UNKNOWN,HIGH,OFFER_ALTERNATIVE_PAYMENT_METHOD,1
1078.77,2,UNKNOWN,HIGH,WAIT_AND_RETRY,1
7972.21,5,NETWORK_ERROR,LOW,ESCALATE_TO_HUMAN,1
19899.08,2,DECLINED,MEDIUM,OFFER_ALTERNATIVE_PAYMENT_METHOD,0
8027.36,5,NETWORK_ERROR,MEDIUM,ESCALATE_TO_HUMAN,0
10043.2,5,TIMEOUT,MEDIUM,WAIT_AND_RETRY,1
3313.39,1,DECLINED,MEDIUM,WAIT_AND_RETRY,0
5295.86,4,TIMEOUT,HIGH,ESCALATE_TO_HUMAN,0
13766.91,4,TIMEOUT,CRITICAL,SEND_REMINDER,0
10833.26,1,UNKNOWN,MEDIUM,STOP,0
6436.99,1,INSUFFICIENT_FUNDS,MEDIUM,STOP,0
19199.37,1,DECLINED,CRITICAL,ESCALATE_TO_HUMAN,0
19889.91,4,DECLINED,LOW,ESCALATE_TO_HUMAN,0
9979.64,4,UNKNOWN,MEDIUM,WAIT_AND_RETRY,0
144.8,5,TIMEOUT,LOW,SEND_REMINDER,1
12620.58,3,TIMEOUT,LOW,ESCALATE_TO_HUMAN,0
13225.15,1,INSUFFICIENT_FUNDS,CRITICAL,WAIT_AND_RETRY,1
8158.2,2,NETWORK_ERROR,MEDIUM,WAIT_AND_RETRY,0
2861.01,5,DECLINED,CRITICAL,STOP,0
11194.78,5,INSUFFICIENT_FUNDS,MEDIUM,ESCALATE_TO_HUMAN,0
10882.97,5,NETWORK_ERROR,MEDIUM,SEND_REMINDER,0
851.98,3,NETWORK_ERROR,MEDIUM,STOP,1
14411.86,3,UNKNOWN,HIGH,SEND_REMINDER,1
12151.39,5,UNKNOWN,LOW,WAIT_AND_RETRY,0
9092.09,5,UNKNOWN,CRITICAL,WAIT_AND_RETRY,0
8883.97,3,TIMEOUT,MEDIUM,STOP,0
7870.87,2,UNKNOWN,MEDIUM,WAIT_AND_RETRY,0
9094.93,4,NETWORK_ERROR,LOW,ESCALATE_TO_HUMAN,1
10690.73,4,UNKNOWN,MEDIUM,STOP,0
8785.65,4,TIMEOUT,MEDIUM,OFFER_ALTERNATIVE_PAYMENT_METHOD,0
4003.46,1,UNKNOWN,HIGH,STOP,1
12906.63,2,INSUFFICIENT_FUNDS,LOW,OFFER_ALTERNATIVE_PAYMENT_METHOD,0
13305.05,3,DECLINED,CRITICAL,STOP,0
9187.05,1,NETWORK_ERROR,LOW,SEND_REMINDER,1
10881.22,3,INSUFFICIENT_FUNDS,HIGH,OFFER_ALTERNATIVE_PAYMENT_METHOD,1
10519.34,4,UNKNOWN,CRITICAL,SEND_REMINDER,1
16546.72,5,INSUFFICIENT_FUNDS,MEDIUM,SEND_REMINDER,0
2748.65,5,UNKNOWN,HIGH,ESCALATE_TO_HUMAN,0
4521.72,2,UNKNOWN,LOW,OFFER_ALTERNATIVE_PAYMENT_METHOD,1
5288.5,3,TIMEOUT,HIGH,ESCALATE_TO_HUMAN,1
18905.99,4,TIMEOUT,MEDIUM,ESCALATE_TO_HUMAN,0
4510.88,2,INSUFFICIENT_FUNDS,HIGH,WAIT_AND_RETRY,1
19829.44,5,NETWORK_ERROR,CRITICAL,OFFER_ALTERNATIVE_PAYMENT_METHOD,1
19037.4,4,UNKNOWN,HIGH,ESCALATE_TO_HUMAN,0
11217.83,1,UNKNOWN,HIGH,ESCALATE_TO_HUMAN,0
5817.36,3,TIMEOUT,LOW,SEND_REMINDER,1
12501.29,5,UNKNOWN,LOW,WAIT_AND_RETRY,0
12020.12,2,NETWORK_ERROR,MEDIUM,STOP,0
6738.94,2,INSUFFICIENT_FUNDS,LOW,WAIT_AND_RETRY,0
4282.7,3,NETWORK_ERROR,HIGH,OFFER_ALTERNATIVE_PAYMENT_METHOD,1
6602.68,3,TIMEOUT,LOW,SEND_REMINDER,0
7385.59,2,DECLINED,CRITICAL,STOP,0
15996.19,4,INSUFFICIENT_FUNDS,LOW,WAIT_AND_RETRY,0
5388.51,2,NETWORK_ERROR,HIGH,WAIT_AND_RETRY,1
7141.8,4,DECLINED,LOW,STOP,0
11273.56,5,TIMEOUT,CRITICAL,WAIT_AND_RETRY,1
2682.54,5,UNKNOWN,HIGH,ESCALATE_TO_HUMAN,1
2823.31,3,UNKNOWN,CRITICAL,ESCALATE_TO_HUMAN,1
6556.66,5,UNKNOWN,CRITICAL,ESCALATE_TO_HUMAN,0
5662.81,2,TIMEOUT,CRITICAL,OFFER_ALTERNATIVE_PAYMENT_METHOD,1
19664.76,3,UNKNOWN,HIGH,STOP,0
7337.82,3,UNKNOWN,HIGH,SEND_REMINDER,0
6160.38,5,NETWORK_ERROR,LOW,ESCALATE_TO_HUMAN,0
605.38,1,NETWORK_ERROR,LOW,SEND_REMINDER,1
7512.82,2,UNKNOWN,MEDIUM,WAIT_AND_RETRY,0
2709.45,1,INSUFFICIENT_FUNDS,HIGH,WAIT_AND_RETRY,1
6547.13,4,NETWORK_ERROR,MEDIUM,ESCALATE_TO_HUMAN,0
3724.77,1,INSUFFICIENT_FUNDS,HIGH,OFFER_ALTERNATIVE_PAYMENT_METHOD,0
10543.36,4,DECLINED,CRITICAL,SEND_REMINDER,0
17021.81,2,DECLINED,CRITICAL,ESCALATE_TO_HUMAN,0
5924.1,4,TIMEOUT,LOW,SEND_REMINDER,1
10354.75,2,INSUFFICIENT_FUNDS,HIGH,SEND_REMINDER,0
1484.91,2,TIMEOUT,LOW,SEND_REMINDER,1
1352.02,2,UNKNOWN,MEDIUM,WAIT_AND_RETRY,0
12518.95,1,DECLINED,LOW,WAIT_AND_RETRY,0
8365.82,4,TIMEOUT,MEDIUM,STOP,0
582.09,2,DECLINED,CRITICAL,STOP,0
13336.63,2,TIMEOUT,HIGH,ESCALATE_TO_HUMAN,1
5280.78,3,UNKNOWN,HIGH,ESCALATE_TO_HUMAN,1
3179.62,5,NETWORK_ERROR,HIGH,SEND_REMINDER,0
10267.47,4,DECLINED,MEDIUM,WAIT_AND_RETRY,0
11032.54,2,DECLINED,LOW,ESCALATE_TO_HUMAN,1
9197.62,2,TIMEOUT,CRITICAL,SEND_REMINDER,0
13142.38,2,NETWORK_ERROR,HIGH,SEND_REMINDER,1
11575.3,5,UNKNOWN,MEDIUM,ESCALATE_TO_HUMAN,0
19111.31,4,INSUFFICIENT_FUNDS,LOW,OFFER_ALTERNATIVE_PAYMENT_METHOD,1
11058.11,2,TIMEOUT,HIGH,OFFER_ALTERNATIVE_PAYMENT_METHOD,0
4965.97,5,UNKNOWN,MEDIUM,OFFER_ALTERNATIVE_PAYMENT_METHOD,0
6230.42,4,NETWORK_ERROR,CRITICAL,ESCALATE_TO_HUMAN,0
17661.88,2,TIMEOUT,CRITICAL,OFFER_ALTERNATIVE_PAYMENT_METHOD,1
489.25,3,INSUFFICIENT_FUNDS,HIGH,STOP,0
15521.13,5,NETWORK_ERROR,MEDIUM,ESCALATE_TO_HUMAN,0
16974.08,5,DECLINED,LOW,SEND_REMINDER,0
8858.82,2,NETWORK_ERROR,HIGH,SEND_REMINDER,1
11958.33,5,DECLINED,LOW,SEND_REMINDER,0
17918.12,3,TIMEOUT,MEDIUM,SEND_REMINDER,1
16265.18,1,TIMEOUT,HIGH,ESCALATE_TO_HUMAN,1
14549.58,1,UNKNOWN,MEDIUM,SEND_REMINDER,1
984.87,5,DECLINED,CRITICAL,STOP,0
17286.1,4,INSUFFICIENT_FUNDS,MEDIUM,OFFER_ALTERNATIVE_PAYMENT_METHOD,0
7211.55,2,UNKNOWN,CRITICAL,WAIT_AND_RETRY,0
18458.69,1,TIMEOUT,LOW,OFFER_ALTERNATIVE_PAYMENT_METHOD,0
4802.12,4,NETWORK_ERROR,HIGH,WAIT_AND_RETRY,1
7003.06,2,TIMEOUT,LOW,WAIT_AND_RETRY,1
12893.94,2,UNKNOWN,HIGH,WAIT_AND_RETRY,1
4056.91,3,UNKNOWN,MEDIUM,WAIT_AND_RETRY,0
4007.02,1,UNKNOWN,CRITICAL,ESCALATE_TO_HUMAN,1
13766.79,4,NETWORK_ERROR,LOW,SEND_REMINDER,1
12702.48,2,NETWORK_ERROR,MEDIUM,SEND_REMINDER,1
13767.04,4,DECLINED,CRITICAL,SEND_REMINDER,0
12156.16,1,NETWORK_ERROR,LOW,ESCALATE_TO_HUMAN,1
2677.1,2,NETWORK_ERROR,LOW,STOP,0
8985.17,3,UNKNOWN,CRITICAL,SEND_REMINDER,1
12497.18,2,NETWORK_ERROR,HIGH,STOP,1
7667.64,2,UNKNOWN,LOW,SEND_REMINDER,0
17549.76,3,UNKNOWN,LOW,SEND_REMINDER,0
5712.7,1,NETWORK_ERROR,HIGH,WAIT_AND_RETRY,1
13692.53,5,TIMEOUT,HIGH,WAIT_AND_RETRY,0
6600.12,2,TIMEOUT,HIGH,ESCALATE_TO_HUMAN,1
16815.83,5,TIMEOUT,HIGH,OFFER_ALTERNATIVE_PAYMENT_METHOD,0
16808.96,1,NETWORK_ERROR,MEDIUM,STOP,0
2651.25,5,DECLINED,LOW,WAIT_AND_RETRY,0
9129.31,2,INSUFFICIENT_FUNDS,MEDIUM,ESCALATE_TO_HUMAN,0
11038.93,5,INSUFFICIENT_FUNDS,CRITICAL,OFFER_ALTERNATIVE_PAYMENT_METHOD,0
2693.64,1,INSUFFICIENT_FUNDS,LOW,SEND_REMINDER,1
19802.99,1,DECLINED,LOW,OFFER_ALTERNATIVE_PAYMENT_METHOD,0
9638.28,5,DECLINED,HIGH,WAIT_AND_RETRY,0
12426.55,4,NETWORK_ERROR,CRITICAL,ESCALATE_TO_HUMAN,0
545.37,2,TIMEOUT,MEDIUM,OFFER_ALTERNATIVE_PAYMENT_METHOD,1
18908.53,1,INSUFFICIENT_FUNDS,HIGH,OFFER_ALTERNATIVE_PAYMENT_METHOD,0
3256.11,1,TIMEOUT,HIGH,WAIT_AND_RETRY,1
2581.42,5,INSUFFICIENT_FUNDS,CRITICAL,ESCALATE_TO_HUMAN,0
15391.41,4,INSUFFICIENT_FUNDS,CRITICAL,OFFER_ALTERNATIVE_PAYMENT_METHOD,0
7480.67,5,INSUFFICIENT_FUNDS,HIGH,OFFER_ALTERNATIVE_PAYMENT_METHOD,0
3532.4,2,INSUFFICIENT_FUNDS,CRITICAL,WAIT_AND_RETRY,1
16220.75,4,DECLINED,LOW,WAIT_AND_RETRY,1
1282.03,1,UNKNOWN,LOW,WAIT_AND_RETRY,1
16141.33,4,UNKNOWN,MEDIUM,WAIT_AND_RETRY,0
5595.78,1,DECLINED,MEDIUM,ESCALATE_TO_HUMAN,0
10933.02,5,NETWORK_ERROR,HIGH,ESCALATE_TO_HUMAN,1
11895.67,1,INSUFFICIENT_FUNDS,LOW,ESCALATE_TO_HUMAN,1
10216.43,4,DECLINED,LOW,SEND_REMINDER,0
14281.16,3,NETWORK_ERROR,LOW,OFFER_ALTERNATIVE_PAYMENT_METHOD,1
10660.81,3,DECLINED,HIGH,SEND_REMINDER,0
3582.11,2,NETWORK_ERROR,LOW,STOP,1
7043.78,5,INSUFFICIENT_FUNDS,CRITICAL,ESCALATE_TO_HUMAN,0
11963.59,4,NETWORK_ERROR,MEDIUM,WAIT_AND_RETRY,0
6741.88,2,UNKNOWN,CRITICAL,SEND_REMINDER,0
18397.18,4,INSUFFICIENT_FUNDS,CRITICAL,ESCALATE_TO_HUMAN,0
3063.38,3,UNKNOWN,LOW,STOP,0
2850.62,4,NETWORK_ERROR,LOW,WAIT_AND_RETRY,0
8119.39,4,NETWORK_ERROR,HIGH,OFFER_ALTERNATIVE_PAYMENT_METHOD,0
596.17,1,NETWORK_ERROR,LOW,ESCALATE_TO_HUMAN,1
13364.08,1,INSUFFICIENT_FUNDS,LOW,WAIT_AND_RETRY,0
5327.61,2,UNKNOWN,LOW,STOP,0
17172.61,3,UNKNOWN,LOW,OFFER_ALTERNATIVE_PAYMENT_METHOD,1
19949.95,1,INSUFFICIENT_FUNDS,MEDIUM,WAIT_AND_RETRY,1
12216.1,1,UNKNOWN,HIGH,STOP,0
18592.29,4,UNKNOWN,CRITICAL,SEND_REMINDER,0
4053.41,5,DECLINED,LOW,ESCALATE_TO_HUMAN,0
11175.19,3,NETWORK_ERROR,CRITICAL,ESCALATE_TO_HUMAN,0
3053.95,4,INSUFFICIENT_FUNDS,LOW,ESCALATE_TO_HUMAN,0
5396.87,2,TIMEOUT,HIGH,ESCALATE_TO_HUMAN,1
14765.66,5,UNKNOWN,HIGH,STOP,0
2367.38,5,DECLINED,LOW,WAIT_AND_RETRY,0
18230.31,2,DECLINED,MEDIUM,WAIT_AND_RETRY,1
1114.52,4,UNKNOWN,MEDIUM,WAIT_AND_RETRY,1
1192.96,2,NETWORK_ERROR,HIGH,WAIT_AND_RETRY,1
18048.53,5,NETWORK_ERROR,MEDIUM,OFFER_ALTERNATIVE_PAYMENT_METHOD,0
15043.42,5,UNKNOWN,CRITICAL,SEND_REMINDER,0
1761.67,4,NETWORK_ERROR,HIGH,STOP,1
16424.94,1,UNKNOWN,CRITICAL,OFFER_ALTERNATIVE_PAYMENT_METHOD,1
2850.99,1,DECLINED,HIGH,STOP,0
18549.34,5,DECLINED,HIGH,ESCALATE_TO_HUMAN,0
10828.09,1,NETWORK_ERROR,HIGH,STOP,1
9538.72,4,NETWORK_ERROR,MEDIUM,SEND_REMINDER,1
1794.05,5,DECLINED,LOW,WAIT_AND_RETRY,0
10266.88,4,UNKNOWN,HIGH,SEND_REMINDER,0
8527.14,5,TIMEOUT,CRITICAL,ESCALATE_TO_HUMAN,0
19981.06,4,NETWORK_ERROR,HIGH,WAIT_AND_RETRY,0
4663.81,1,INSUFFICIENT_FUNDS,LOW,STOP,0
7156.74,1,DECLINED,MEDIUM,SEND_REMINDER,0
13516.43,5,UNKNOWN,MEDIUM,OFFER_ALTERNATIVE_PAYMENT_METHOD,0
7145.45,4,UNKNOWN,CRITICAL,SEND_REMINDER,0
998.83,5,DECLINED,HIGH,STOP,0
10981.29,3,UNKNOWN,CRITICAL,WAIT_AND_RETRY,1
10282.84,2,NETWORK_ERROR,CRITICAL,WAIT_AND_RETRY,1
6826.56,4,TIMEOUT,MEDIUM,OFFER_ALTERNATIVE_PAYMENT_METHOD,0
4938.85,4,INSUFFICIENT_FUNDS,MEDIUM,WAIT_AND_RETRY,0
11520.02,2,INSUFFICIENT_FUNDS,CRITICAL,STOP,0
4636.25,1,DECLINED,MEDIUM,OFFER_ALTERNATIVE_PAYMENT_METHOD,1
3111.64,5,DECLINED,LOW,ESCALATE_TO_HUMAN,1
16677.11,1,INSUFFICIENT_FUNDS,LOW,SEND_REMINDER,0
2347.63,2,INSUFFICIENT_FUNDS,MEDIUM,SEND_REMINDER,0
2248.41,2,DECLINED,CRITICAL,WAIT_AND_RETRY,1
19622.15,1,INSUFFICIENT_FUNDS,HIGH,STOP,0
8072.11,1,TIMEOUT,HIGH,OFFER_ALTERNATIVE_PAYMENT_METHOD,1
9962.28,3,NETWORK_ERROR,LOW,ESCALATE_TO_HUMAN,1
728.16,2,INSUFFICIENT_FUNDS,HIGH,WAIT_AND_RETRY,0
8386.18,1,DECLINED,CRITICAL,WAIT_AND_RETRY,0
2622.87,3,UNKNOWN,LOW,STOP,0
18160.31,1,DECLINED,CRITICAL,STOP,0
5502.82,4,INSUFFICIENT_FUNDS,CRITICAL,STOP,0
2181.27,2,INSUFFICIENT_FUNDS,MEDIUM,ESCALATE_TO_HUMAN,0
18948.98,5,DECLINED,MEDIUM,STOP,0
12409.05,4,INSUFFICIENT_FUNDS,CRITICAL,STOP,0
17861.21,1,INSUFFICIENT_FUNDS,HIGH,STOP,1
6339.76,1,NETWORK_ERROR,LOW,STOP,1
12022.25,2,NETWORK_ERROR,CRITICAL,OFFER_ALTERNATIVE_PAYMENT_METHOD,1
18582.09,1,INSUFFICIENT_FUNDS,LOW,WAIT_AND_RETRY,1
8507.39,1,TIMEOUT,CRITICAL,SEND_REMINDER,1
5046.2,2,NETWORK_ERROR,HIGH,OFFER_ALTERNATIVE_PAYMENT_METHOD,1
1210.65,4,NETWORK_ERROR,LOW,WAIT_AND_RETRY,1
13061.41,3,TIMEOUT,HIGH,STOP,0
5079.33,1,INSUFFICIENT_FUNDS,CRITICAL,ESCALATE_TO_HUMAN,0
5552.04,5,UNKNOWN,CRITICAL,ESCALATE_TO_HUMAN,0
1095.05,4,INSUFFICIENT_FUNDS,MEDIUM,WAIT_AND_RETRY,0
18634.72,3,DECLINED,HIGH,ESCALATE_TO_HUMAN,0
6864.34,1,UNKNOWN,CRITICAL,OFFER_ALTERNATIVE_PAYMENT_METHOD,0
19298.68,2,UNKNOWN,LOW,ESCALATE_TO_HUMAN,1
17155.04,3,INSUFFICIENT_FUNDS,CRITICAL,ESCALATE_TO_HUMAN,0
17100.34,2,DECLINED,HIGH,OFFER_ALTERNATIVE_PAYMENT_METHOD,1
7990.16,3,UNKNOWN,HIGH,SEND_REMINDER,0
282.21,4,TIMEOUT,MEDIUM,WAIT_AND_RETRY,1
5952.84,4,DECLINED,CRITICAL,ESCALATE_TO_HUMAN,0
2773.3,3,UNKNOWN,LOW,ESCALATE_TO_HUMAN,1
1673.4,3,NETWORK_ERROR,LOW,OFFER_ALTERNATIVE_PAYMENT_METHOD,0
17050.56,3,UNKNOWN,CRITICAL,WAIT_AND_RETRY,1
18098.3,5,NETWORK_ERROR,LOW,ESCALATE_TO_HUMAN,0
19641.37,4,DECLINED,MEDIUM,SEND_REMINDER,0
3540.49,5,INSUFFICIENT_FUNDS,CRITICAL,WAIT_AND_RETRY,0
5536.62,2,DECLINED,HIGH,SEND_REMINDER,0
8557.26,2,NETWORK_ERROR,MEDIUM,WAIT_AND_RETRY,1
5099.45,4,INSUFFICIENT_FUNDS,MEDIUM,ESCALATE_TO_HUMAN,0
11815.97,4,UNKNOWN,LOW,ESCALATE_TO_HUMAN,0
19476.69,2,INSUFFICIENT_FUNDS,HIGH,STOP,1
2645.54,5,TIMEOUT,HIGH,OFFER_ALTERNATIVE_PAYMENT_METHOD,1
15073.19,3,NETWORK_ERROR,LOW,ESCALATE_TO_HUMAN,1
13091.14,3,DECLINED,HIGH,SEND_REMINDER,0
16925.65,1,NETWORK_ERROR,MEDIUM,SEND_REMINDER,1
14287.21,4,INSUFFICIENT_FUNDS,CRITICAL,STOP,0
19667.46,4,DECLINED,CRITICAL,SEND_REMINDER,0
5940.05,2,DECLINED,MEDIUM,WAIT_AND_RETRY,1
16668.82,5,DECLINED,MEDIUM,WAIT_AND_RETRY,0
7137.24,1,UNKNOWN,LOW,WAIT_AND_RETRY,1
7801.79,2,NETWORK_ERROR,HIGH,OFFER_ALTERNATIVE_PAYMENT_METHOD,1
3967.8,4,UNKNOWN,MEDIUM,OFFER_ALTERNATIVE_PAYMENT_METHOD,0
10110.52,2,INSUFFICIENT_FUNDS,MEDIUM,OFFER_ALTERNATIVE_PAYMENT_METHOD,0
17633.82,1,NETWORK_ERROR,LOW,STOP,1
17464.48,4,DECLINED,HIGH,STOP,0
16866.95,3,TIMEOUT,HIGH,OFFER_ALTERNATIVE_PAYMENT_METHOD,1
13433.52,3,INSUFFICIENT_FUNDS,HIGH,ESCALATE_TO_HUMAN,1
10681.57,5,INSUFFICIENT_FUNDS,LOW,ESCALATE_TO_HUMAN,0
4427.11,5,NETWORK_ERROR,LOW,OFFER_ALTERNATIVE_PAYMENT_METHOD,1
11955.55,2,UNKNOWN,CRITICAL,STOP,0
5183.59,5,DECLINED,CRITICAL,STOP,0
15550.58,5,NETWORK_ERROR,HIGH,OFFER_ALTERNATIVE_PAYMENT_METHOD,1
14091.24,4,NETWORK_ERROR,HIGH,ESCALATE_TO_HUMAN,0
5150.48,2,NETWORK_ERROR,LOW,STOP,0
19273.79,3,TIMEOUT,HIGH,SEND_REMINDER,0
16649.67,2,UNKNOWN,CRITICAL,SEND_REMINDER,0
4841.52,1,TIMEOUT,LOW,STOP,1
7898.75,2,UNKNOWN,MEDIUM,SEND_REMINDER,0
10342.21,1,UNKNOWN,MEDIUM,SEND_REMINDER,1
991.16,1,NETWORK_ERROR,MEDIUM,SEND_REMINDER,1
142.04,1,UNKNOWN,CRITICAL,ESCALATE_TO_HUMAN,1
2380.83,1,UNKNOWN,CRITICAL,ESCALATE_TO_HUMAN,1
11000.05,3,TIMEOUT,HIGH,ESCALATE_TO_HUMAN,0
5846.4,2,UNKNOWN,HIGH,OFFER_ALTERNATIVE_PAYMENT_METHOD,0
12858.95,1,UNKNOWN,LOW,ESCALATE_TO_HUMAN,1
15682.46,5,TIMEOUT,MEDIUM,OFFER_ALTERNATIVE_PAYMENT_METHOD,1
17340.46,5,INSUFFICIENT_FUNDS,LOW,WAIT_AND_RETRY,1
14693.37,1,DECLINED,CRITICAL,SEND_REMINDER,1
16365.66,3,INSUFFICIENT_FUNDS,CRITICAL,ESCALATE_TO_HUMAN,0
6695.01,1,DECLINED,CRITICAL,ESCALATE_TO_HUMAN,0
1931.35,1,DECLINED,HIGH,OFFER_ALTERNATIVE_PAYMENT_METHOD,0
14208.28,2,INSUFFICIENT_FUNDS,LOW,ESCALATE_TO_HUMAN,0
2101.37,5,UNKNOWN,HIGH,STOP,0
10503.58,1,INSUFFICIENT_FUNDS,MEDIUM,ESCALATE_TO_HUMAN,1
4125.81,5,TIMEOUT,CRITICAL,STOP,0
11335.57,4,TIMEOUT,CRITICAL,STOP,0
406.99,2,UNKNOWN,CRITICAL,STOP,0
17964.35,5,NETWORK_ERROR,CRITICAL,STOP,0
13242.2,4,UNKNOWN,LOW,OFFER_ALTERNATIVE_PAYMENT_METHOD,1
16076.73,4,TIMEOUT,HIGH,ESCALATE_TO_HUMAN,0
11430.06,4,NETWORK_ERROR,MEDIUM,SEND_REMINDER,1
1830.81,4,INSUFFICIENT_FUNDS,CRITICAL,STOP,0
16637.64,2,DECLINED,LOW,OFFER_ALTERNATIVE_PAYMENT_METHOD,0
11110.59,1,UNKNOWN,HIGH,SEND_REMINDER,0
15700.91,3,INSUFFICIENT_FUNDS,HIGH,WAIT_AND_RETRY,1
9192.67,1,TIMEOUT,CRITICAL,OFFER_ALTERNATIVE_PAYMENT_METHOD,1
3779.08,1,NETWORK_ERROR,MEDIUM,OFFER_ALTERNATIVE_PAYMENT_METHOD,1
14284.13,4,TIMEOUT,CRITICAL,OFFER_ALTERNATIVE_PAYMENT_METHOD,1
2904.17,4,INSUFFICIENT_FUNDS,LOW,ESCALATE_TO_HUMAN,1
14171.95,3,INSUFFICIENT_FUNDS,HIGH,SEND_REMINDER,1
11115.69,3,INSUFFICIENT_FUNDS,CRITICAL,WAIT_AND_RETRY,1
15612.1,2,NETWORK_ERROR,MEDIUM,SEND_REMINDER,0
7406.66,1,UNKNOWN,LOW,WAIT_AND_RETRY,1
8046.04,3,DECLINED,HIGH,WAIT_AND_RETRY,0
4304.32,2,INSUFFICIENT_FUNDS,CRITICAL,SEND_REMINDER,1
18398.89,5,INSUFFICIENT_FUNDS,HIGH,WAIT_AND_RETRY,1
9760.95,5,TIMEOUT,MEDIUM,OFFER_ALTERNATIVE_PAYMENT_METHOD,0
4883.37,2,DECLINED,LOW,ESCALATE_TO_HUMAN,0
10890.67,3,NETWORK_ERROR,CRITICAL,WAIT_AND_RETRY,1
7093.5,5,NETWORK_ERROR,LOW,WAIT_AND_RETRY,1
19497.02,5,TIMEOUT,CRITICAL,WAIT_AND_RETRY,0
13173.05,3,TIMEOUT,CRITICAL,WAIT_AND_RETRY,1
968.03,3,TIMEOUT,CRITICAL,WAIT_AND_RETRY,0
2809.67,1,NETWORK_ERROR,CRITICAL,WAIT_AND_RETRY,1
11913.6,1,NETWORK_ERROR,CRITICAL,OFFER_ALTERNATIVE_PAYMENT_METHOD,0
16616.54,1,UNKNOWN,HIGH,STOP,0
14012.62,2,TIMEOUT,CRITICAL,ESCALATE_TO_HUMAN,1
11504.38,4,INSUFFICIENT_FUNDS,MEDIUM,STOP,0
19135.34,1,DECLINED,LOW,STOP,0
10341.94,2,DECLINED,MEDIUM,OFFER_ALTERNATIVE_PAYMENT_METHOD,0
1744.58,1,NETWORK_ERROR,HIGH,OFFER_ALTERNATIVE_PAYMENT_METHOD,1
7100.72,5,UNKNOWN,CRITICAL,SEND_REMINDER,0
1467.54,3,TIMEOUT,HIGH,ESCALATE_TO_HUMAN,1
15302.42,2,INSUFFICIENT_FUNDS,MEDIUM,ESCALATE_TO_HUMAN,0
8172.07,3,UNKNOWN,CRITICAL,WAIT_AND_RETRY,0
9011.31,5,UNKNOWN,MEDIUM,OFFER_ALTERNATIVE_PAYMENT_METHOD,0
18625.88,5,TIMEOUT,HIGH,SEND_REMINDER,1
4634.24,3,DECLINED,MEDIUM,STOP,1
6746.45,4,DECLINED,HIGH,WAIT_AND_RETRY,0
9034.81,3,INSUFFICIENT_FUNDS,LOW,OFFER_ALTERNATIVE_PAYMENT_METHOD,0
3273.17,5,TIMEOUT,LOW,STOP,1
18744.66,3,NETWORK_ERROR,LOW,ESCALATE_TO_HUMAN,1
6258.52,1,UNKNOWN,LOW,SEND_REMINDER,1
1758.36,1,DECLINED,CRITICAL,WAIT_AND_RETRY,0
13764.89,2,INSUFFICIENT_FUNDS,HIGH,ESCALATE_TO_HUMAN,0
1174.27,2,TIMEOUT,LOW,ESCALATE_TO_HUMAN,0
7481.89,2,INSUFFICIENT_FUNDS,HIGH,WAIT_AND_RETRY,0
19964.4,1,TIMEOUT,MEDIUM,ESCALATE_TO_HUMAN,0
15720.18,5,INSUFFICIENT_FUNDS,LOW,WAIT_AND_RETRY,1
8411.85,1,NETWORK_ERROR,HIGH,WAIT_AND_RETRY,1
17270.19,2,INSUFFICIENT_FUNDS,HIGH,ESCALATE_TO_HUMAN,0
12390.94,1,DECLINED,HIGH,WAIT_AND_RETRY,0
9897.02,4,TIMEOUT,MEDIUM,ESCALATE_TO_HUMAN,0
1085.4,3,UNKNOWN,HIGH,WAIT_AND_RETRY,0
13361.9,1,NETWORK_ERROR,LOW,ESCALATE_TO_HUMAN,1
13583.01,2,INSUFFICIENT_FUNDS,LOW,SEND_REMINDER,0
11621.67,1,INSUFFICIENT_FUNDS,HIGH,SEND_REMINDER,0
17577.91,4,NETWORK_ERROR,HIGH,WAIT_AND_RETRY,1
6067.85,5,NETWORK_ERROR,MEDIUM,OFFER_ALTERNATIVE_PAYMENT_METHOD,0
12370.33,2,UNKNOWN,HIGH,OFFER_ALTERNATIVE_PAYMENT_METHOD,0
4948.26,3,UNKNOWN,HIGH,SEND_REMINDER,1
7819.65,1,NETWORK_ERROR,CRITICAL,ESCALATE_TO_HUMAN,1
11594.42,1,DECLINED,CRITICAL,STOP,0
10980.03,4,DECLINED,HIGH,WAIT_AND_RETRY,0
17919.23,4,UNKNOWN,HIGH,SEND_REMINDER,0
19132.69,2,UNKNOWN,HIGH,OFFER_ALTERNATIVE_PAYMENT_METHOD,0
19267.29,3,TIMEOUT,LOW,WAIT_AND_RETRY,1
9223.68,2,INSUFFICIENT_FUNDS,HIGH,WAIT_AND_RETRY,1
12694.37,1,NETWORK_ERROR,CRITICAL,SEND_REMINDER,0
6330.76,2,DECLINED,MEDIUM,OFFER_ALTERNATIVE_PAYMENT_METHOD,1
10791.05,2,UNKNOWN,LOW,SEND_REMINDER,0
11496.38,2,TIMEOUT,MEDIUM,OFFER_ALTERNATIVE_PAYMENT_METHOD,1
1995.45,1,NETWORK_ERROR,LOW,ESCALATE_TO_HUMAN,1
1023.26,2,NETWORK_ERROR,CRITICAL,STOP,1
377.5,1,NETWORK_ERROR,CRITICAL,ESCALATE_TO_HUMAN,1
15912.11,5,NETWORK_ERROR,HIGH,OFFER_ALTERNATIVE_PAYMENT_METHOD,0
18478.24,4,INSUFFICIENT_FUNDS,CRITICAL,OFFER_ALTERNATIVE_PAYMENT_METHOD,0
17228.0,1,TIMEOUT,CRITICAL,OFFER_ALTERNATIVE_PAYMENT_METHOD,1
1023.88,2,DECLINED,MEDIUM,WAIT_AND_RETRY,0
2915.16,3,INSUFFICIENT_FUNDS,MEDIUM,WAIT_AND_RETRY,1
19667.74,1,UNKNOWN,MEDIUM,WAIT_AND_RETRY,0
2379.24,3,TIMEOUT,MEDIUM,STOP,1
3862.0,2,NETWORK_ERROR,MEDIUM,WAIT_AND_RETRY,1
18216.68,1,UNKNOWN,CRITICAL,WAIT_AND_RETRY,0
11354.31,4,NETWORK_ERROR,LOW,STOP,0
10757.06,3,UNKNOWN,LOW,STOP,0
11422.6,4,DECLINED,MEDIUM,WAIT_AND_RETRY,0
10383.6,1,INSUFFICIENT_FUNDS,MEDIUM,ESCALATE_TO_HUMAN,1
16185.09,5,TIMEOUT,LOW,STOP,0
12212.26,2,UNKNOWN,CRITICAL,SEND_REMINDER,0
5594.61,3,NETWORK_ERROR,LOW,STOP,1
14475.41,4,TIMEOUT,LOW,WAIT_AND_RETRY,1
4353.65,3,UNKNOWN,MEDIUM,SEND_REMINDER,1
18915.74,1,INSUFFICIENT_FUNDS,LOW,OFFER_ALTERNATIVE_PAYMENT_METHOD,1
19749.32,2,TIMEOUT,LOW,WAIT_AND_RETRY,1
19074.38,3,UNKNOWN,MEDIUM,WAIT_AND_RETRY,0
14740.81,1,TIMEOUT,LOW,SEND_REMINDER,0
5612.26,2,TIMEOUT,MEDIUM,SEND_REMINDER,0
10010.74,2,NETWORK_ERROR,MEDIUM,OFFER_ALTERNATIVE_PAYMENT_METHOD,1
924.43,2,UNKNOWN,LOW,ESCALATE_TO_HUMAN,1
1035.99,3,DECLINED,MEDIUM,WAIT_AND_RETRY,0
16515.08,3,UNKNOWN,MEDIUM,ESCALATE_TO_HUMAN,0
7181.59,5,NETWORK_ERROR,MEDIUM,SEND_REMINDER,0
13707.36,2,UNKNOWN,LOW,ESCALATE_TO_HUMAN,0
16277.8,1,DECLINED,HIGH,ESCALATE_TO_HUMAN,0
913.45,2,UNKNOWN,MEDIUM,WAIT_AND_RETRY,0
680.52,2,UNKNOWN,HIGH,WAIT_AND_RETRY,0
7898.45,2,UNKNOWN,LOW,SEND_REMINDER,0
8454.01,1,UNKNOWN,LOW,OFFER_ALTERNATIVE_PAYMENT_METHOD,1
17707.48,4,DECLINED,CRITICAL,WAIT_AND_RETRY,0
14038.48,2,NETWORK_ERROR,CRITICAL,OFFER_ALTERNATIVE_PAYMENT_METHOD,1
6133.61,3,INSUFFICIENT_FUNDS,HIGH,WAIT_AND_RETRY,1
8686.56,2,INSUFFICIENT_FUNDS,MEDIUM,SEND_REMINDER,0
6941.42,3,UNKNOWN,CRITICAL,SEND_REMINDER,0
2676.57,2,DECLINED,MEDIUM,ESCALATE_TO_HUMAN,0
2437.68,3,TIMEOUT,HIGH,SEND_REMINDER,0
13342.75,3,UNKNOWN,HIGH,OFFER_ALTERNATIVE_PAYMENT_METHOD,0
2118.1,5,UNKNOWN,LOW,STOP,0
18987.96,5,UNKNOWN,LOW,STOP,0
3035.63,2,INSUFFICIENT_FUNDS,LOW,STOP,0
7667.3,2,TIMEOUT,HIGH,SEND_REMINDER,0
14431.29,3,DECLINED,MEDIUM,OFFER_ALTERNATIVE_PAYMENT_METHOD,0
7356.94,2,TIMEOUT,MEDIUM,OFFER_ALTERNATIVE_PAYMENT_METHOD,0
18992.34,1,TIMEOUT,LOW,WAIT_AND_RETRY,1
7380.3,5,DECLINED,CRITICAL,WAIT_AND_RETRY,0
14403.48,3,DECLINED,CRITICAL,STOP,0
10037.65,4,DECLINED,HIGH,OFFER_ALTERNATIVE_PAYMENT_METHOD,0
7273.8,2,DECLINED,HIGH,STOP,0
17159.2,4,DECLINED,CRITICAL,WAIT_AND_RETRY,0
18128.3,2,NETWORK_ERROR,MEDIUM,OFFER_ALTERNATIVE_PAYMENT_METHOD,1
540.31,1,UNKNOWN,HIGH,STOP,0
6196.35,1,INSUFFICIENT_FUNDS,MEDIUM,ESCALATE_TO_HUMAN,1
6529.62,3,UNKNOWN,CRITICAL,ESCALATE_TO_HUMAN,1
8989.02,1,TIMEOUT,LOW,ESCALATE_TO_HUMAN,0
5596.06,2,INSUFFICIENT_FUNDS,LOW,OFFER_ALTERNATIVE_PAYMENT_METHOD,1
2538.54,3,NETWORK_ERROR,HIGH,STOP,0
5031.47,2,DECLINED,LOW,OFFER_ALTERNATIVE_PAYMENT_METHOD,0
17734.0,2,NETWORK_ERROR,CRITICAL,STOP,0
13189.93,4,TIMEOUT,LOW,WAIT_AND_RETRY,1
12947.77,1,DECLINED,HIGH,SEND_REMINDER,1
2492.92,3,UNKNOWN,CRITICAL,WAIT_AND_RETRY,0
11183.93,3,TIMEOUT,MEDIUM,OFFER_ALTERNATIVE_PAYMENT_METHOD,0
13193.04,2,DECLINED,CRITICAL,OFFER_ALTERNATIVE_PAYMENT_METHOD,1
13637.5,4,NETWORK_ERROR,LOW,ESCALATE_TO_HUMAN,1
19300.98,1,UNKNOWN,CRITICAL,OFFER_ALTERNATIVE_PAYMENT_METHOD,0
16425.08,2,DECLINED,CRITICAL,ESCALATE_TO_HUMAN,1
8656.5,3,DECLINED,MEDIUM,SEND_REMINDER,0
2318.35,1,NETWORK_ERROR,HIGH,SEND_REMINDER,1
18655.34,1,NETWORK_ERROR,HIGH,OFFER_ALTERNATIVE_PAYMENT_METHOD,1
13199.88,1,NETWORK_ERROR,LOW,SEND_REMINDER,1
13680.13,2,NETWORK_ERROR,HIGH,SEND_REMINDER,1
13285.1,2,NETWORK_ERROR,CRITICAL,WAIT_AND_RETRY,1
4611.51,5,NETWORK_ERROR,MEDIUM,ESCALATE_TO_HUMAN,0
12588.18,1,DECLINED,MEDIUM,WAIT_AND_RETRY,1
4042.5,5,INSUFFICIENT_FUNDS,HIGH,SEND_REMINDER,0
7876.23,1,UNKNOWN,MEDIUM,STOP,0
17133.31,2,INSUFFICIENT_FUNDS,MEDIUM,OFFER_ALTERNATIVE_PAYMENT_METHOD,0
7109.75,2,TIMEOUT,MEDIUM,SEND_REMINDER,1
13895.18,4,TIMEOUT,MEDIUM,STOP,0
3568.7,3,INSUFFICIENT_FUNDS,CRITICAL,SEND_REMINDER,0
4587.49,2,DECLINED,CRITICAL,WAIT_AND_RETRY,0
19442.66,4,DECLINED,LOW,WAIT_AND_RETRY,0
9236.38,5,TIMEOUT,CRITICAL,STOP,0
19196.22,5,TIMEOUT,MEDIUM,ESCALATE_TO_HUMAN,1
381.77,1,TIMEOUT,CRITICAL,WAIT_AND_RETRY,1
16921.9,5,TIMEOUT,MEDIUM,WAIT_AND_RETRY,0
9910.6,4,INSUFFICIENT_FUNDS,HIGH,ESCALATE_TO_HUMAN,0
6553.81,3,TIMEOUT,MEDIUM,SEND_REMINDER,0
19287.03,2,TIMEOUT,MEDIUM,STOP,1
2212.0,5,INSUFFICIENT_FUNDS,HIGH,SEND_REMINDER,0
19808.75,5,TIMEOUT,MEDIUM,SEND_REMINDER,0
7139.41,1,DECLINED,MEDIUM,STOP,0
6816.92,3,NETWORK_ERROR,CRITICAL,SEND_REMINDER,0
12745.09,4,TIMEOUT,LOW,WAIT_AND_RETRY,0
5503.96,4,INSUFFICIENT_FUNDS,LOW,SEND_REMINDER,1
13413.15,2,UNKNOWN,HIGH,WAIT_AND_RETRY,0
6546.78,1,NETWORK_ERROR,MEDIUM,ESCALATE_TO_HUMAN,1
13255.86,5,INSUFFICIENT_FUNDS,CRITICAL,SEND_REMINDER,0
14429.89,3,DECLINED,LOW,OFFER_ALTERNATIVE_PAYMENT_METHOD,0
15836.01,1,INSUFFICIENT_FUNDS,HIGH,OFFER_ALTERNATIVE_PAYMENT_METHOD,1
16005.72,1,INSUFFICIENT_FUNDS,LOW,ESCALATE_TO_HUMAN,0
5426.6,1,UNKNOWN,HIGH,OFFER_ALTERNATIVE_PAYMENT_METHOD,1
436.45,1,UNKNOWN,CRITICAL,STOP,0
11859.6,4,UNKNOWN,CRITICAL,OFFER_ALTERNATIVE_PAYMENT_METHOD,0
1297.94,1,TIMEOUT,LOW,OFFER_ALTERNATIVE_PAYMENT_METHOD,1
19530.25,1,NETWORK_ERROR,CRITICAL,WAIT_AND_RETRY,1
13266.48,2,INSUFFICIENT_FUNDS,LOW,SEND_REMINDER,0
15062.77,4,UNKNOWN,CRITICAL,ESCALATE_TO_HUMAN,0
12980.6,4,NETWORK_ERROR,CRITICAL,SEND_REMINDER,1
8584.61,4,TIMEOUT,LOW,STOP,0
3788.95,4,DECLINED,LOW,ESCALATE_TO_HUMAN,0
13939.51,5,UNKNOWN,CRITICAL,STOP,0
4820.91,2,UNKNOWN,HIGH,SEND_REMINDER,1
1924.74,4,INSUFFICIENT_FUNDS,HIGH,SEND_REMINDER,1
10298.63,5,INSUFFICIENT_FUNDS,MEDIUM,SEND_REMINDER,1
1009.05,1,UNKNOWN,LOW,OFFER_ALTERNATIVE_PAYMENT_METHOD,0
15514.46,4,DECLINED,HIGH,OFFER_ALTERNATIVE_PAYMENT_METHOD,0
9176.29,3,DECLINED,LOW,WAIT_AND_RETRY,1
8475.21,5,DECLINED,CRITICAL,OFFER_ALTERNATIVE_PAYMENT_METHOD,0
13341.09,4,DECLINED,CRITICAL,OFFER_ALTERNATIVE_PAYMENT_METHOD,0
11902.41,3,NETWORK_ERROR,CRITICAL,SEND_REMINDER,1
7016.42,1,INSUFFICIENT_FUNDS,HIGH,WAIT_AND_RETRY,1
4960.85,3,TIMEOUT,CRITICAL,SEND_REMINDER,1
14808.38,3,UNKNOWN,CRITICAL,STOP,0
9341.62,1,NETWORK_ERROR,HIGH,SEND_REMINDER,1
7665.12,3,TIMEOUT,LOW,OFFER_ALTERNATIVE_PAYMENT_METHOD,1
14408.42,2,INSUFFICIENT_FUNDS,HIGH,WAIT_AND_RETRY,1
3305.94,4,TIMEOUT,CRITICAL,OFFER_ALTERNATIVE_PAYMENT_METHOD,1
1659.43,3,UNKNOWN,HIGH,STOP,0
11235.86,5,INSUFFICIENT_FUNDS,CRITICAL,OFFER_ALTERNATIVE_PAYMENT_METHOD,0
8337.56,4,TIMEOUT,HIGH,OFFER_ALTERNATIVE_PAYMENT_METHOD,0
17505.71,3,TIMEOUT,HIGH,OFFER_ALTERNATIVE_PAYMENT_METHOD,0
15854.97,3,UNKNOWN,LOW,ESCALATE_TO_HUMAN,0
12109.26,2,UNKNOWN,MEDIUM,OFFER_ALTERNATIVE_PAYMENT_METHOD,1
9072.72,2,UNKNOWN,HIGH,ESCALATE_TO_HUMAN,1
10563.91,5,TIMEOUT,MEDIUM,SEND_REMINDER,1
6630.94,4,TIMEOUT,CRITICAL,SEND_REMINDER,0
13413.26,5,UNKNOWN,HIGH,WAIT_AND_RETRY,1
2161.87,1,UNKNOWN,CRITICAL,SEND_REMINDER,1
3549.41,4,NETWORK_ERROR,CRITICAL,OFFER_ALTERNATIVE_PAYMENT_METHOD,1
17047.35,3,TIMEOUT,HIGH,ESCALATE_TO_HUMAN,1
9505.09,5,TIMEOUT,MEDIUM,WAIT_AND_RETRY,1
953.92,3,UNKNOWN,CRITICAL,OFFER_ALTERNATIVE_PAYMENT_METHOD,1
1375.36,5,TIMEOUT,LOW,WAIT_AND_RETRY,1
14772.2,3,NETWORK_ERROR,MEDIUM,WAIT_AND_RETRY,1
17289.11,3,DECLINED,HIGH,STOP,0
7892.97,3,UNKNOWN,HIGH,ESCALATE_TO_HUMAN,0
11152.01,4,NETWORK_ERROR,MEDIUM,WAIT_AND_RETRY,1
7273.87,3,TIMEOUT,HIGH,OFFER_ALTERNATIVE_PAYMENT_METHOD,1
4503.62,1,TIMEOUT,HIGH,WAIT_AND_RETRY,1
6002.81,2,TIMEOUT,CRITICAL,SEND_REMINDER,0
14843.15,1,TIMEOUT,MEDIUM,OFFER_ALTERNATIVE_PAYMENT_METHOD,1
3743.92,4,TIMEOUT,LOW,WAIT_AND_RETRY,1
13299.39,5,DECLINED,CRITICAL,STOP,0
750.12,3,TIMEOUT,HIGH,ESCALATE_TO_HUMAN,0
19189.34,2,NETWORK_ERROR,CRITICAL,ESCALATE_TO_HUMAN,0
1381.78,3,TIMEOUT,LOW,OFFER_ALTERNATIVE_PAYMENT_METHOD,1
6438.89,2,TIMEOUT,HIGH,WAIT_AND_RETRY,1
16319.83,5,INSUFFICIENT_FUNDS,CRITICAL,ESCALATE_TO_HUMAN,0
9024.27,3,TIMEOUT,MEDIUM,SEND_REMINDER,1
19880.92,5,TIMEOUT,LOW,SEND_REMINDER,1
6670.76,5,NETWORK_ERROR,MEDIUM,SEND_REMINDER,0
4671.46,2,TIMEOUT,HIGH,ESCALATE_TO_HUMAN,1
1447.64,1,DECLINED,CRITICAL,OFFER_ALTERNATIVE_PAYMENT_METHOD,0
313.05,4,TIMEOUT,CRITICAL,STOP,0
15042.98,3,TIMEOUT,LOW,SEND_REMINDER,1
7466.88,1,NETWORK_ERROR,MEDIUM,SEND_REMINDER,1
11166.96,3,DECLINED,MEDIUM,SEND_REMINDER,1
5489.98,2,NETWORK_ERROR,MEDIUM,STOP,1
1455.22,5,NETWORK_ERROR,LOW,ESCALATE_TO_HUMAN,0
19156.48,2,INSUFFICIENT_FUNDS,LOW,OFFER_ALTERNATIVE_PAYMENT_METHOD,1
16305.05,4,INSUFFICIENT_FUNDS,CRITICAL,WAIT_AND_RETRY,0
9578.11,4,INSUFFICIENT_FUNDS,HIGH,ESCALATE_TO_HUMAN,1
15754.53,5,TIMEOUT,HIGH,WAIT_AND_RETRY,1
12832.39,2,UNKNOWN,CRITICAL,SEND_REMINDER,0
9436.3,2,INSUFFICIENT_FUNDS,LOW,SEND_REMINDER,1
12016.06,5,INSUFFICIENT_FUNDS,CRITICAL,ESCALATE_TO_HUMAN,0
5706.77,3,UNKNOWN,MEDIUM,SEND_REMINDER,0
12581.3,4,UNKNOWN,LOW,SEND_REMINDER,1
1782.27,1,NETWORK_ERROR,CRITICAL,STOP,1
13968.09,5,DECLINED,LOW,WAIT_AND_RETRY,0
1084.73,4,INSUFFICIENT_FUNDS,LOW,SEND_REMINDER,0
7115.18,5,UNKNOWN,HIGH,OFFER_ALTERNATIVE_PAYMENT_METHOD,1
6434.95,1,DECLINED,LOW,SEND_REMINDER,1
18115.79,4,INSUFFICIENT_FUNDS,MEDIUM,SEND_REMINDER,0
3717.58,1,INSUFFICIENT_FUNDS,HIGH,SEND_REMINDER,1
7576.04,4,INSUFFICIENT_FUNDS,HIGH,STOP,0
7711.75,2,TIMEOUT,LOW,STOP,0
4126.9,3,INSUFFICIENT_FUNDS,HIGH,ESCALATE_TO_HUMAN,0
16686.93,3,UNKNOWN,CRITICAL,STOP,0
18456.73,1,INSUFFICIENT_FUNDS,CRITICAL,WAIT_AND_RETRY,0
305.46,3,UNKNOWN,CRITICAL,STOP,0
1520.29,3,TIMEOUT,CRITICAL,ESCALATE_TO_HUMAN,1
14069.62,2,DECLINED,CRITICAL,SEND_REMINDER,1
17565.2,3,DECLINED,MEDIUM,OFFER_ALTERNATIVE_PAYMENT_METHOD,1
18433.51,4,INSUFFICIENT_FUNDS,MEDIUM,SEND_REMINDER,0
11388.05,1,DECLINED,LOW,ESCALATE_TO_HUMAN,1
1765.93,5,TIMEOUT,LOW,OFFER_ALTERNATIVE_PAYMENT_METHOD,0
18556.18,2,UNKNOWN,HIGH,WAIT_AND_RETRY,1
18488.8,4,TIMEOUT,LOW,SEND_REMINDER,0
6384.51,5,DECLINED,MEDIUM,ESCALATE_TO_HUMAN,0
13400.66,2,DECLINED,MEDIUM,STOP,0
13315.2,2,NETWORK_ERROR,CRITICAL,ESCALATE_TO_HUMAN,1
13298.58,5,UNKNOWN,LOW,STOP,0
3971.18,1,TIMEOUT,LOW,WAIT_AND_RETRY,1
10735.21,2,TIMEOUT,LOW,WAIT_AND_RETRY,1
3121.62,2,NETWORK_ERROR,HIGH,OFFER_ALTERNATIVE_PAYMENT_METHOD,1
18242.76,1,INSUFFICIENT_FUNDS,MEDIUM,ESCALATE_TO_HUMAN,1
10762.13,4,INSUFFICIENT_FUNDS,LOW,WAIT_AND_RETRY,0
2283.73,3,INSUFFICIENT_FUNDS,LOW,ESCALATE_TO_HUMAN,1
6181.33,2,NETWORK_ERROR,LOW,ESCALATE_TO_HUMAN,1
18568.57,4,DECLINED,CRITICAL,SEND_REMINDER,0
10463.54,4,DECLINED,HIGH,ESCALATE_TO_HUMAN,0
15523.91,1,UNKNOWN,CRITICAL,SEND_REMINDER,1
13204.23,1,UNKNOWN,MEDIUM,ESCALATE_TO_HUMAN,0
3663.01,2,TIMEOUT,LOW,OFFER_ALTERNATIVE_PAYMENT_METHOD,1
1004.9,2,UNKNOWN,HIGH,STOP,0
19454.35,3,DECLINED,LOW,WAIT_AND_RETRY,0
12338.45,2,DECLINED,HIGH,STOP,0
2021.05,2,UNKNOWN,MEDIUM,WAIT_AND_RETRY,0
496.06,2,DECLINED,CRITICAL,ESCALATE_TO_HUMAN,1
13794.96,2,NETWORK_ERROR,LOW,WAIT_AND_RETRY,1
4014.5,2,UNKNOWN,HIGH,SEND_REMINDER,0
3852.19,1,NETWORK_ERROR,HIGH,WAIT_AND_RETRY,1
3671.26,2,UNKNOWN,MEDIUM,STOP,0
18712.82,5,TIMEOUT,CRITICAL,STOP,0
15589.23,5,NETWORK_ERROR,LOW,ESCALATE_TO_HUMAN,1
13980.38,2,DECLINED,CRITICAL,SEND_REMINDER,0
3628.48,5,TIMEOUT,CRITICAL,SEND_REMINDER,1
9724.68,1,UNKNOWN,HIGH,WAIT_AND_RETRY,0
19273.15,4,TIMEOUT,CRITICAL,ESCALATE_TO_HUMAN,1
8737.66,3,NETWORK_ERROR,LOW,WAIT_AND_RETRY,1
13310.1,2,TIMEOUT,MEDIUM,STOP,1
13493.24,5,TIMEOUT,HIGH,SEND_REMINDER,0
12041.72,1,UNKNOWN,CRITICAL,OFFER_ALTERNATIVE_PAYMENT_METHOD,0
15308.65,1,DECLINED,CRITICAL,ESCALATE_TO_HUMAN,0
13047.79,4,INSUFFICIENT_FUNDS,MEDIUM,WAIT_AND_RETRY,0
18693.21,5,NETWORK_ERROR,HIGH,SEND_REMINDER,0
12461.28,4,UNKNOWN,CRITICAL,ESCALATE_TO_HUMAN,1
18372.6,1,INSUFFICIENT_FUNDS,CRITICAL,STOP,0
12900.7,5,INSUFFICIENT_FUNDS,HIGH,ESCALATE_TO_HUMAN,1
13543.58,2,DECLINED,CRITICAL,OFFER_ALTERNATIVE_PAYMENT_METHOD,0
16457.31,5,DECLINED,MEDIUM,STOP,0
11537.45,1,TIMEOUT,HIGH,ESCALATE_TO_HUMAN,1
12373.18,5,UNKNOWN,MEDIUM,OFFER_ALTERNATIVE_PAYMENT_METHOD,0
12086.65,4,NETWORK_ERROR,CRITICAL,OFFER_ALTERNATIVE_PAYMENT_METHOD,0
11628.7,5,NETWORK_ERROR,CRITICAL,OFFER_ALTERNATIVE_PAYMENT_METHOD,0
2940.12,5,DECLINED,CRITICAL,STOP,0
6159.8,4,UNKNOWN,CRITICAL,ESCALATE_TO_HUMAN,1
176.56,5,DECLINED,HIGH,ESCALATE_TO_HUMAN,0
7103.67,5,UNKNOWN,HIGH,ESCALATE_TO_HUMAN,0
19076.81,2,UNKNOWN,HIGH,WAIT_AND_RETRY,1
4926.38,4,UNKNOWN,HIGH,SEND_REMINDER,0
11672.35,5,NETWORK_ERROR,CRITICAL,OFFER_ALTERNATIVE_PAYMENT_METHOD,0
10720.71,3,INSUFFICIENT_FUNDS,HIGH,WAIT_AND_RETRY,0
3416.64,5,DECLINED,LOW,OFFER_ALTERNATIVE_PAYMENT_METHOD,0
2453.52,1,TIMEOUT,CRITICAL,SEND_REMINDER,0
877.78,4,INSUFFICIENT_FUNDS,LOW,WAIT_AND_RETRY,0
3664.92,5,INSUFFICIENT_FUNDS,HIGH,STOP,0
4506.65,5,UNKNOWN,MEDIUM,WAIT_AND_RETRY,0
6171.91,5,UNKNOWN,MEDIUM,STOP,0
9527.16,1,UNKNOWN,HIGH,ESCALATE_TO_HUMAN,0
4807.59,2,DECLINED,HIGH,WAIT_AND_RETRY,1
4335.8,3,DECLINED,CRITICAL,WAIT_AND_RETRY,0
17401.83,5,INSUFFICIENT_FUNDS,MEDIUM,WAIT_AND_RETRY,0
19011.28,4,INSUFFICIENT_FUNDS,LOW,STOP,0
11350.13,4,UNKNOWN,HIGH,ESCALATE_TO_HUMAN,0
1130.55,4,NETWORK_ERROR,LOW,STOP,0
8347.46,1,NETWORK_ERROR,LOW,SEND_REMINDER,1
17782.26,1,NETWORK_ERROR,MEDIUM,OFFER_ALTERNATIVE_PAYMENT_METHOD,0
6130.02,3,TIMEOUT,LOW,ESCALATE_TO_HUMAN,1
13338.78,4,UNKNOWN,CRITICAL,OFFER_ALTERNATIVE_PAYMENT_METHOD,1
18805.97,4,TIMEOUT,MEDIUM,WAIT_AND_RETRY,1
6949.44,5,DECLINED,CRITICAL,SEND_REMINDER,0
8566.86,2,TIMEOUT,MEDIUM,WAIT_AND_RETRY,1
6702.53,2,INSUFFICIENT_FUNDS,CRITICAL,WAIT_AND_RETRY,1
6215.33,4,INSUFFICIENT_FUNDS,HIGH,OFFER_ALTERNATIVE_PAYMENT_METHOD,0
4534.46,4,INSUFFICIENT_FUNDS,MEDIUM,WAIT_AND_RETRY,0
16373.85,5,TIMEOUT,HIGH,WAIT_AND_RETRY,1
1728.53,2,INSUFFICIENT_FUNDS,HIGH,OFFER_ALTERNATIVE_PAYMENT_METHOD,1
3407.86,5,NETWORK_ERROR,LOW,SEND_REMINDER,1
13202.4,1,NETWORK_ERROR,CRITICAL,SEND_REMINDER,0
12837.84,4,DECLINED,MEDIUM,ESCALATE_TO_HUMAN,0
10767.83,5,TIMEOUT,HIGH,STOP,0
13534.62,5,INSUFFICIENT_FUNDS,MEDIUM,SEND_REMINDER,0
6174.95,3,TIMEOUT,HIGH,WAIT_AND_RETRY,1
19552.22,3,DECLINED,HIGH,STOP,0
1424.55,3,NETWORK_ERROR,LOW,OFFER_ALTERNATIVE_PAYMENT_METHOD,1
1945.65,4,DECLINED,HIGH,OFFER_ALTERNATIVE_PAYMENT_METHOD,0
15317.25,2,INSUFFICIENT_FUNDS,MEDIUM,OFFER_ALTERNATIVE_PAYMENT_METHOD,1
10625.6,3,NETWORK_ERROR,CRITICAL,WAIT_AND_RETRY,1
6075.58,5,DECLINED,MEDIUM,OFFER_ALTERNATIVE_PAYMENT_METHOD,0
18035.91,2,NETWORK_ERROR,HIGH,SEND_REMINDER,1
10732.88,2,TIMEOUT,LOW,STOP,1
1754.6,1,TIMEOUT,MEDIUM,STOP,0
19610.02,4,NETWORK_ERROR,CRITICAL,STOP,0
3584.14,5,NETWORK_ERROR,HIGH,SEND_REMINDER,1
9556.83,1,INSUFFICIENT_FUNDS,CRITICAL,SEND_REMINDER,1
1345.64,2,NETWORK_ERROR,CRITICAL,OFFER_ALTERNATIVE_PAYMENT_METHOD,1
16651.47,2,INSUFFICIENT_FUNDS,MEDIUM,ESCALATE_TO_HUMAN,0
15706.55,1,NETWORK_ERROR,LOW,OFFER_ALTERNATIVE_PAYMENT_METHOD,1
9619.49,3,INSUFFICIENT_FUNDS,CRITICAL,ESCALATE_TO_HUMAN,1
9635.9,4,TIMEOUT,CRITICAL,STOP,0
19740.04,2,TIMEOUT,CRITICAL,SEND_REMINDER,1
11554.28,4,DECLINED,HIGH,OFFER_ALTERNATIVE_PAYMENT_METHOD,0
11792.08,5,NETWORK_ERROR,LOW,WAIT_AND_RETRY,1
11951.99,3,DECLINED,MEDIUM,STOP,1
18127.82,3,TIMEOUT,LOW,WAIT_AND_RETRY,1
8251.02,5,INSUFFICIENT_FUNDS,HIGH,SEND_REMINDER,0
7858.26,5,UNKNOWN,HIGH,STOP,0
18028.79,5,DECLINED,HIGH,ESCALATE_TO_HUMAN,0
18225.69,3,DECLINED,HIGH,STOP,0
10446.0,5,NETWORK_ERROR,LOW,SEND_REMINDER,1
8878.04,5,DECLINED,LOW,SEND_REMINDER,0
10854.91,5,DECLINED,LOW,ESCALATE_TO_HUMAN,1
6630.51,5,UNKNOWN,HIGH,OFFER_ALTERNATIVE_PAYMENT_METHOD,0
16236.62,3,TIMEOUT,CRITICAL,ESCALATE_TO_HUMAN,0
3281.53,4,UNKNOWN,LOW,WAIT_AND_RETRY,1
4430.99,1,TIMEOUT,HIGH,ESCALATE_TO_HUMAN,0
2370.13,1,UNKNOWN,MEDIUM,STOP,0
9884.51,5,NETWORK_ERROR,HIGH,OFFER_ALTERNATIVE_PAYMENT_METHOD,0
17761.41,1,UNKNOWN,MEDIUM,WAIT_AND_RETRY,1
11584.13,3,INSUFFICIENT_FUNDS,MEDIUM,STOP,0
18499.77,5,TIMEOUT,MEDIUM,OFFER_ALTERNATIVE_PAYMENT_METHOD,1
16598.27,3,UNKNOWN,LOW,ESCALATE_TO_HUMAN,0
336.59,3,TIMEOUT,MEDIUM,ESCALATE_TO_HUMAN,1
14913.82,1,UNKNOWN,MEDIUM,STOP,1
5047.53,5,TIMEOUT,CRITICAL,OFFER_ALTERNATIVE_PAYMENT_METHOD,1
17336.18,3,NETWORK_ERROR,MEDIUM,ESCALATE_TO_HUMAN,1
1275.51,5,INSUFFICIENT_FUNDS,LOW,STOP,0
950.06,3,NETWORK_ERROR,MEDIUM,OFFER_ALTERNATIVE_PAYMENT_METHOD,1
9274.67,4,NETWORK_ERROR,HIGH,STOP,0
7644.38,4,TIMEOUT,CRITICAL,WAIT_AND_RETRY,1
7038.71,5,DECLINED,MEDIUM,SEND_REMINDER,0
15989.74,1,NETWORK_ERROR,HIGH,STOP,1
17488.92,4,NETWORK_ERROR,HIGH,OFFER_ALTERNATIVE_PAYMENT_METHOD,1
5001.57,3,DECLINED,CRITICAL,SEND_REMINDER,0
11405.19,3,INSUFFICIENT_FUNDS,LOW,WAIT_AND_RETRY,1
4997.38,5,NETWORK_ERROR,MEDIUM,STOP,0
9483.58,2,DECLINED,LOW,SEND_REMINDER,0
8494.3,4,DECLINED,LOW,OFFER_ALTERNATIVE_PAYMENT_METHOD,0
5970.21,5,NETWORK_ERROR,CRITICAL,OFFER_ALTERNATIVE_PAYMENT_METHOD,1
16358.3,4,NETWORK_ERROR,LOW,WAIT_AND_RETRY,0
13961.7,3,TIMEOUT,HIGH,STOP,0
12732.79,3,DECLINED,HIGH,WAIT_AND_RETRY,0
19270.36,1,TIMEOUT,LOW,SEND_REMINDER,1
4358.46,3,TIMEOUT,CRITICAL,ESCALATE_TO_HUMAN,1
2772.99,5,NETWORK_ERROR,HIGH,OFFER_ALTERNATIVE_PAYMENT_METHOD,0
9120.42,5,UNKNOWN,MEDIUM,STOP,0
4307.15,1,UNKNOWN,CRITICAL,STOP,0
8425.94,4,INSUFFICIENT_FUNDS,LOW,STOP,0
10162.56,3,UNKNOWN,CRITICAL,OFFER_ALTERNATIVE_PAYMENT_METHOD,0
15112.54,3,NETWORK_ERROR,MEDIUM,OFFER_ALTERNATIVE_PAYMENT_METHOD,1
17865.86,2,DECLINED,LOW,ESCALATE_TO_HUMAN,0
4011.27,4,UNKNOWN,LOW,WAIT_AND_RETRY,0
16798.96,3,NETWORK_ERROR,MEDIUM,OFFER_ALTERNATIVE_PAYMENT_METHOD,0
11853.89,5,NETWORK_ERROR,CRITICAL,SEND_REMINDER,0
8919.43,3,UNKNOWN,MEDIUM,SEND_REMINDER,1
5750.9,4,DECLINED,LOW,OFFER_ALTERNATIVE_PAYMENT_METHOD,1
14377.46,5,NETWORK_ERROR,LOW,OFFER_ALTERNATIVE_PAYMENT_METHOD,1
16535.5,4,NETWORK_ERROR,MEDIUM,STOP,1
2751.48,3,TIMEOUT,LOW,OFFER_ALTERNATIVE_PAYMENT_METHOD,1
16962.91,2,NETWORK_ERROR,LOW,OFFER_ALTERNATIVE_PAYMENT_METHOD,1
2765.62,3,INSUFFICIENT_FUNDS,LOW,WAIT_AND_RETRY,1
13833.81,5,INSUFFICIENT_FUNDS,LOW,STOP,0
5487.38,2,UNKNOWN,LOW,WAIT_AND_RETRY,0
14320.28,3,NETWORK_ERROR,MEDIUM,SEND_REMINDER,0
10925.32,4,NETWORK_ERROR,CRITICAL,SEND_REMINDER,0
19660.98,5,DECLINED,MEDIUM,SEND_REMINDER,0
1654.76,4,INSUFFICIENT_FUNDS,MEDIUM,SEND_REMINDER,1
5373.79,2,TIMEOUT,CRITICAL,WAIT_AND_RETRY,1
16585.9,1,NETWORK_ERROR,MEDIUM,OFFER_ALTERNATIVE_PAYMENT_METHOD,1
8689.26,4,TIMEOUT,LOW,ESCALATE_TO_HUMAN,1
10968.49,4,TIMEOUT,LOW,SEND_REMINDER,0
732.77,3,TIMEOUT,CRITICAL,ESCALATE_TO_HUMAN,0
1494.56,3,TIMEOUT,CRITICAL,STOP,0
298.53,4,DECLINED,HIGH,WAIT_AND_RETRY,1
9949.16,2,INSUFFICIENT_FUNDS,LOW,WAIT_AND_RETRY,0
4402.14,4,NETWORK_ERROR,MEDIUM,WAIT_AND_RETRY,0
3516.14,1,NETWORK_ERROR,MEDIUM,STOP,0
11370.8,5,DECLINED,LOW,ESCALATE_TO_HUMAN,0
3794.19,1,INSUFFICIENT_FUNDS,HIGH,OFFER_ALTERNATIVE_PAYMENT_METHOD,0
15867.71,4,NETWORK_ERROR,MEDIUM,STOP,0
19291.82,4,NETWORK_ERROR,CRITICAL,OFFER_ALTERNATIVE_PAYMENT_METHOD,1
8200.54,2,TIMEOUT,HIGH,OFFER_ALTERNATIVE_PAYMENT_METHOD,0
18620.4,2,TIMEOUT,HIGH,SEND_REMINDER,1
8006.5,2,INSUFFICIENT_FUNDS,MEDIUM,SEND_REMINDER,0
5470.57,1,TIMEOUT,LOW,STOP,1
14863.97,4,DECLINED,MEDIUM,ESCALATE_TO_HUMAN,0
4244.06,2,DECLINED,HIGH,OFFER_ALTERNATIVE_PAYMENT_METHOD,1
18466.69,4,DECLINED,LOW,ESCALATE_TO_HUMAN,0
6072.15,5,NETWORK_ERROR,MEDIUM,OFFER_ALTERNATIVE_PAYMENT_METHOD,0
16560.51,3,UNKNOWN,HIGH,WAIT_AND_RETRY,1
2715.12,1,UNKNOWN,LOW,OFFER_ALTERNATIVE_PAYMENT_METHOD,0
10786.78,1,TIMEOUT,CRITICAL,STOP,0
19868.02,3,UNKNOWN,CRITICAL,OFFER_ALTERNATIVE_PAYMENT_METHOD,0
8616.4,5,DECLINED,MEDIUM,SEND_REMINDER,0
19982.63,1,UNKNOWN,HIGH,OFFER_ALTERNATIVE_PAYMENT_METHOD,1
570.35,2,DECLINED,LOW,STOP,0
747.33,3,UNKNOWN,MEDIUM,WAIT_AND_RETRY,1
967.88,4,UNKNOWN,MEDIUM,ESCALATE_TO_HUMAN,0
14634.21,2,TIMEOUT,HIGH,SEND_REMINDER,1
5453.41,4,INSUFFICIENT_FUNDS,CRITICAL,WAIT_AND_RETRY,0
2433.64,5,UNKNOWN,CRITICAL,OFFER_ALTERNATIVE_PAYMENT_METHOD,0
3831.08,1,TIMEOUT,LOW,SEND_REMINDER,1
14564.37,2,NETWORK_ERROR,HIGH,OFFER_ALTERNATIVE_PAYMENT_METHOD,1
4241.93,2,NETWORK_ERROR,LOW,WAIT_AND_RETRY,1
10428.04,2,INSUFFICIENT_FUNDS,CRITICAL,ESCALATE_TO_HUMAN,1
2313.47,1,NETWORK_ERROR,LOW,WAIT_AND_RETRY,1
8183.26,1,NETWORK_ERROR,LOW,ESCALATE_TO_HUMAN,1
14853.51,2,TIMEOUT,MEDIUM,ESCALATE_TO_HUMAN,1
9189.25,5,UNKNOWN,CRITICAL,STOP,1
277.24,3,INSUFFICIENT_FUNDS,LOW,STOP,0
19999.5,4,TIMEOUT,LOW,WAIT_AND_RETRY,1
11974.83,5,UNKNOWN,HIGH,SEND_REMINDER,0
2462.94,1,TIMEOUT,CRITICAL,WAIT_AND_RETRY,0
10515.49,1,INSUFFICIENT_FUNDS,LOW,STOP,0
7450.66,3,INSUFFICIENT_FUNDS,MEDIUM,STOP,0
6250.01,1,TIMEOUT,HIGH,WAIT_AND_RETRY,1
4148.72,2,INSUFFICIENT_FUNDS,CRITICAL,ESCALATE_TO_HUMAN,1
6500.87,5,UNKNOWN,HIGH,OFFER_ALTERNATIVE_PAYMENT_METHOD,0
14110.67,4,DECLINED,CRITICAL,SEND_REMINDER,0
2000.26,5,TIMEOUT,HIGH,WAIT_AND_RETRY,0
14156.17,5,NETWORK_ERROR,MEDIUM,SEND_REMINDER,0
10315.44,5,INSUFFICIENT_FUNDS,LOW,SEND_REMINDER,0
7882.53,1,UNKNOWN,HIGH,STOP,0
9987.93,3,TIMEOUT,CRITICAL,SEND_REMINDER,0
7234.37,2,DECLINED,HIGH,SEND_REMINDER,0
4523.16,4,NETWORK_ERROR,LOW,OFFER_ALTERNATIVE_PAYMENT_METHOD,1
12433.12,5,TIMEOUT,HIGH,WAIT_AND_RETRY,0
13763.71,1,TIMEOUT,HIGH,OFFER_ALTERNATIVE_PAYMENT_METHOD,1
5808.61,4,NETWORK_ERROR,LOW,WAIT_AND_RETRY,1
3540.57,1,INSUFFICIENT_FUNDS,CRITICAL,ESCALATE_TO_HUMAN,1
1796.54,5,TIMEOUT,MEDIUM,ESCALATE_TO_HUMAN,1
1885.65,2,TIMEOUT,MEDIUM,STOP,0
18512.08,4,NETWORK_ERROR,HIGH,WAIT_AND_RETRY,1
13131.79,3,UNKNOWN,HIGH,WAIT_AND_RETRY,1
8644.73,3,TIMEOUT,HIGH,OFFER_ALTERNATIVE_PAYMENT_METHOD,1
1015.47,3,TIMEOUT,MEDIUM,ESCALATE_TO_HUMAN,1
4453.38,3,DECLINED,LOW,WAIT_AND_RETRY,0
6724.64,1,INSUFFICIENT_FUNDS,CRITICAL,SEND_REMINDER,0
6251.64,2,INSUFFICIENT_FUNDS,MEDIUM,OFFER_ALTERNATIVE_PAYMENT_METHOD,1
8494.93,4,DECLINED,MEDIUM,SEND_REMINDER,0
15161.56,2,DECLINED,MEDIUM,ESCALATE_TO_HUMAN,0
175.49,4,DECLINED,CRITICAL,OFFER_ALTERNATIVE_PAYMENT_METHOD,0
15685.12,2,TIMEOUT,HIGH,WAIT_AND_RETRY,0
12465.88,4,DECLINED,CRITICAL,STOP,0
5464.29,5,INSUFFICIENT_FUNDS,CRITICAL,ESCALATE_TO_HUMAN,0
13281.59,5,NETWORK_ERROR,MEDIUM,OFFER_ALTERNATIVE_PAYMENT_METHOD,1
8314.34,1,UNKNOWN,HIGH,STOP,0
19869.09,2,TIMEOUT,MEDIUM,OFFER_ALTERNATIVE_PAYMENT_METHOD,0
16252.73,3,NETWORK_ERROR,HIGH,ESCALATE_TO_HUMAN,0
15102.61,5,TIMEOUT,LOW,SEND_REMINDER,1
15833.54,4,INSUFFICIENT_FUNDS,HIGH,SEND_REMINDER,0
11539.16,2,NETWORK_ERROR,CRITICAL,OFFER_ALTERNATIVE_PAYMENT_METHOD,0
12892.08,1,NETWORK_ERROR,LOW,STOP,1
3991.74,5,NETWORK_ERROR,MEDIUM,ESCALATE_TO_HUMAN,1
17157.77,4,TIMEOUT,HIGH,SEND_REMINDER,1
11776.51,3,UNKNOWN,MEDIUM,WAIT_AND_RETRY,0
5616.83,4,UNKNOWN,LOW,ESCALATE_TO_HUMAN,0
17336.81,1,INSUFFICIENT_FUNDS,LOW,WAIT_AND_RETRY,0
3716.72,2,INSUFFICIENT_FUNDS,HIGH,SEND_REMINDER,0
5651.42,2,TIMEOUT,LOW,WAIT_AND_RETRY,1
1114.06,5,UNKNOWN,CRITICAL,WAIT_AND_RETRY,0
4870.38,2,NETWORK_ERROR,CRITICAL,WAIT_AND_RETRY,0
4132.45,1,TIMEOUT,LOW,STOP,1
16578.63,5,UNKNOWN,LOW,WAIT_AND_RETRY,1
5592.85,1,TIMEOUT,HIGH,ESCALATE_TO_HUMAN,0
4889.97,4,NETWORK_ERROR,CRITICAL,STOP,0
15635.42,1,DECLINED,MEDIUM,OFFER_ALTERNATIVE_PAYMENT_METHOD,0
12375.1,1,UNKNOWN,HIGH,WAIT_AND_RETRY,1
5769.42,4,UNKNOWN,HIGH,OFFER_ALTERNATIVE_PAYMENT_METHOD,0
12610.86,1,TIMEOUT,CRITICAL,OFFER_ALTERNATIVE_PAYMENT_METHOD,1
10649.17,1,NETWORK_ERROR,CRITICAL,SEND_REMINDER,1
13552.31,4,UNKNOWN,LOW,ESCALATE_TO_HUMAN,1
9412.84,1,TIMEOUT,CRITICAL,WAIT_AND_RETRY,0
2205.09,1,UNKNOWN,LOW,STOP,0
16712.31,2,TIMEOUT,CRITICAL,OFFER_ALTERNATIVE_PAYMENT_METHOD,1
15520.39,5,TIMEOUT,CRITICAL,OFFER_ALTERNATIVE_PAYMENT_METHOD,0
902.34,4,UNKNOWN,LOW,WAIT_AND_RETRY,1
5807.24,1,UNKNOWN,HIGH,OFFER_ALTERNATIVE_PAYMENT_METHOD,1
19408.58,1,NETWORK_ERROR,MEDIUM,OFFER_ALTERNATIVE_PAYMENT_METHOD,1
5933.89,2,TIMEOUT,CRITICAL,SEND_REMINDER,1
16502.39,4,UNKNOWN,LOW,ESCALATE_TO_HUMAN,0
15292.03,5,INSUFFICIENT_FUNDS,CRITICAL,OFFER_ALTERNATIVE_PAYMENT_METHOD,0
9495.98,4,DECLINED,HIGH,WAIT_AND_RETRY,0
13832.86,2,UNKNOWN,HIGH,SEND_REMINDER,1
1192.88,1,DECLINED,HIGH,SEND_REMINDER,1
187.8,1,TIMEOUT,MEDIUM,OFFER_ALTERNATIVE_PAYMENT_METHOD,1
18826.24,5,INSUFFICIENT_FUNDS,MEDIUM,OFFER_ALTERNATIVE_PAYMENT_METHOD,0
14086.04,1,UNKNOWN,MEDIUM,STOP,1
10882.4,3,UNKNOWN,LOW,SEND_REMINDER,1
6098.41,1,DECLINED,LOW,WAIT_AND_RETRY,1
4649.8,2,NETWORK_ERROR,HIGH,WAIT_AND_RETRY,1
14421.93,5,DECLINED,HIGH,ESCALATE_TO_HUMAN,0
4976.85,5,INSUFFICIENT_FUNDS,MEDIUM,OFFER_ALTERNATIVE_PAYMENT_METHOD,0
1960.1,3,NETWORK_ERROR,LOW,OFFER_ALTERNATIVE_PAYMENT_METHOD,0
8470.16,2,DECLINED,CRITICAL,WAIT_AND_RETRY,1
5010.96,3,INSUFFICIENT_FUNDS,LOW,SEND_REMINDER,1
1619.56,4,DECLINED,HIGH,WAIT_AND_RETRY,1
11886.28,5,DECLINED,LOW,OFFER_ALTERNATIVE_PAYMENT_METHOD,0
3179.81,1,UNKNOWN,CRITICAL,SEND_REMINDER,1
7728.71,2,INSUFFICIENT_FUNDS,HIGH,ESCALATE_TO_HUMAN,0
16867.26,3,INSUFFICIENT_FUNDS,CRITICAL,ESCALATE_TO_HUMAN,1
829.9,1,DECLINED,LOW,WAIT_AND_RETRY,1
1316.81,5,DECLINED,LOW,OFFER_ALTERNATIVE_PAYMENT_METHOD,0
5345.13,4,UNKNOWN,MEDIUM,ESCALATE_TO_HUMAN,0
1317.91,1,DECLINED,HIGH,OFFER_ALTERNATIVE_PAYMENT_METHOD,0
10648.52,2,DECLINED,HIGH,WAIT_AND_RETRY,0
10114.77,3,DECLINED,MEDIUM,ESCALATE_TO_HUMAN,1
11296.19,3,INSUFFICIENT_FUNDS,CRITICAL,STOP,0
3035.26,4,TIMEOUT,HIGH,WAIT_AND_RETRY,1
8629.35,2,NETWORK_ERROR,CRITICAL,ESCALATE_TO_HUMAN,1
2961.96,1,TIMEOUT,HIGH,SEND_REMINDER,1
19341.21,4,DECLINED,CRITICAL,SEND_REMINDER,0
2595.07,5,DECLINED,CRITICAL,STOP,0
17928.82,1,INSUFFICIENT_FUNDS,CRITICAL,STOP,0
3609.66,3,INSUFFICIENT_FUNDS,MEDIUM,OFFER_ALTERNATIVE_PAYMENT_METHOD,1
15785.31,5,UNKNOWN,MEDIUM,ESCALATE_TO_HUMAN,0
8420.59,1,INSUFFICIENT_FUNDS,CRITICAL,ESCALATE_TO_HUMAN,0
15552.58,3,TIMEOUT,HIGH,ESCALATE_TO_HUMAN,1
14761.23,5,UNKNOWN,CRITICAL,ESCALATE_TO_HUMAN,0
6950.81,2,DECLINED,LOW,STOP,0
649.66,5,INSUFFICIENT_FUNDS,MEDIUM,SEND_REMINDER,0
17220.24,2,DECLINED,MEDIUM,SEND_REMINDER,1
3603.67,2,DECLINED,LOW,WAIT_AND_RETRY,0
16734.74,3,DECLINED,CRITICAL,STOP,0
9887.21,4,TIMEOUT,LOW,OFFER_ALTERNATIVE_PAYMENT_METHOD,1
17672.51,3,NETWORK_ERROR,HIGH,OFFER_ALTERNATIVE_PAYMENT_METHOD,0
8142.55,5,TIMEOUT,LOW,OFFER_ALTERNATIVE_PAYMENT_METHOD,1
2160.95,4,UNKNOWN,LOW,SEND_REMINDER,0
16148.78,2,NETWORK_ERROR,MEDIUM,ESCALATE_TO_HUMAN,0
19680.54,5,NETWORK_ERROR,LOW,OFFER_ALTERNATIVE_PAYMENT_METHOD,1
8010.66,4,NETWORK_ERROR,LOW,ESCALATE_TO_HUMAN,0
17380.2,4,DECLINED,LOW,SEND_REMINDER,0
1699.66,2,DECLINED,LOW,OFFER_ALTERNATIVE_PAYMENT_METHOD,0
18833.11,3,UNKNOWN,MEDIUM,SEND_REMINDER,1
16719.1,2,INSUFFICIENT_FUNDS,HIGH,ESCALATE_TO_HUMAN,0
17070.95,4,TIMEOUT,HIGH,ESCALATE_TO_HUMAN,0
4909.15,5,NETWORK_ERROR,MEDIUM,STOP,1
8014.2,3,INSUFFICIENT_FUNDS,LOW,SEND_REMINDER,0
12354.07,5,UNKNOWN,HIGH,WAIT_AND_RETRY,0
4457.78,5,TIMEOUT,MEDIUM,ESCALATE_TO_HUMAN,0
19827.0,4,TIMEOUT,LOW,SEND_REMINDER,0
2445.67,4,TIMEOUT,HIGH,WAIT_AND_RETRY,1
15470.84,4,NETWORK_ERROR,MEDIUM,ESCALATE_TO_HUMAN,0
9105.99,3,TIMEOUT,CRITICAL,SEND_REMINDER,1
6144.08,2,UNKNOWN,CRITICAL,OFFER_ALTERNATIVE_PAYMENT_METHOD,0
12569.38,3,NETWORK_ERROR,CRITICAL,WAIT_AND_RETRY,1
10968.02,3,NETWORK_ERROR,CRITICAL,ESCALATE_TO_HUMAN,0
15095.39,1,TIMEOUT,LOW,STOP,1
14325.88,1,UNKNOWN,MEDIUM,STOP,1
3804.8,1,INSUFFICIENT_FUNDS,HIGH,SEND_REMINDER,1
5661.91,5,UNKNOWN,LOW,STOP,0
17985.17,3,TIMEOUT,MEDIUM,SEND_REMINDER,1
19152.35,2,INSUFFICIENT_FUNDS,LOW,WAIT_AND_RETRY,1
7547.37,3,INSUFFICIENT_FUNDS,LOW,WAIT_AND_RETRY,1
14614.77,3,INSUFFICIENT_FUNDS,HIGH,WAIT_AND_RETRY,1
8155.92,5,UNKNOWN,HIGH,SEND_REMINDER,0
15125.55,2,TIMEOUT,MEDIUM,OFFER_ALTERNATIVE_PAYMENT_METHOD,0
7942.87,2,UNKNOWN,CRITICAL,SEND_REMINDER,1
10794.33,3,UNKNOWN,MEDIUM,WAIT_AND_RETRY,1
19321.77,3,INSUFFICIENT_FUNDS,LOW,SEND_REMINDER,0
1244.89,3,UNKNOWN,CRITICAL,OFFER_ALTERNATIVE_PAYMENT_METHOD,0
12273.4,5,TIMEOUT,LOW,WAIT_AND_RETRY,1
19342.92,4,TIMEOUT,LOW,ESCALATE_TO_HUMAN,0
11801.16,3,TIMEOUT,LOW,WAIT_AND_RETRY,1
11946.42,3,NETWORK_ERROR,MEDIUM,ESCALATE_TO_HUMAN,1
19721.08,1,UNKNOWN,MEDIUM,SEND_REMINDER,1
1612.67,2,NETWORK_ERROR,CRITICAL,OFFER_ALTERNATIVE_PAYMENT_METHOD,1
8075.57,4,INSUFFICIENT_FUNDS,CRITICAL,OFFER_ALTERNATIVE_PAYMENT_METHOD,1
17075.64,4,INSUFFICIENT_FUNDS,CRITICAL,WAIT_AND_RETRY,0
2923.15,1,UNKNOWN,CRITICAL,WAIT_AND_RETRY,1
15352.41,1,NETWORK_ERROR,MEDIUM,STOP,0
6376.56,2,INSUFFICIENT_FUNDS,LOW,SEND_REMINDER,1
2207.3,3,TIMEOUT,HIGH,OFFER_ALTERNATIVE_PAYMENT_METHOD,1
1972.33,2,TIMEOUT,LOW,STOP,0
6060.3,1,UNKNOWN,CRITICAL,ESCALATE_TO_HUMAN,0
9273.81,2,INSUFFICIENT_FUNDS,CRITICAL,STOP,0
7549.8,3,TIMEOUT,MEDIUM,WAIT_AND_RETRY,1
4801.71,3,INSUFFICIENT_FUNDS,LOW,STOP,1
18560.65,1,INSUFFICIENT_FUNDS,CRITICAL,ESCALATE_TO_HUMAN,1
9904.92,4,UNKNOWN,MEDIUM,SEND_REMINDER,0
15175.32,5,UNKNOWN,CRITICAL,OFFER_ALTERNATIVE_PAYMENT_METHOD,1
17464.88,1,TIMEOUT,HIGH,ESCALATE_TO_HUMAN,1
13343.69,4,INSUFFICIENT_FUNDS,LOW,STOP,0
10118.78,3,UNKNOWN,MEDIUM,STOP,0
15519.27,4,DECLINED,MEDIUM,ESCALATE_TO_HUMAN,0
457.99,5,INSUFFICIENT_FUNDS,CRITICAL,ESCALATE_TO_HUMAN,1
11731.57,2,INSUFFICIENT_FUNDS,HIGH,SEND_REMINDER,0
12789.19,3,INSUFFICIENT_FUNDS,LOW,STOP,0
11153.44,2,TIMEOUT,HIGH,WAIT_AND_RETRY,0
10712.34,3,DECLINED,MEDIUM,OFFER_ALTERNATIVE_PAYMENT_METHOD,0
11094.17,2,UNKNOWN,HIGH,SEND_REMINDER,0
1903.73,2,TIMEOUT,MEDIUM,OFFER_ALTERNATIVE_PAYMENT_METHOD,1
11437.66,2,UNKNOWN,LOW,WAIT_AND_RETRY,0
13136.97,4,TIMEOUT,CRITICAL,WAIT_AND_RETRY,1
8030.19,3,INSUFFICIENT_FUNDS,LOW,STOP,0
3964.69,1,DECLINED,HIGH,WAIT_AND_RETRY,1
4708.83,1,NETWORK_ERROR,LOW,STOP,1
7477.64,2,UNKNOWN,MEDIUM,SEND_REMINDER,1
16743.44,1,NETWORK_ERROR,MEDIUM,ESCALATE_TO_HUMAN,0
13927.07,4,NETWORK_ERROR,MEDIUM,ESCALATE_TO_HUMAN,0
841.71,4,INSUFFICIENT_FUNDS,CRITICAL,WAIT_AND_RETRY,0
14992.41,1,DECLINED,CRITICAL,SEND_REMINDER,0
4445.93,5,INSUFFICIENT_FUNDS,LOW,WAIT_AND_RETRY,0
4642.56,2,TIMEOUT,HIGH,ESCALATE_TO_HUMAN,1
16540.63,2,TIMEOUT,LOW,SEND_REMINDER,0
17732.58,4,NETWORK_ERROR,LOW,STOP,0
14279.77,4,INSUFFICIENT_FUNDS,MEDIUM,SEND_REMINDER,0
7842.88,3,INSUFFICIENT_FUNDS,LOW,SEND_REMINDER,1
9332.05,4,UNKNOWN,HIGH,ESCALATE_TO_HUMAN,0
17896.48,1,DECLINED,MEDIUM,OFFER_ALTERNATIVE_PAYMENT_METHOD,0
3683.21,1,INSUFFICIENT_FUNDS,CRITICAL,WAIT_AND_RETRY,1
17181.13,1,UNKNOWN,CRITICAL,WAIT_AND_RETRY,0
16734.28,4,UNKNOWN,MEDIUM,SEND_REMINDER,0
3736.77,2,INSUFFICIENT_FUNDS,MEDIUM,ESCALATE_TO_HUMAN,1
15452.76,1,DECLINED,MEDIUM,SEND_REMINDER,1
8625.17,3,TIMEOUT,CRITICAL,STOP,1
11448.42,1,TIMEOUT,HIGH,OFFER_ALTERNATIVE_PAYMENT_METHOD,1
7457.49,2,DECLINED,MEDIUM,ESCALATE_TO_HUMAN,0
925.1,4,TIMEOUT,MEDIUM,STOP,0
14151.35,1,NETWORK_ERROR,LOW,STOP,1
10067.11,3,INSUFFICIENT_FUNDS,CRITICAL,OFFER_ALTERNATIVE_PAYMENT_METHOD,1
7877.22,3,TIMEOUT,HIGH,STOP,0
16721.06,1,UNKNOWN,MEDIUM,ESCALATE_TO_HUMAN,0
5310.82,4,NETWORK_ERROR,HIGH,ESCALATE_TO_HUMAN,0
12738.31,1,INSUFFICIENT_FUNDS,MEDIUM,ESCALATE_TO_HUMAN,1
18139.93,3,INSUFFICIENT_FUNDS,MEDIUM,ESCALATE_TO_HUMAN,1
14582.05,1,UNKNOWN,CRITICAL,OFFER_ALTERNATIVE_PAYMENT_METHOD,0
5202.5,4,DECLINED,MEDIUM,ESCALATE_TO_HUMAN,0
8142.23,1,INSUFFICIENT_FUNDS,HIGH,WAIT_AND_RETRY,1
16347.88,5,UNKNOWN,LOW,WAIT_AND_RETRY,1
9560.02,2,UNKNOWN,LOW,WAIT_AND_RETRY,0
6230.5,1,DECLINED,CRITICAL,WAIT_AND_RETRY,1
4800.14,4,DECLINED,LOW,OFFER_ALTERNATIVE_PAYMENT_METHOD,0
4635.08,2,DECLINED,HIGH,ESCALATE_TO_HUMAN,0
4988.38,1,DECLINED,CRITICAL,ESCALATE_TO_HUMAN,0
542.84,4,DECLINED,LOW,STOP,0
3742.42,2,DECLINED,CRITICAL,ESCALATE_TO_HUMAN,0
12883.22,1,UNKNOWN,LOW,STOP,0
12976.15,4,INSUFFICIENT_FUNDS,MEDIUM,STOP,0
13557.43,1,DECLINED,CRITICAL,SEND_REMINDER,0
4166.57,2,UNKNOWN,CRITICAL,ESCALATE_TO_HUMAN,1
16892.31,3,NETWORK_ERROR,HIGH,STOP,1
16585.87,4,NETWORK_ERROR,HIGH,STOP,0
14033.16,1,UNKNOWN,CRITICAL,ESCALATE_TO_HUMAN,1
7876.01,2,NETWORK_ERROR,LOW,ESCALATE_TO_HUMAN,0
11599.82,1,DECLINED,MEDIUM,STOP,0
15358.08,5,UNKNOWN,LOW,STOP,0
18616.73,4,NETWORK_ERROR,MEDIUM,ESCALATE_TO_HUMAN,0
19318.93,2,TIMEOUT,CRITICAL,WAIT_AND_RETRY,1
18296.96,1,UNKNOWN,CRITICAL,OFFER_ALTERNATIVE_PAYMENT_METHOD,0
3515.15,5,INSUFFICIENT_FUNDS,MEDIUM,WAIT_AND_RETRY,1
13939.58,5,TIMEOUT,LOW,SEND_REMINDER,0
6119.49,5,NETWORK_ERROR,LOW,OFFER_ALTERNATIVE_PAYMENT_METHOD,1
11355.06,4,DECLINED,LOW,ESCALATE_TO_HUMAN,0
1363.84,3,UNKNOWN,CRITICAL,SEND_REMINDER,1
5243.42,5,UNKNOWN,MEDIUM,OFFER_ALTERNATIVE_PAYMENT_METHOD,1
18258.01,3,TIMEOUT,LOW,SEND_REMINDER,0
13905.38,1,DECLINED,LOW,ESCALATE_TO_HUMAN,0
17214.64,1,DECLINED,CRITICAL,OFFER_ALTERNATIVE_PAYMENT_METHOD,0
13588.24,3,UNKNOWN,LOW,WAIT_AND_RETRY,1
17033.19,5,TIMEOUT,LOW,OFFER_ALTERNATIVE_PAYMENT_METHOD,1
18795.7,1,NETWORK_ERROR,CRITICAL,WAIT_AND_RETRY,0
19548.8,4,INSUFFICIENT_FUNDS,LOW,ESCALATE_TO_HUMAN,0
4151.38,5,UNKNOWN,LOW,STOP,0
17336.76,1,DECLINED,MEDIUM,ESCALATE_TO_HUMAN,1
3395.53,4,UNKNOWN,MEDIUM,OFFER_ALTERNATIVE_PAYMENT_METHOD,0
16864.7,3,NETWORK_ERROR,LOW,ESCALATE_TO_HUMAN,1
10202.08,5,INSUFFICIENT_FUNDS,MEDIUM,ESCALATE_TO_HUMAN,0
1867.46,4,UNKNOWN,LOW,ESCALATE_TO_HUMAN,0
13739.92,5,DECLINED,LOW,SEND_REMINDER,0
8182.28,2,NETWORK_ERROR,LOW,STOP,1
433.19,5,NETWORK_ERROR,CRITICAL,WAIT_AND_RETRY,0
16108.85,4,TIMEOUT,HIGH,OFFER_ALTERNATIVE_PAYMENT_METHOD,1
6588.67,5,DECLINED,MEDIUM,OFFER_ALTERNATIVE_PAYMENT_METHOD,0
10486.22,4,NETWORK_ERROR,LOW,SEND_REMINDER,1
14952.94,2,INSUFFICIENT_FUNDS,MEDIUM,OFFER_ALTERNATIVE_PAYMENT_METHOD,1
11973.75,5,NETWORK_ERROR,MEDIUM,SEND_REMINDER,0
5048.02,2,UNKNOWN,HIGH,STOP,0
16476.07,1,TIMEOUT,CRITICAL,ESCALATE_TO_HUMAN,1
18373.99,3,TIMEOUT,CRITICAL,OFFER_ALTERNATIVE_PAYMENT_METHOD,1
15320.62,3,NETWORK_ERROR,HIGH,OFFER_ALTERNATIVE_PAYMENT_METHOD,1
15305.56,3,UNKNOWN,LOW,STOP,0
15816.48,3,NETWORK_ERROR,MEDIUM,ESCALATE_TO_HUMAN,0
5512.35,5,UNKNOWN,MEDIUM,WAIT_AND_RETRY,0
14365.31,4,DECLINED,MEDIUM,STOP,0
18787.5,4,DECLINED,MEDIUM,SEND_REMINDER,0
4693.34,1,DECLINED,CRITICAL,ESCALATE_TO_HUMAN,0
12536.1,5,DECLINED,HIGH,STOP,0
7519.38,3,UNKNOWN,CRITICAL,SEND_REMINDER,1
1104.9,3,TIMEOUT,CRITICAL,SEND_REMINDER,1
8273.51,5,TIMEOUT,LOW,ESCALATE_TO_HUMAN,1
1546.16,4,UNKNOWN,CRITICAL,SEND_REMINDER,1
6960.58,5,UNKNOWN,MEDIUM,STOP,0
12103.73,5,TIMEOUT,MEDIUM,OFFER_ALTERNATIVE_PAYMENT_METHOD,0
14722.6,4,UNKNOWN,CRITICAL,ESCALATE_TO_HUMAN,0
3827.09,4,NETWORK_ERROR,HIGH,WAIT_AND_RETRY,1
10551.32,1,UNKNOWN,HIGH,STOP,0
2003.35,2,UNKNOWN,MEDIUM,STOP,1
19821.74,4,NETWORK_ERROR,LOW,WAIT_AND_RETRY,0
5862.9,1,DECLINED,CRITICAL,SEND_REMINDER,0
14515.1,1,INSUFFICIENT_FUNDS,MEDIUM,WAIT_AND_RETRY,0
14648.67,5,NETWORK_ERROR,MEDIUM,OFFER_ALTERNATIVE_PAYMENT_METHOD,1
4162.09,5,DECLINED,HIGH,SEND_REMINDER,0
16887.97,4,TIMEOUT,LOW,STOP,0
8752.1,3,DECLINED,HIGH,SEND_REMINDER,0
13375.87,2,INSUFFICIENT_FUNDS,LOW,OFFER_ALTERNATIVE_PAYMENT_METHOD,0
14217.48,2,NETWORK_ERROR,MEDIUM,SEND_REMINDER,1
4719.34,5,DECLINED,CRITICAL,ESCALATE_TO_HUMAN,0
16027.95,5,INSUFFICIENT_FUNDS,CRITICAL,SEND_REMINDER,0
11410.86,5,NETWORK_ERROR,HIGH,ESCALATE_TO_HUMAN,0
17599.0,1,DECLINED,HIGH,SEND_REMINDER,0
155.29,5,DECLINED,CRITICAL,WAIT_AND_RETRY,0
8669.21,3,DECLINED,MEDIUM,OFFER_ALTERNATIVE_PAYMENT_METHOD,0
233.88,2,INSUFFICIENT_FUNDS,CRITICAL,OFFER_ALTERNATIVE_PAYMENT_METHOD,1
3351.0,2,NETWORK_ERROR,MEDIUM,ESCALATE_TO_HUMAN,1
6383.4,4,NETWORK_ERROR,LOW,WAIT_AND_RETRY,1
9967.77,2,NETWORK_ERROR,CRITICAL,OFFER_ALTERNATIVE_PAYMENT_METHOD,1
8438.97,5,TIMEOUT,LOW,SEND_REMINDER,0
16683.19,5,UNKNOWN,LOW,STOP,0
9737.16,2,DECLINED,LOW,SEND_REMINDER,1
3758.58,3,INSUFFICIENT_FUNDS,HIGH,ESCALATE_TO_HUMAN,1
12217.78,3,DECLINED,CRITICAL,WAIT_AND_RETRY,0
19179.5,4,TIMEOUT,MEDIUM,OFFER_ALTERNATIVE_PAYMENT_METHOD,0
18467.8,1,DECLINED,CRITICAL,OFFER_ALTERNATIVE_PAYMENT_METHOD,1
15165.41,1,DECLINED,LOW,STOP,0
19502.27,1,DECLINED,MEDIUM,SEND_REMINDER,0
11902.48,1,INSUFFICIENT_FUNDS,HIGH,ESCALATE_TO_HUMAN,1
5190.29,5,NETWORK_ERROR,HIGH,STOP,1
6991.7,1,NETWORK_ERROR,HIGH,ESCALATE_TO_HUMAN,1
14394.43,5,DECLINED,HIGH,SEND_REMINDER,0
2427.77,4,NETWORK_ERROR,CRITICAL,ESCALATE_TO_HUMAN,1
5772.62,5,TIMEOUT,LOW,OFFER_ALTERNATIVE_PAYMENT_METHOD,1
6303.99,5,INSUFFICIENT_FUNDS,LOW,SEND_REMINDER,0
15790.4,5,TIMEOUT,MEDIUM,WAIT_AND_RETRY,0
580.26,2,UNKNOWN,CRITICAL,ESCALATE_TO_HUMAN,0
15366.89,1,TIMEOUT,HIGH,STOP,0
13721.4,3,NETWORK_ERROR,CRITICAL,STOP,0
3115.88,3,TIMEOUT,HIGH,WAIT_AND_RETRY,0
7704.52,4,UNKNOWN,MEDIUM,SEND_REMINDER,0
6916.66,4,TIMEOUT,MEDIUM,WAIT_AND_RETRY,0
12137.54,4,INSUFFICIENT_FUNDS,HIGH,WAIT_AND_RETRY,0
10193.85,1,DECLINED,CRITICAL,WAIT_AND_RETRY,0
19302.6,5,DECLINED,LOW,STOP,0
19583.05,1,UNKNOWN,LOW,STOP,0
16464.26,3,TIMEOUT,LOW,WAIT_AND_RETRY,1
17137.56,2,DECLINED,CRITICAL,WAIT_AND_RETRY,1
10788.57,5,INSUFFICIENT_FUNDS,LOW,OFFER_ALTERNATIVE_PAYMENT_METHOD,1
8046.88,2,NETWORK_ERROR,LOW,STOP,0
743.74,4,TIMEOUT,MEDIUM,WAIT_AND_RETRY,1
12052.33,4,NETWORK_ERROR,CRITICAL,ESCALATE_TO_HUMAN,0
7330.83,3,INSUFFICIENT_FUNDS,CRITICAL,WAIT_AND_RETRY,0
13610.03,2,TIMEOUT,LOW,ESCALATE_TO_HUMAN,0
5856.58,1,UNKNOWN,HIGH,SEND_REMINDER,0
8482.37,4,DECLINED,CRITICAL,SEND_REMINDER,0
3678.06,3,UNKNOWN,CRITICAL,WAIT_AND_RETRY,1
19526.84,2,DECLINED,LOW,STOP,0
2681.82,4,UNKNOWN,CRITICAL,WAIT_AND_RETRY,1
7826.41,4,NETWORK_ERROR,HIGH,WAIT_AND_RETRY,1
926.45,4,TIMEOUT,CRITICAL,WAIT_AND_RETRY,1
2672.39,5,NETWORK_ERROR,CRITICAL,OFFER_ALTERNATIVE_PAYMENT_METHOD,0
12514.5,5,NETWORK_ERROR,LOW,SEND_REMINDER,0
11888.07,2,NETWORK_ERROR,MEDIUM,WAIT_AND_RETRY,1
2791.59,5,INSUFFICIENT_FUNDS,HIGH,SEND_REMINDER,0
15371.11,4,INSUFFICIENT_FUNDS,CRITICAL,STOP,0
17163.62,5,TIMEOUT,CRITICAL,WAIT_AND_RETRY,1
14360.5,4,NETWORK_ERROR,MEDIUM,ESCALATE_TO_HUMAN,1
16313.08,4,INSUFFICIENT_FUNDS,HIGH,OFFER_ALTERNATIVE_PAYMENT_METHOD,0
19631.5,5,TIMEOUT,LOW,OFFER_ALTERNATIVE_PAYMENT_METHOD,1
11181.05,5,INSUFFICIENT_FUNDS,HIGH,OFFER_ALTERNATIVE_PAYMENT_METHOD,1
1902.2,5,NETWORK_ERROR,LOW,STOP,0
7022.43,3,UNKNOWN,MEDIUM,OFFER_ALTERNATIVE_PAYMENT_METHOD,0
16920.84,3,DECLINED,CRITICAL,SEND_REMINDER,0
11982.65,3,TIMEOUT,LOW,ESCALATE_TO_HUMAN,1
1141.43,4,DECLINED,LOW,SEND_REMINDER,0
8226.94,4,TIMEOUT,HIGH,STOP,0
9008.13,3,DECLINED,MEDIUM,ESCALATE_TO_HUMAN,0
8181.49,2,TIMEOUT,HIGH,WAIT_AND_RETRY,1
7366.8,1,INSUFFICIENT_FUNDS,MEDIUM,WAIT_AND_RETRY,1
4684.95,1,DECLINED,CRITICAL,WAIT_AND_RETRY,1
1173.97,5,DECLINED,LOW,OFFER_ALTERNATIVE_PAYMENT_METHOD,0
5187.64,1,TIMEOUT,MEDIUM,STOP,1
8902.52,3,NETWORK_ERROR,CRITICAL,OFFER_ALTERNATIVE_PAYMENT_METHOD,1
7370.8,1,INSUFFICIENT_FUNDS,CRITICAL,STOP,1
14481.37,1,UNKNOWN,LOW,STOP,0
10677.19,4,INSUFFICIENT_FUNDS,CRITICAL,STOP,0
6668.94,1,UNKNOWN,MEDIUM,SEND_REMINDER,0
14298.31,4,INSUFFICIENT_FUNDS,CRITICAL,ESCALATE_TO_HUMAN,0
237.62,4,NETWORK_ERROR,MEDIUM,SEND_REMINDER,0
13911.89,4,NETWORK_ERROR,HIGH,SEND_REMINDER,0
16133.64,1,UNKNOWN,MEDIUM,SEND_REMINDER,1
7261.63,4,TIMEOUT,MEDIUM,SEND_REMINDER,0
2958.76,5,DECLINED,MEDIUM,SEND_REMINDER,0
19966.0,4,INSUFFICIENT_FUNDS,HIGH,WAIT_AND_RETRY,1
11257.35,2,INSUFFICIENT_FUNDS,MEDIUM,SEND_REMINDER,0
18701.95,4,DECLINED,MEDIUM,OFFER_ALTERNATIVE_PAYMENT_METHOD,0
9520.62,2,UNKNOWN,MEDIUM,SEND_REMINDER,0
17362.58,2,NETWORK_ERROR,MEDIUM,SEND_REMINDER,1
531.65,1,INSUFFICIENT_FUNDS,LOW,WAIT_AND_RETRY,1
3859.09,2,UNKNOWN,HIGH,OFFER_ALTERNATIVE_PAYMENT_METHOD,1
19234.39,4,NETWORK_ERROR,MEDIUM,STOP,1
13486.09,3,INSUFFICIENT_FUNDS,LOW,OFFER_ALTERNATIVE_PAYMENT_METHOD,0
13831.87,2,DECLINED,LOW,ESCALATE_TO_HUMAN,0
11411.04,5,UNKNOWN,LOW,SEND_REMINDER,0
4500.63,1,NETWORK_ERROR,CRITICAL,OFFER_ALTERNATIVE_PAYMENT_METHOD,0
4347.54,2,TIMEOUT,CRITICAL,SEND_REMINDER,0
9905.99,4,DECLINED,MEDIUM,SEND_REMINDER,0
8341.93,5,NETWORK_ERROR,CRITICAL,ESCALATE_TO_HUMAN,0
14629.25,1,DECLINED,LOW,SEND_REMINDER,0
1141.96,4,NETWORK_ERROR,HIGH,STOP,0
12515.71,3,TIMEOUT,HIGH,WAIT_AND_RETRY,1
848.11,4,INSUFFICIENT_FUNDS,LOW,SEND_REMINDER,0
5477.95,4,DECLINED,HIGH,STOP,0
9123.52,2,INSUFFICIENT_FUNDS,LOW,ESCALATE_TO_HUMAN,0
374.49,1,TIMEOUT,CRITICAL,SEND_REMINDER,0
13280.96,3,DECLINED,HIGH,ESCALATE_TO_HUMAN,0
5726.22,4,INSUFFICIENT_FUNDS,HIGH,STOP,0
11765.34,1,UNKNOWN,MEDIUM,STOP,0
11457.58,4,UNKNOWN,HIGH,STOP,0
5227.98,5,DECLINED,LOW,STOP,0
17786.01,3,NETWORK_ERROR,HIGH,STOP,0
13270.59,2,DECLINED,CRITICAL,OFFER_ALTERNATIVE_PAYMENT_METHOD,1
2722.58,2,UNKNOWN,HIGH,ESCALATE_TO_HUMAN,1
2106.8,5,UNKNOWN,LOW,WAIT_AND_RETRY,0
5837.5,3,TIMEOUT,HIGH,WAIT_AND_RETRY,1
1557.36,4,DECLINED,MEDIUM,SEND_REMINDER,0
16350.75,5,INSUFFICIENT_FUNDS,CRITICAL,OFFER_ALTERNATIVE_PAYMENT_METHOD,1
17801.12,2,INSUFFICIENT_FUNDS,CRITICAL,ESCALATE_TO_HUMAN,0
13952.06,1,UNKNOWN,MEDIUM,SEND_REMINDER,1
10564.61,5,DECLINED,LOW,OFFER_ALTERNATIVE_PAYMENT_METHOD,0
19453.37,3,NETWORK_ERROR,CRITICAL,STOP,1
13980.82,2,INSUFFICIENT_FUNDS,HIGH,ESCALATE_TO_HUMAN,1
14977.11,5,UNKNOWN,HIGH,ESCALATE_TO_HUMAN,1
13621.02,5,DECLINED,CRITICAL,STOP,0
15523.38,4,TIMEOUT,MEDIUM,WAIT_AND_RETRY,0
17175.79,4,TIMEOUT,MEDIUM,ESCALATE_TO_HUMAN,0
1108.84,5,NETWORK_ERROR,MEDIUM,ESCALATE_TO_HUMAN,1
8075.44,1,NETWORK_ERROR,CRITICAL,OFFER_ALTERNATIVE_PAYMENT_METHOD,1
6441.25,4,UNKNOWN,CRITICAL,OFFER_ALTERNATIVE_PAYMENT_METHOD,0
13343.64,5,DECLINED,HIGH,OFFER_ALTERNATIVE_PAYMENT_METHOD,0
7233.63,4,INSUFFICIENT_FUNDS,LOW,SEND_REMINDER,1
8675.97,1,NETWORK_ERROR,LOW,ESCALATE_TO_HUMAN,1
6817.81,4,UNKNOWN,MEDIUM,OFFER_ALTERNATIVE_PAYMENT_METHOD,0
7212.52,4,DECLINED,HIGH,OFFER_ALTERNATIVE_PAYMENT_METHOD,0
3162.73,3,INSUFFICIENT_FUNDS,HIGH,WAIT_AND_RETRY,0
11815.7,4,INSUFFICIENT_FUNDS,LOW,SEND_REMINDER,0
16680.44,2,UNKNOWN,CRITICAL,STOP,0
438.07,2,INSUFFICIENT_FUNDS,CRITICAL,WAIT_AND_RETRY,0
9107.44,2,DECLINED,MEDIUM,WAIT_AND_RETRY,0
6036.15,3,TIMEOUT,MEDIUM,STOP,0
1309.19,1,INSUFFICIENT_FUNDS,LOW,STOP,0
10740.01,1,UNKNOWN,HIGH,WAIT_AND_RETRY,1
13392.67,1,UNKNOWN,CRITICAL,WAIT_AND_RETRY,0
9565.04,4,UNKNOWN,CRITICAL,SEND_REMINDER,0
6799.04,2,UNKNOWN,HIGH,WAIT_AND_RETRY,1
7845.89,3,UNKNOWN,LOW,OFFER_ALTERNATIVE_PAYMENT_METHOD,1
940.52,2,INSUFFICIENT_FUNDS,CRITICAL,ESCALATE_TO_HUMAN,1
10237.84,1,UNKNOWN,HIGH,ESCALATE_TO_HUMAN,0
19071.48,5,INSUFFICIENT_FUNDS,LOW,OFFER_ALTERNATIVE_PAYMENT_METHOD,0
12595.95,5,NETWORK_ERROR,MEDIUM,ESCALATE_TO_HUMAN,1
14372.82,3,INSUFFICIENT_FUNDS,MEDIUM,WAIT_AND_RETRY,0
19391.99,3,UNKNOWN,MEDIUM,OFFER_ALTERNATIVE_PAYMENT_METHOD,0
12249.43,1,DECLINED,MEDIUM,OFFER_ALTERNATIVE_PAYMENT_METHOD,1
4624.42,5,DECLINED,CRITICAL,ESCALATE_TO_HUMAN,0
8792.05,3,UNKNOWN,HIGH,WAIT_AND_RETRY,0
1427.2,4,INSUFFICIENT_FUNDS,MEDIUM,SEND_REMINDER,1
10487.45,2,UNKNOWN,HIGH,STOP,0
13956.99,3,NETWORK_ERROR,CRITICAL,SEND_REMINDER,1
15352.42,2,DECLINED,LOW,OFFER_ALTERNATIVE_PAYMENT_METHOD,0
7597.2,5,INSUFFICIENT_FUNDS,MEDIUM,ESCALATE_TO_HUMAN,0
9663.25,5,TIMEOUT,LOW,ESCALATE_TO_HUMAN,1
149.51,4,TIMEOUT,MEDIUM,WAIT_AND_RETRY,1
19636.35,5,NETWORK_ERROR,CRITICAL,STOP,0
5968.53,2,DECLINED,HIGH,OFFER_ALTERNATIVE_PAYMENT_METHOD,0
8344.96,5,UNKNOWN,LOW,ESCALATE_TO_HUMAN,0
4787.77,4,TIMEOUT,MEDIUM,ESCALATE_TO_HUMAN,1
12531.01,5,NETWORK_ERROR,MEDIUM,SEND_REMINDER,1
13618.26,5,NETWORK_ERROR,LOW,ESCALATE_TO_HUMAN,1
5527.38,5,DECLINED,LOW,STOP,0
9373.71,4,UNKNOWN,HIGH,OFFER_ALTERNATIVE_PAYMENT_METHOD,1
15842.13,4,DECLINED,HIGH,OFFER_ALTERNATIVE_PAYMENT_METHOD,0
10544.14,5,UNKNOWN,LOW,ESCALATE_TO_HUMAN,0
9309.1,1,INSUFFICIENT_FUNDS,LOW,OFFER_ALTERNATIVE_PAYMENT_METHOD,1
1255.75,5,INSUFFICIENT_FUNDS,HIGH,STOP,0
15265.9,4,TIMEOUT,CRITICAL,STOP,0
5345.13,5,DECLINED,CRITICAL,SEND_REMINDER,0
17238.77,1,DECLINED,CRITICAL,WAIT_AND_RETRY,1
11914.19,1,TIMEOUT,LOW,STOP,1
17009.52,1,UNKNOWN,LOW,SEND_REMINDER,0
12976.11,5,UNKNOWN,CRITICAL,WAIT_AND_RETRY,0
2762.92,1,DECLINED,LOW,ESCALATE_TO_HUMAN,1
15232.46,5,NETWORK_ERROR,LOW,WAIT_AND_RETRY,1
2725.91,4,TIMEOUT,MEDIUM,ESCALATE_TO_HUMAN,0
17879.96,2,INSUFFICIENT_FUNDS,CRITICAL,OFFER_ALTERNATIVE_PAYMENT_METHOD,0
9137.02,1,TIMEOUT,HIGH,WAIT_AND_RETRY,1
6625.28,5,UNKNOWN,CRITICAL,STOP,0
17314.12,2,INSUFFICIENT_FUNDS,HIGH,ESCALATE_TO_HUMAN,1
9788.08,2,NETWORK_ERROR,MEDIUM,SEND_REMINDER,1
6652.46,1,INSUFFICIENT_FUNDS,CRITICAL,WAIT_AND_RETRY,1
12909.78,5,DECLINED,MEDIUM,STOP,0
16461.14,3,NETWORK_ERROR,HIGH,OFFER_ALTERNATIVE_PAYMENT_METHOD,0
10794.16,1,NETWORK_ERROR,HIGH,WAIT_AND_RETRY,1
9719.61,1,NETWORK_ERROR,MEDIUM,SEND_REMINDER,0
15886.25,1,TIMEOUT,CRITICAL,STOP,0
2365.23,4,UNKNOWN,LOW,WAIT_AND_RETRY,0
8814.42,4,UNKNOWN,CRITICAL,STOP,0
17661.35,2,INSUFFICIENT_FUNDS,HIGH,OFFER_ALTERNATIVE_PAYMENT_METHOD,1
5909.26,4,DECLINED,HIGH,WAIT_AND_RETRY,0
19794.55,4,DECLINED,HIGH,WAIT_AND_RETRY,1
4436.79,2,UNKNOWN,HIGH,ESCALATE_TO_HUMAN,1
10022.32,2,NETWORK_ERROR,HIGH,STOP,0
7384.42,2,UNKNOWN,MEDIUM,ESCALATE_TO_HUMAN,1
10229.97,5,TIMEOUT,LOW,SEND_REMINDER,0
1865.69,5,INSUFFICIENT_FUNDS,HIGH,SEND_REMINDER,0
4612.7,2,INSUFFICIENT_FUNDS,LOW,ESCALATE_TO_HUMAN,0
14754.12,1,UNKNOWN,HIGH,OFFER_ALTERNATIVE_PAYMENT_METHOD,1
11703.25,4,NETWORK_ERROR,CRITICAL,SEND_REMINDER,1
15914.71,4,INSUFFICIENT_FUNDS,CRITICAL,SEND_REMINDER,0
6973.0,5,INSUFFICIENT_FUNDS,HIGH,WAIT_AND_RETRY,0
9792.42,5,NETWORK_ERROR,CRITICAL,WAIT_AND_RETRY,1
6799.74,2,TIMEOUT,LOW,STOP,0
8149.34,5,NETWORK_ERROR,HIGH,WAIT_AND_RETRY,1
15287.84,3,DECLINED,CRITICAL,WAIT_AND_RETRY,0
5177.4,5,TIMEOUT,CRITICAL,ESCALATE_TO_HUMAN,1
14745.29,2,UNKNOWN,MEDIUM,STOP,0
13322.31,2,TIMEOUT,LOW,SEND_REMINDER,1
17069.55,3,NETWORK_ERROR,CRITICAL,SEND_REMINDER,1
17824.76,4,DECLINED,CRITICAL,ESCALATE_TO_HUMAN,0
14950.47,4,DECLINED,CRITICAL,WAIT_AND_RETRY,1
19947.9,4,TIMEOUT,HIGH,SEND_REMINDER,0
18442.22,2,TIMEOUT,MEDIUM,SEND_REMINDER,1
11808.82,1,NETWORK_ERROR,MEDIUM,ESCALATE_TO_HUMAN,0
11119.16,4,DECLINED,HIGH,STOP,0
1966.37,4,UNKNOWN,LOW,OFFER_ALTERNATIVE_PAYMENT_METHOD,1
6158.14,4,NETWORK_ERROR,HIGH,OFFER_ALTERNATIVE_PAYMENT_METHOD,1
3367.67,2,INSUFFICIENT_FUNDS,LOW,ESCALATE_TO_HUMAN,1
7969.51,3,DECLINED,HIGH,SEND_REMINDER,0
7600.19,1,NETWORK_ERROR,CRITICAL,SEND_REMINDER,1
2651.99,2,NETWORK_ERROR,HIGH,ESCALATE_TO_HUMAN,0
12710.74,3,UNKNOWN,MEDIUM,SEND_REMINDER,0
8829.57,3,NETWORK_ERROR,HIGH,STOP,1
4405.0,5,INSUFFICIENT_FUNDS,LOW,SEND_REMINDER,0
6757.0,1,TIMEOUT,HIGH,OFFER_ALTERNATIVE_PAYMENT_METHOD,0
5190.78,5,DECLINED,CRITICAL,SEND_REMINDER,0
18221.04,2,UNKNOWN,LOW,OFFER_ALTERNATIVE_PAYMENT_METHOD,0
4899.89,2,NETWORK_ERROR,HIGH,OFFER_ALTERNATIVE_PAYMENT_METHOD,1
14651.18,1,INSUFFICIENT_FUNDS,CRITICAL,OFFER_ALTERNATIVE_PAYMENT_METHOD,1
4039.66,3,NETWORK_ERROR,LOW,OFFER_ALTERNATIVE_PAYMENT_METHOD,1
11808.37,5,UNKNOWN,CRITICAL,STOP,0
4351.76,2,NETWORK_ERROR,HIGH,WAIT_AND_RETRY,1
5779.76,4,DECLINED,CRITICAL,ESCALATE_TO_HUMAN,0
3966.95,5,INSUFFICIENT_FUNDS,LOW,WAIT_AND_RETRY,1
13964.53,4,TIMEOUT,LOW,OFFER_ALTERNATIVE_PAYMENT_METHOD,1
1777.72,1,NETWORK_ERROR,HIGH,SEND_REMINDER,1
10743.73,2,NETWORK_ERROR,LOW,ESCALATE_TO_HUMAN,0
1644.56,4,NETWORK_ERROR,LOW,STOP,0
12654.15,3,DECLINED,HIGH,SEND_REMINDER,0
9137.42,1,DECLINED,LOW,SEND_REMINDER,0
16457.17,2,TIMEOUT,LOW,OFFER_ALTERNATIVE_PAYMENT_METHOD,0
3666.2,2,NETWORK_ERROR,CRITICAL,WAIT_AND_RETRY,1
3985.23,2,UNKNOWN,CRITICAL,OFFER_ALTERNATIVE_PAYMENT_METHOD,0
13858.51,3,NETWORK_ERROR,HIGH,SEND_REMINDER,1
14843.92,1,INSUFFICIENT_FUNDS,MEDIUM,WAIT_AND_RETRY,1
9659.95,1,INSUFFICIENT_FUNDS,LOW,OFFER_ALTERNATIVE_PAYMENT_METHOD,1
11817.59,2,NETWORK_ERROR,LOW,ESCALATE_TO_HUMAN,1
5071.99,5,TIMEOUT,MEDIUM,SEND_REMINDER,0
5629.72,1,INSUFFICIENT_FUNDS,MEDIUM,STOP,1
13330.3,1,INSUFFICIENT_FUNDS,CRITICAL,SEND_REMINDER,0
2002.56,5,NETWORK_ERROR,LOW,WAIT_AND_RETRY,0
5194.92,3,TIMEOUT,MEDIUM,STOP,1
4633.72,2,INSUFFICIENT_FUNDS,MEDIUM,STOP,0
19459.86,2,TIMEOUT,MEDIUM,STOP,1
16664.84,4,INSUFFICIENT_FUNDS,HIGH,SEND_REMINDER,1
3794.84,4,INSUFFICIENT_FUNDS,HIGH,STOP,0
15881.72,2,INSUFFICIENT_FUNDS,CRITICAL,ESCALATE_TO_HUMAN,1
3559.97,1,UNKNOWN,HIGH,SEND_REMINDER,1
9130.96,4,TIMEOUT,HIGH,STOP,0
12539.22,2,UNKNOWN,CRITICAL,SEND_REMINDER,1
16713.3,1,INSUFFICIENT_FUNDS,MEDIUM,ESCALATE_TO_HUMAN,0
8145.26,3,UNKNOWN,LOW,OFFER_ALTERNATIVE_PAYMENT_METHOD,1
17954.79,2,INSUFFICIENT_FUNDS,MEDIUM,STOP,1
18330.84,4,INSUFFICIENT_FUNDS,LOW,OFFER_ALTERNATIVE_PAYMENT_METHOD,0
19853.12,2,TIMEOUT,CRITICAL,STOP,0
3269.15,4,INSUFFICIENT_FUNDS,CRITICAL,ESCALATE_TO_HUMAN,0
13371.77,3,TIMEOUT,CRITICAL,SEND_REMINDER,0
17625.85,5,UNKNOWN,HIGH,SEND_REMINDER,0
4130.7,4,DECLINED,MEDIUM,OFFER_ALTERNATIVE_PAYMENT_METHOD,0
9548.94,2,DECLINED,CRITICAL,SEND_REMINDER,0
10986.34,2,INSUFFICIENT_FUNDS,HIGH,SEND_REMINDER,0
5803.72,5,INSUFFICIENT_FUNDS,CRITICAL,SEND_REMINDER,0
620.07,1,DECLINED,MEDIUM,OFFER_ALTERNATIVE_PAYMENT_METHOD,0
11845.73,2,UNKNOWN,LOW,ESCALATE_TO_HUMAN,1
17222.84,5,NETWORK_ERROR,LOW,ESCALATE_TO_HUMAN,0
10353.85,2,DECLINED,LOW,WAIT_AND_RETRY,1
9992.35,2,DECLINED,MEDIUM,ESCALATE_TO_HUMAN,1
13853.55,1,NETWORK_ERROR,HIGH,STOP,0
16308.91,5,NETWORK_ERROR,MEDIUM,ESCALATE_TO_HUMAN,0
11519.43,1,TIMEOUT,LOW,OFFER_ALTERNATIVE_PAYMENT_METHOD,1
4009.54,3,DECLINED,CRITICAL,SEND_REMINDER,0
5631.63,2,UNKNOWN,MEDIUM,ESCALATE_TO_HUMAN,0
6001.1,4,TIMEOUT,MEDIUM,STOP,1
2860.02,5,UNKNOWN,HIGH,WAIT_AND_RETRY,1
16431.12,3,UNKNOWN,LOW,WAIT_AND_RETRY,1
8330.87,4,INSUFFICIENT_FUNDS,CRITICAL,WAIT_AND_RETRY,0
9084.81,1,DECLINED,MEDIUM,SEND_REMINDER,1
12041.64,1,NETWORK_ERROR,CRITICAL,WAIT_AND_RETRY,1
15726.82,5,NETWORK_ERROR,LOW,ESCALATE_TO_HUMAN,0
5013.28,5,INSUFFICIENT_FUNDS,LOW,WAIT_AND_RETRY,1
4709.31,3,TIMEOUT,CRITICAL,ESCALATE_TO_HUMAN,0
13170.15,2,INSUFFICIENT_FUNDS,LOW,OFFER_ALTERNATIVE_PAYMENT_METHOD,1
11310.7,3,NETWORK_ERROR,LOW,WAIT_AND_RETRY,0
9923.11,2,NETWORK_ERROR,LOW,OFFER_ALTERNATIVE_PAYMENT_METHOD,0
1913.7,4,NETWORK_ERROR,HIGH,STOP,0
11847.27,1,NETWORK_ERROR,LOW,OFFER_ALTERNATIVE_PAYMENT_METHOD,1
18461.75,1,TIMEOUT,CRITICAL,ESCALATE_TO_HUMAN,0
8143.55,5,NETWORK_ERROR,LOW,STOP,0
5004.31,2,NETWORK_ERROR,MEDIUM,OFFER_ALTERNATIVE_PAYMENT_METHOD,1
14880.09,3,INSUFFICIENT_FUNDS,HIGH,SEND_REMINDER,0
4269.64,2,NETWORK_ERROR,CRITICAL,WAIT_AND_RETRY,1
11352.94,1,DECLINED,LOW,SEND_REMINDER,0
7704.94,1,INSUFFICIENT_FUNDS,CRITICAL,WAIT_AND_RETRY,0
17686.82,4,NETWORK_ERROR,MEDIUM,SEND_REMINDER,0
2045.45,3,NETWORK_ERROR,MEDIUM,OFFER_ALTERNATIVE_PAYMENT_METHOD,0
13413.24,1,TIMEOUT,LOW,OFFER_ALTERNATIVE_PAYMENT_METHOD,1
2737.15,5,DECLINED,HIGH,OFFER_ALTERNATIVE_PAYMENT_METHOD,0
9743.12,1,UNKNOWN,MEDIUM,ESCALATE_TO_HUMAN,1
10250.52,4,DECLINED,HIGH,ESCALATE_TO_HUMAN,0
1527.78,5,NETWORK_ERROR,LOW,ESCALATE_TO_HUMAN,1
19415.45,4,NETWORK_ERROR,HIGH,SEND_REMINDER,1
3119.86,3,INSUFFICIENT_FUNDS,LOW,WAIT_AND_RETRY,0
1739.78,3,TIMEOUT,HIGH,WAIT_AND_RETRY,1
13302.84,2,DECLINED,LOW,ESCALATE_TO_HUMAN,0
16301.56,3,TIMEOUT,HIGH,SEND_REMINDER,0
9987.28,3,NETWORK_ERROR,LOW,SEND_REMINDER,1
5731.61,1,DECLINED,HIGH,STOP,0
18205.46,4,DECLINED,HIGH,STOP,0
18997.8,2,NETWORK_ERROR,LOW,OFFER_ALTERNATIVE_PAYMENT_METHOD,1
19809.14,3,DECLINED,CRITICAL,OFFER_ALTERNATIVE_PAYMENT_METHOD,0
18348.59,2,INSUFFICIENT_FUNDS,HIGH,STOP,0
2998.33,2,DECLINED,LOW,ESCALATE_TO_HUMAN,1
8143.73,3,DECLINED,HIGH,WAIT_AND_RETRY,1
17491.9,4,NETWORK_ERROR,LOW,WAIT_AND_RETRY,1
19978.81,3,NETWORK_ERROR,MEDIUM,WAIT_AND_RETRY,0
7623.65,4,TIMEOUT,HIGH,WAIT_AND_RETRY,0
10287.83,1,NETWORK_ERROR,LOW,ESCALATE_TO_HUMAN,1
12030.15,3,NETWORK_ERROR,CRITICAL,SEND_REMINDER,1
253.38,4,TIMEOUT,MEDIUM,STOP,0
2522.12,2,TIMEOUT,MEDIUM,SEND_REMINDER,1
3701.53,5,TIMEOUT,HIGH,WAIT_AND_RETRY,1
9473.74,2,UNKNOWN,MEDIUM,OFFER_ALTERNATIVE_PAYMENT_METHOD,0
11862.0,3,NETWORK_ERROR,LOW,OFFER_ALTERNATIVE_PAYMENT_METHOD,1
14553.17,5,INSUFFICIENT_FUNDS,CRITICAL,STOP,0
4640.64,1,NETWORK_ERROR,MEDIUM,OFFER_ALTERNATIVE_PAYMENT_METHOD,1
16538.25,3,TIMEOUT,HIGH,ESCALATE_TO_HUMAN,0
3378.17,5,UNKNOWN,MEDIUM,WAIT_AND_RETRY,0
8789.95,1,INSUFFICIENT_FUNDS,CRITICAL,STOP,0
12016.02,4,UNKNOWN,MEDIUM,WAIT_AND_RETRY,1
10854.94,1,NETWORK_ERROR,HIGH,WAIT_AND_RETRY,1
18209.67,3,TIMEOUT,HIGH,WAIT_AND_RETRY,1
17444.58,2,UNKNOWN,LOW,OFFER_ALTERNATIVE_PAYMENT_METHOD,1
11157.84,4,INSUFFICIENT_FUNDS,MEDIUM,STOP,1
1791.55,5,UNKNOWN,MEDIUM,WAIT_AND_RETRY,0
15144.57,4,UNKNOWN,LOW,SEND_REMINDER,0
11745.14,1,TIMEOUT,LOW,SEND_REMINDER,0
12449.25,4,INSUFFICIENT_FUNDS,MEDIUM,ESCALATE_TO_HUMAN,0
373.44,3,UNKNOWN,HIGH,OFFER_ALTERNATIVE_PAYMENT_METHOD,0
15706.53,5,UNKNOWN,HIGH,WAIT_AND_RETRY,0
5637.32,5,NETWORK_ERROR,CRITICAL,STOP,0
11372.13,1,INSUFFICIENT_FUNDS,HIGH,SEND_REMINDER,1
16039.95,4,NETWORK_ERROR,CRITICAL,WAIT_AND_RETRY,0
7831.3,4,DECLINED,MEDIUM,SEND_REMINDER,0
5540.03,4,NETWORK_ERROR,LOW,ESCALATE_TO_HUMAN,1
8938.77,1,TIMEOUT,CRITICAL,STOP,1
11796.14,5,NETWORK_ERROR,MEDIUM,OFFER_ALTERNATIVE_PAYMENT_METHOD,1
507.86,3,TIMEOUT,CRITICAL,ESCALATE_TO_HUMAN,1
3298.51,5,DECLINED,HIGH,OFFER_ALTERNATIVE_PAYMENT_METHOD,0
15500.05,4,TIMEOUT,HIGH,WAIT_AND_RETRY,0
13538.71,2,TIMEOUT,HIGH,SEND_REMINDER,1
10294.45,1,INSUFFICIENT_FUNDS,LOW,ESCALATE_TO_HUMAN,0
6225.5,3,INSUFFICIENT_FUNDS,MEDIUM,ESCALATE_TO_HUMAN,0
6619.8,3,INSUFFICIENT_FUNDS,CRITICAL,OFFER_ALTERNATIVE_PAYMENT_METHOD,0
11740.69,1,DECLINED,MEDIUM,ESCALATE_TO_HUMAN,0
7638.59,2,INSUFFICIENT_FUNDS,MEDIUM,OFFER_ALTERNATIVE_PAYMENT_METHOD,1
4859.32,2,TIMEOUT,MEDIUM,STOP,0
13545.56,3,INSUFFICIENT_FUNDS,MEDIUM,SEND_REMINDER,0
6510.95,5,TIMEOUT,CRITICAL,SEND_REMINDER,1
503.09,2,UNKNOWN,CRITICAL,ESCALATE_TO_HUMAN,1
17646.75,5,UNKNOWN,LOW,ESCALATE_TO_HUMAN,0
9758.92,2,UNKNOWN,MEDIUM,SEND_REMINDER,1
1831.56,4,UNKNOWN,MEDIUM,WAIT_AND_RETRY,0
4890.68,2,DECLINED,CRITICAL,STOP,0
17182.91,1,DECLINED,MEDIUM,SEND_REMINDER,0
15055.33,2,NETWORK_ERROR,MEDIUM,STOP,1
998.64,5,INSUFFICIENT_FUNDS,LOW,SEND_REMINDER,1
8417.94,5,NETWORK_ERROR,LOW,STOP,0
4946.02,3,UNKNOWN,MEDIUM,ESCALATE_TO_HUMAN,0
1786.58,1,NETWORK_ERROR,LOW,WAIT_AND_RETRY,1
11677.17,3,DECLINED,LOW,ESCALATE_TO_HUMAN,1
16849.56,4,INSUFFICIENT_FUNDS,CRITICAL,WAIT_AND_RETRY,0
7432.48,5,INSUFFICIENT_FUNDS,LOW,ESCALATE_TO_HUMAN,0
12470.82,2,TIMEOUT,LOW,OFFER_ALTERNATIVE_PAYMENT_METHOD,0
6948.16,2,TIMEOUT,MEDIUM,WAIT_AND_RETRY,0
13052.7,4,DECLINED,LOW,OFFER_ALTERNATIVE_PAYMENT_METHOD,0
5863.54,3,TIMEOUT,CRITICAL,WAIT_AND_RETRY,1
2453.57,3,INSUFFICIENT_FUNDS,MEDIUM,STOP,0
2177.76,1,DECLINED,CRITICAL,ESCALATE_TO_HUMAN,0
14258.82,3,NETWORK_ERROR,HIGH,SEND_REMINDER,1
12997.24,4,NETWORK_ERROR,MEDIUM,WAIT_AND_RETRY,0
3286.41,1,INSUFFICIENT_FUNDS,CRITICAL,STOP,1
13277.4,5,NETWORK_ERROR,MEDIUM,SEND_REMINDER,1
13535.93,4,DECLINED,CRITICAL,WAIT_AND_RETRY,0
16535.52,4,TIMEOUT,HIGH,SEND_REMINDER,1
4048.61,4,NETWORK_ERROR,HIGH,STOP,1
17393.19,4,UNKNOWN,HIGH,STOP,0
4491.34,4,NETWORK_ERROR,LOW,OFFER_ALTERNATIVE_PAYMENT_METHOD,0
12164.85,2,NETWORK_ERROR,LOW,WAIT_AND_RETRY,0
4972.34,3,TIMEOUT,MEDIUM,SEND_REMINDER,0
1555.68,2,INSUFFICIENT_FUNDS,CRITICAL,OFFER_ALTERNATIVE_PAYMENT_METHOD,1
12564.75,4,DECLINED,MEDIUM,SEND_REMINDER,0
15123.82,5,INSUFFICIENT_FUNDS,LOW,ESCALATE_TO_HUMAN,0
4113.94,4,DECLINED,HIGH,STOP,0
19710.09,2,UNKNOWN,MEDIUM,WAIT_AND_RETRY,1
15600.97,1,DECLINED,HIGH,SEND_REMINDER,0
7919.09,2,DECLINED,CRITICAL,SEND_REMINDER,0
7439.12,2,DECLINED,MEDIUM,OFFER_ALTERNATIVE_PAYMENT_METHOD,1
6973.98,2,DECLINED,HIGH,ESCALATE_TO_HUMAN,0
15052.28,5,DECLINED,CRITICAL,OFFER_ALTERNATIVE_PAYMENT_METHOD,0
10275.05,5,DECLINED,MEDIUM,SEND_REMINDER,0
16063.17,3,INSUFFICIENT_FUNDS,LOW,WAIT_AND_RETRY,1
12546.94,3,NETWORK_ERROR,CRITICAL,STOP,1
11392.9,3,DECLINED,HIGH,WAIT_AND_RETRY,1
13476.14,4,TIMEOUT,CRITICAL,ESCALATE_TO_HUMAN,0
3668.53,2,INSUFFICIENT_FUNDS,LOW,STOP,0
15574.76,3,INSUFFICIENT_FUNDS,MEDIUM,WAIT_AND_RETRY,1
2293.92,4,INSUFFICIENT_FUNDS,LOW,SEND_REMINDER,1
3998.08,4,DECLINED,LOW,OFFER_ALTERNATIVE_PAYMENT_METHOD,0
19452.07,5,DECLINED,MEDIUM,OFFER_ALTERNATIVE_PAYMENT_METHOD,0
10443.07,1,DECLINED,LOW,SEND_REMINDER,1
12258.19,2,NETWORK_ERROR,HIGH,ESCALATE_TO_HUMAN,1
16833.43,2,TIMEOUT,MEDIUM,ESCALATE_TO_HUMAN,1
17628.54,1,UNKNOWN,HIGH,OFFER_ALTERNATIVE_PAYMENT_METHOD,1
18458.33,4,DECLINED,CRITICAL,WAIT_AND_RETRY,0
8199.22,2,TIMEOUT,CRITICAL,SEND_REMINDER,1
1440.54,2,TIMEOUT,LOW,WAIT_AND_RETRY,0
14428.82,5,INSUFFICIENT_FUNDS,HIGH,SEND_REMINDER,0
5137.23,5,TIMEOUT,MEDIUM,SEND_REMINDER,1
9082.04,5,DECLINED,LOW,STOP,0
19548.53,5,UNKNOWN,CRITICAL,ESCALATE_TO_HUMAN,0
12798.94,2,DECLINED,LOW,OFFER_ALTERNATIVE_PAYMENT_METHOD,0
5138.57,3,DECLINED,MEDIUM,WAIT_AND_RETRY,0
7472.39,4,INSUFFICIENT_FUNDS,LOW,WAIT_AND_RETRY,0
2996.87,5,INSUFFICIENT_FUNDS,LOW,STOP,0
7546.59,1,NETWORK_ERROR,LOW,OFFER_ALTERNATIVE_PAYMENT_METHOD,1
2283.52,3,UNKNOWN,LOW,STOP,0
4413.07,5,UNKNOWN,LOW,OFFER_ALTERNATIVE_PAYMENT_METHOD,0
1455.94,3,NETWORK_ERROR,HIGH,SEND_REMINDER,1
8172.77,5,INSUFFICIENT_FUNDS,LOW,SEND_REMINDER,0
3899.55,1,INSUFFICIENT_FUNDS,MEDIUM,ESCALATE_TO_HUMAN,1
6462.4,5,NETWORK_ERROR,MEDIUM,WAIT_AND_RETRY,0
339.24,4,UNKNOWN,HIGH,ESCALATE_TO_HUMAN,0
2288.8,4,UNKNOWN,HIGH,WAIT_AND_RETRY,1
18550.11,1,TIMEOUT,CRITICAL,WAIT_AND_RETRY,1
12165.56,5,TIMEOUT,CRITICAL,WAIT_AND_RETRY,1
2223.39,5,DECLINED,CRITICAL,STOP,0
2345.17,5,UNKNOWN,CRITICAL,ESCALATE_TO_HUMAN,0
11624.94,5,TIMEOUT,MEDIUM,SEND_REMINDER,0
9582.16,1,INSUFFICIENT_FUNDS,LOW,OFFER_ALTERNATIVE_PAYMENT_METHOD,0
10772.56,3,TIMEOUT,HIGH,OFFER_ALTERNATIVE_PAYMENT_METHOD,1
1432.78,3,DECLINED,HIGH,ESCALATE_TO_HUMAN,0
10954.1,2,INSUFFICIENT_FUNDS,MEDIUM,SEND_REMINDER,0
11906.01,5,TIMEOUT,HIGH,SEND_REMINDER,1
13223.22,1,DECLINED,CRITICAL,OFFER_ALTERNATIVE_PAYMENT_METHOD,0
1424.06,3,UNKNOWN,HIGH,ESCALATE_TO_HUMAN,1
9749.06,2,NETWORK_ERROR,MEDIUM,WAIT_AND_RETRY,1
10357.22,2,TIMEOUT,CRITICAL,SEND_REMINDER,1
7746.55,5,UNKNOWN,MEDIUM,OFFER_ALTERNATIVE_PAYMENT_METHOD,0
12795.63,1,TIMEOUT,HIGH,SEND_REMINDER,0
7475.27,3,DECLINED,LOW,SEND_REMINDER,1
10932.93,2,NETWORK_ERROR,CRITICAL,SEND_REMINDER,0
16863.17,4,TIMEOUT,MEDIUM,ESCALATE_TO_HUMAN,0
9435.94,1,NETWORK_ERROR,HIGH,SEND_REMINDER,1
13896.55,4,UNKNOWN,CRITICAL,SEND_REMINDER,1
12090.53,1,DECLINED,LOW,SEND_REMINDER,1
16562.88,3,TIMEOUT,MEDIUM,OFFER_ALTERNATIVE_PAYMENT_METHOD,1
9828.31,1,INSUFFICIENT_FUNDS,CRITICAL,ESCALATE_TO_HUMAN,0
1969.32,5,DECLINED,LOW,STOP,0
9547.26,4,INSUFFICIENT_FUNDS,CRITICAL,OFFER_ALTERNATIVE_PAYMENT_METHOD,0
8112.45,4,DECLINED,HIGH,WAIT_AND_RETRY,0
14496.25,4,UNKNOWN,MEDIUM,SEND_REMINDER,0
5393.68,1,UNKNOWN,HIGH,SEND_REMINDER,1
16499.99,3,TIMEOUT,CRITICAL,OFFER_ALTERNATIVE_PAYMENT_METHOD,1
9231.97,2,TIMEOUT,MEDIUM,WAIT_AND_RETRY,1
15228.76,2,UNKNOWN,LOW,ESCALATE_TO_HUMAN,1
13896.26,4,TIMEOUT,CRITICAL,WAIT_AND_RETRY,0
6758.04,5,NETWORK_ERROR,LOW,OFFER_ALTERNATIVE_PAYMENT_METHOD,1
14071.77,1,NETWORK_ERROR,CRITICAL,SEND_REMINDER,1
711.53,1,TIMEOUT,CRITICAL,OFFER_ALTERNATIVE_PAYMENT_METHOD,1
14383.58,3,DECLINED,HIGH,STOP,0
11170.48,2,TIMEOUT,HIGH,OFFER_ALTERNATIVE_PAYMENT_METHOD,1
14303.23,3,DECLINED,LOW,STOP,0
5745.39,4,DECLINED,LOW,OFFER_ALTERNATIVE_PAYMENT_METHOD,0
19408.95,5,DECLINED,CRITICAL,OFFER_ALTERNATIVE_PAYMENT_METHOD,0
4877.3,2,NETWORK_ERROR,MEDIUM,WAIT_AND_RETRY,0
18999.2,2,DECLINED,CRITICAL,OFFER_ALTERNATIVE_PAYMENT_METHOD,1
10417.11,3,DECLINED,HIGH,OFFER_ALTERNATIVE_PAYMENT_METHOD,0
11885.67,2,DECLINED,MEDIUM,OFFER_ALTERNATIVE_PAYMENT_METHOD,1
16235.8,2,NETWORK_ERROR,CRITICAL,WAIT_AND_RETRY,1
13364.14,4,NETWORK_ERROR,HIGH,WAIT_AND_RETRY,0
11233.62,3,INSUFFICIENT_FUNDS,MEDIUM,SEND_REMINDER,1
2379.38,2,NETWORK_ERROR,MEDIUM,SEND_REMINDER,1
8474.09,2,DECLINED,MEDIUM,WAIT_AND_RETRY,1
1258.43,1,UNKNOWN,LOW,STOP,0
11814.02,1,UNKNOWN,CRITICAL,STOP,1
170.67,3,UNKNOWN,LOW,SEND_REMINDER,0
19649.7,2,INSUFFICIENT_FUNDS,HIGH,WAIT_AND_RETRY,1
17627.55,5,TIMEOUT,LOW,STOP,0
1082.44,3,TIMEOUT,CRITICAL,ESCALATE_TO_HUMAN,1
4924.59,4,DECLINED,MEDIUM,STOP,0
592.18,1,TIMEOUT,MEDIUM,ESCALATE_TO_HUMAN,1
7040.92,5,INSUFFICIENT_FUNDS,CRITICAL,OFFER_ALTERNATIVE_PAYMENT_METHOD,0
16951.4,3,TIMEOUT,LOW,WAIT_AND_RETRY,1
7042.15,5,TIMEOUT,MEDIUM,WAIT_AND_RETRY,0
8709.74,2,UNKNOWN,CRITICAL,STOP,0
19576.77,1,UNKNOWN,LOW,OFFER_ALTERNATIVE_PAYMENT_METHOD,1
8501.6,2,DECLINED,CRITICAL,OFFER_ALTERNATIVE_PAYMENT_METHOD,0
15173.62,1,DECLINED,CRITICAL,ESCALATE_TO_HUMAN,0
17348.8,5,DECLINED,CRITICAL,ESCALATE_TO_HUMAN,0
2592.78,5,UNKNOWN,MEDIUM,ESCALATE_TO_HUMAN,0
8705.6,5,INSUFFICIENT_FUNDS,LOW,WAIT_AND_RETRY,0
7990.59,2,DECLINED,CRITICAL,SEND_REMINDER,0
3763.1,4,DECLINED,CRITICAL,STOP,0
10346.09,5,TIMEOUT,CRITICAL,ESCALATE_TO_HUMAN,1
7963.95,3,TIMEOUT,MEDIUM,STOP,0
12084.31,5,UNKNOWN,LOW,ESCALATE_TO_HUMAN,0
11716.27,3,UNKNOWN,LOW,SEND_REMINDER,1
12487.49,4,DECLINED,MEDIUM,ESCALATE_TO_HUMAN,0
12104.91,4,DECLINED,HIGH,WAIT_AND_RETRY,0
3840.42,5,INSUFFICIENT_FUNDS,LOW,OFFER_ALTERNATIVE_PAYMENT_METHOD,1
1541.55,3,NETWORK_ERROR,CRITICAL,WAIT_AND_RETRY,0
15636.1,3,DECLINED,MEDIUM,STOP,0
16477.0,5,INSUFFICIENT_FUNDS,CRITICAL,OFFER_ALTERNATIVE_PAYMENT_METHOD,0
10734.23,4,NETWORK_ERROR,LOW,OFFER_ALTERNATIVE_PAYMENT_METHOD,0
883.62,3,NETWORK_ERROR,LOW,STOP,1
5468.42,2,UNKNOWN,CRITICAL,STOP,0
9876.38,4,NETWORK_ERROR,MEDIUM,WAIT_AND_RETRY,0
11834.05,1,NETWORK_ERROR,LOW,SEND_REMINDER,1
362.54,5,DECLINED,LOW,ESCALATE_TO_HUMAN,0
11475.25,1,DECLINED,HIGH,SEND_REMINDER,0
3324.81,2,DECLINED,MEDIUM,WAIT_AND_RETRY,0
411.98,2,NETWORK_ERROR,LOW,ESCALATE_TO_HUMAN,1
494.28,2,INSUFFICIENT_FUNDS,MEDIUM,ESCALATE_TO_HUMAN,0
8527.14,3,UNKNOWN,CRITICAL,OFFER_ALTERNATIVE_PAYMENT_METHOD,1
18909.3,3,NETWORK_ERROR,HIGH,ESCALATE_TO_HUMAN,0
13838.55,3,INSUFFICIENT_FUNDS,CRITICAL,STOP,0
8219.33,4,INSUFFICIENT_FUNDS,LOW,ESCALATE_TO_HUMAN,0
9909.64,2,INSUFFICIENT_FUNDS,HIGH,OFFER_ALTERNATIVE_PAYMENT_METHOD,0
4455.51,3,NETWORK_ERROR,HIGH,ESCALATE_TO_HUMAN,1
17936.84,5,DECLINED,HIGH,STOP,0
14976.01,3,UNKNOWN,MEDIUM,OFFER_ALTERNATIVE_PAYMENT_METHOD,0
17137.38,3,UNKNOWN,CRITICAL,SEND_REMINDER,0
16659.29,2,DECLINED,CRITICAL,OFFER_ALTERNATIVE_PAYMENT_METHOD,0
4882.72,1,DECLINED,CRITICAL,OFFER_ALTERNATIVE_PAYMENT_METHOD,0
191.05,5,UNKNOWN,HIGH,SEND_REMINDER,1
17688.05,4,UNKNOWN,MEDIUM,OFFER_ALTERNATIVE_PAYMENT_METHOD,0
17438.22,4,UNKNOWN,HIGH,STOP,1
573.21,3,INSUFFICIENT_FUNDS,LOW,OFFER_ALTERNATIVE_PAYMENT_METHOD,0
734.43,2,UNKNOWN,HIGH,ESCALATE_TO_HUMAN,0
14683.05,1,NETWORK_ERROR,CRITICAL,SEND_REMINDER,1
18363.54,5,TIMEOUT,LOW,ESCALATE_TO_HUMAN,0
18302.1,4,TIMEOUT,HIGH,OFFER_ALTERNATIVE_PAYMENT_METHOD,0
18449.51,1,TIMEOUT,LOW,WAIT_AND_RETRY,1
6768.14,3,NETWORK_ERROR,HIGH,WAIT_AND_RETRY,1
13813.64,1,INSUFFICIENT_FUNDS,HIGH,WAIT_AND_RETRY,1
19192.49,1,INSUFFICIENT_FUNDS,MEDIUM,OFFER_ALTERNATIVE_PAYMENT_METHOD,1
1388.13,4,UNKNOWN,HIGH,SEND_REMINDER,0
15036.88,5,INSUFFICIENT_FUNDS,MEDIUM,WAIT_AND_RETRY,0
14525.18,1,NETWORK_ERROR,MEDIUM,SEND_REMINDER,1
11564.48,3,TIMEOUT,CRITICAL,OFFER_ALTERNATIVE_PAYMENT_METHOD,1
9268.31,3,TIMEOUT,CRITICAL,ESCALATE_TO_HUMAN,0
16141.87,3,NETWORK_ERROR,LOW,STOP,1
4546.54,2,UNKNOWN,HIGH,OFFER_ALTERNATIVE_PAYMENT_METHOD,1
19095.74,3,DECLINED,LOW,STOP,0
12553.61,5,TIMEOUT,HIGH,WAIT_AND_RETRY,1
13344.69,3,INSUFFICIENT_FUNDS,HIGH,OFFER_ALTERNATIVE_PAYMENT_METHOD,0
4476.4,4,NETWORK_ERROR,CRITICAL,SEND_REMINDER,1
10921.94,1,DECLINED,CRITICAL,SEND_REMINDER,1
5078.58,1,TIMEOUT,LOW,OFFER_ALTERNATIVE_PAYMENT_METHOD,1
7553.58,4,TIMEOUT,CRITICAL,OFFER_ALTERNATIVE_PAYMENT_METHOD,0
3558.62,4,NETWORK_ERROR,HIGH,STOP,1
19516.57,4,DECLINED,MEDIUM,WAIT_AND_RETRY,0
18664.9,4,UNKNOWN,MEDIUM,WAIT_AND_RETRY,0
8686.6,1,TIMEOUT,HIGH,WAIT_AND_RETRY,1
9932.03,1,INSUFFICIENT_FUNDS,HIGH,WAIT_AND_RETRY,1
14449.96,5,UNKNOWN,MEDIUM,SEND_REMINDER,0
14107.59,4,DECLINED,MEDIUM,WAIT_AND_RETRY,0
19050.14,2,INSUFFICIENT_FUNDS,MEDIUM,STOP,0
10658.79,1,INSUFFICIENT_FUNDS,HIGH,WAIT_AND_RETRY,1
13039.24,1,TIMEOUT,HIGH,STOP,0
8074.68,3,NETWORK_ERROR,MEDIUM,STOP,1
14474.8,1,TIMEOUT,HIGH,SEND_REMINDER,1
15365.46,4,DECLINED,CRITICAL,SEND_REMINDER,0
1372.08,3,INSUFFICIENT_FUNDS,LOW,OFFER_ALTERNATIVE_PAYMENT_METHOD,0
3962.24,1,UNKNOWN,MEDIUM,OFFER_ALTERNATIVE_PAYMENT_METHOD,1
17670.35,3,TIMEOUT,LOW,WAIT_AND_RETRY,1
17129.5,5,DECLINED,CRITICAL,WAIT_AND_RETRY,0
2233.34,1,DECLINED,MEDIUM,STOP,0
13495.62,4,UNKNOWN,MEDIUM,ESCALATE_TO_HUMAN,0
19202.9,1,DECLINED,MEDIUM,SEND_REMINDER,0
16852.87,2,UNKNOWN,LOW,WAIT_AND_RETRY,0
9834.52,5,TIMEOUT,MEDIUM,WAIT_AND_RETRY,0
4999.09,5,NETWORK_ERROR,HIGH,ESCALATE_TO_HUMAN,1
9264.14,4,NETWORK_ERROR,LOW,OFFER_ALTERNATIVE_PAYMENT_METHOD,1
10325.51,4,DECLINED,LOW,ESCALATE_TO_HUMAN,0
6990.52,5,UNKNOWN,LOW,OFFER_ALTERNATIVE_PAYMENT_METHOD,0
1223.95,3,INSUFFICIENT_FUNDS,LOW,WAIT_AND_RETRY,0
3633.87,2,DECLINED,MEDIUM,STOP,0
12297.06,2,INSUFFICIENT_FUNDS,HIGH,WAIT_AND_RETRY,1
6392.55,4,DECLINED,CRITICAL,WAIT_AND_RETRY,0
15604.32,3,NETWORK_ERROR,MEDIUM,OFFER_ALTERNATIVE_PAYMENT_METHOD,1
13826.5,3,INSUFFICIENT_FUNDS,LOW,STOP,0
3009.29,4,UNKNOWN,LOW,WAIT_AND_RETRY,1
4947.38,5,TIMEOUT,CRITICAL,SEND_REMINDER,1
17439.82,3,NETWORK_ERROR,MEDIUM,SEND_REMINDER,1
1296.12,5,INSUFFICIENT_FUNDS,MEDIUM,SEND_REMINDER,1
4776.93,5,TIMEOUT,HIGH,SEND_REMINDER,1
15441.87,2,NETWORK_ERROR,CRITICAL,STOP,1
15616.73,4,TIMEOUT,CRITICAL,WAIT_AND_RETRY,1
11350.27,1,DECLINED,MEDIUM,ESCALATE_TO_HUMAN,0
9370.55,5,UNKNOWN,HIGH,ESCALATE_TO_HUMAN,0
3765.33,1,NETWORK_ERROR,HIGH,SEND_REMINDER,1
14005.11,1,NETWORK_ERROR,CRITICAL,WAIT_AND_RETRY,1
8730.66,3,UNKNOWN,HIGH,WAIT_AND_RETRY,0
13458.71,5,INSUFFICIENT_FUNDS,LOW,SEND_REMINDER,1
227.75,3,NETWORK_ERROR,LOW,STOP,0
12482.09,3,INSUFFICIENT_FUNDS,HIGH,OFFER_ALTERNATIVE_PAYMENT_METHOD,1
9504.96,5,DECLINED,HIGH,OFFER_ALTERNATIVE_PAYMENT_METHOD,0
2386.19,2,DECLINED,CRITICAL,ESCALATE_TO_HUMAN,1
8839.9,1,UNKNOWN,CRITICAL,SEND_REMINDER,0
4886.3,3,DECLINED,LOW,SEND_REMINDER,0
15321.76,4,DECLINED,MEDIUM,WAIT_AND_RETRY,0
9938.94,4,NETWORK_ERROR,MEDIUM,STOP,0
10542.58,3,NETWORK_ERROR,MEDIUM,SEND_REMINDER,1
13140.01,3,DECLINED,LOW,OFFER_ALTERNATIVE_PAYMENT_METHOD,1
7880.55,4,TIMEOUT,CRITICAL,ESCALATE_TO_HUMAN,1
4446.41,3,NETWORK_ERROR,LOW,ESCALATE_TO_HUMAN,1
2025.57,3,TIMEOUT,LOW,OFFER_ALTERNATIVE_PAYMENT_METHOD,1
10276.04,1,UNKNOWN,CRITICAL,STOP,0
4223.46,4,INSUFFICIENT_FUNDS,CRITICAL,WAIT_AND_RETRY,0
7827.13,4,UNKNOWN,CRITICAL,STOP,0
9712.42,1,TIMEOUT,CRITICAL,STOP,0
19229.69,1,NETWORK_ERROR,HIGH,STOP,1
13689.94,2,DECLINED,MEDIUM,WAIT_AND_RETRY,0
11575.4,2,TIMEOUT,LOW,SEND_REMINDER,1
1247.26,3,UNKNOWN,MEDIUM,OFFER_ALTERNATIVE_PAYMENT_METHOD,1
18166.07,1,DECLINED,MEDIUM,STOP,0
10910.0,2,TIMEOUT,MEDIUM,OFFER_ALTERNATIVE_PAYMENT_METHOD,1
10420.02,1,NETWORK_ERROR,LOW,ESCALATE_TO_HUMAN,1
15476.27,4,NETWORK_ERROR,CRITICAL,OFFER_ALTERNATIVE_PAYMENT_METHOD,0
10563.82,5,INSUFFICIENT_FUNDS,CRITICAL,OFFER_ALTERNATIVE_PAYMENT_METHOD,0
9031.03,5,NETWORK_ERROR,HIGH,SEND_REMINDER,0
2782.96,4,NETWORK_ERROR,LOW,OFFER_ALTERNATIVE_PAYMENT_METHOD,1
8243.46,3,DECLINED,HIGH,STOP,0
11102.55,5,NETWORK_ERROR,LOW,ESCALATE_TO_HUMAN,1
4304.06,3,DECLINED,MEDIUM,WAIT_AND_RETRY,0
4082.31,1,TIMEOUT,CRITICAL,OFFER_ALTERNATIVE_PAYMENT_METHOD,1
9027.76,2,DECLINED,LOW,ESCALATE_TO_HUMAN,0
12215.17,2,DECLINED,LOW,WAIT_AND_RETRY,0
17843.58,5,UNKNOWN,LOW,ESCALATE_TO_HUMAN,0
18960.41,1,NETWORK_ERROR,MEDIUM,WAIT_AND_RETRY,1
8577.76,4,INSUFFICIENT_FUNDS,MEDIUM,SEND_REMINDER,1
4513.89,2,DECLINED,LOW,SEND_REMINDER,1
12317.01,5,INSUFFICIENT_FUNDS,HIGH,STOP,1
16972.91,3,UNKNOWN,LOW,SEND_REMINDER,0
3350.51,3,INSUFFICIENT_FUNDS,HIGH,STOP,0
10120.09,3,DECLINED,MEDIUM,STOP,0
11008.36,1,TIMEOUT,CRITICAL,OFFER_ALTERNATIVE_PAYMENT_METHOD,0
4434.76,2,TIMEOUT,HIGH,OFFER_ALTERNATIVE_PAYMENT_METHOD,1
16193.57,1,UNKNOWN,MEDIUM,OFFER_ALTERNATIVE_PAYMENT_METHOD,0
17575.53,3,DECLINED,CRITICAL,SEND_REMINDER,0
2215.24,2,TIMEOUT,CRITICAL,WAIT_AND_RETRY,1
10885.8,2,UNKNOWN,HIGH,OFFER_ALTERNATIVE_PAYMENT_METHOD,1
16513.81,5,INSUFFICIENT_FUNDS,HIGH,SEND_REMINDER,1
7853.27,1,UNKNOWN,MEDIUM,WAIT_AND_RETRY,0
16039.5,5,DECLINED,HIGH,STOP,1
11784.15,3,INSUFFICIENT_FUNDS,CRITICAL,SEND_REMINDER,0
18301.86,1,UNKNOWN,MEDIUM,WAIT_AND_RETRY,1
12757.42,2,INSUFFICIENT_FUNDS,LOW,ESCALATE_TO_HUMAN,1
1381.0,2,TIMEOUT,CRITICAL,SEND_REMINDER,0
9111.14,4,TIMEOUT,LOW,ESCALATE_TO_HUMAN,0
14161.59,1,TIMEOUT,HIGH,SEND_REMINDER,1
12962.15,3,NETWORK_ERROR,MEDIUM,WAIT_AND_RETRY,1
18256.02,2,TIMEOUT,CRITICAL,OFFER_ALTERNATIVE_PAYMENT_METHOD,1
386.88,5,NETWORK_ERROR,HIGH,OFFER_ALTERNATIVE_PAYMENT_METHOD,1
6000.96,5,INSUFFICIENT_FUNDS,MEDIUM,WAIT_AND_RETRY,1
5662.26,3,NETWORK_ERROR,HIGH,ESCALATE_TO_HUMAN,1
14060.88,1,NETWORK_ERROR,CRITICAL,WAIT_AND_RETRY,0
8388.92,3,NETWORK_ERROR,HIGH,WAIT_AND_RETRY,1
7095.9,5,UNKNOWN,LOW,SEND_REMINDER,0
6466.39,2,INSUFFICIENT_FUNDS,HIGH,WAIT_AND_RETRY,0
12509.42,5,TIMEOUT,CRITICAL,WAIT_AND_RETRY,0
16454.0,1,NETWORK_ERROR,MEDIUM,OFFER_ALTERNATIVE_PAYMENT_METHOD,1
12368.41,2,UNKNOWN,MEDIUM,WAIT_AND_RETRY,0
3572.54,4,DECLINED,CRITICAL,ESCALATE_TO_HUMAN,0
18737.17,4,UNKNOWN,MEDIUM,SEND_REMINDER,0
4751.18,5,DECLINED,LOW,STOP,0
16711.81,5,TIMEOUT,LOW,STOP,0
15690.49,3,TIMEOUT,HIGH,SEND_REMINDER,1
7633.08,2,UNKNOWN,MEDIUM,OFFER_ALTERNATIVE_PAYMENT_METHOD,1
4111.28,3,UNKNOWN,MEDIUM,SEND_REMINDER,1
9505.53,1,UNKNOWN,CRITICAL,ESCALATE_TO_HUMAN,0
5162.6,1,UNKNOWN,CRITICAL,OFFER_ALTERNATIVE_PAYMENT_METHOD,0
3596.98,2,UNKNOWN,MEDIUM,ESCALATE_TO_HUMAN,0
18899.82,5,INSUFFICIENT_FUNDS,HIGH,WAIT_AND_RETRY,0
4163.63,1,UNKNOWN,HIGH,SEND_REMINDER,0
17066.04,5,UNKNOWN,HIGH,STOP,0
19711.52,4,NETWORK_ERROR,MEDIUM,STOP,0
18095.71,4,INSUFFICIENT_FUNDS,HIGH,SEND_REMINDER,0
2012.91,4,DECLINED,HIGH,WAIT_AND_RETRY,0
2579.56,5,UNKNOWN,MEDIUM,WAIT_AND_RETRY,1
11879.17,5,INSUFFICIENT_FUNDS,HIGH,SEND_REMINDER,0
18995.85,2,INSUFFICIENT_FUNDS,HIGH,STOP,0
13372.54,5,DECLINED,CRITICAL,ESCALATE_TO_HUMAN,0
12264.68,3,DECLINED,LOW,ESCALATE_TO_HUMAN,0
9205.76,1,DECLINED,LOW,WAIT_AND_RETRY,0
12462.39,1,NETWORK_ERROR,LOW,SEND_REMINDER,1
5288.13,4,NETWORK_ERROR,HIGH,ESCALATE_TO_HUMAN,1
7234.08,4,INSUFFICIENT_FUNDS,LOW,OFFER_ALTERNATIVE_PAYMENT_METHOD,1
14586.63,4,NETWORK_ERROR,LOW,ESCALATE_TO_HUMAN,0
5921.37,5,TIMEOUT,MEDIUM,OFFER_ALTERNATIVE_PAYMENT_METHOD,0
19396.17,3,UNKNOWN,CRITICAL,STOP,0
471.07,3,INSUFFICIENT_FUNDS,LOW,OFFER_ALTERNATIVE_PAYMENT_METHOD,0
8229.72,5,TIMEOUT,CRITICAL,OFFER_ALTERNATIVE_PAYMENT_METHOD,1
2800.72,3,TIMEOUT,CRITICAL,WAIT_AND_RETRY,1
14089.86,5,TIMEOUT,HIGH,ESCALATE_TO_HUMAN,1
19183.42,2,INSUFFICIENT_FUNDS,LOW,SEND_REMINDER,0
17438.74,4,DECLINED,MEDIUM,ESCALATE_TO_HUMAN,0
6087.0,1,DECLINED,MEDIUM,STOP,0
11502.11,4,UNKNOWN,LOW,ESCALATE_TO_HUMAN,0
10291.76,2,NETWORK_ERROR,LOW,WAIT_AND_RETRY,1
17018.06,2,DECLINED,CRITICAL,STOP,0
19340.08,5,TIMEOUT,LOW,OFFER_ALTERNATIVE_PAYMENT_METHOD,0
10123.93,3,TIMEOUT,CRITICAL,ESCALATE_TO_HUMAN,1
7583.35,4,NETWORK_ERROR,MEDIUM,ESCALATE_TO_HUMAN,1
3018.95,2,DECLINED,MEDIUM,OFFER_ALTERNATIVE_PAYMENT_METHOD,1
5697.05,5,INSUFFICIENT_FUNDS,CRITICAL,STOP,0
7612.65,2,TIMEOUT,LOW,STOP,1
19263.78,2,TIMEOUT,HIGH,ESCALATE_TO_HUMAN,0
1866.67,1,DECLINED,MEDIUM,WAIT_AND_RETRY,0
6098.92,3,DECLINED,CRITICAL,ESCALATE_TO_HUMAN,1
8328.18,2,DECLINED,MEDIUM,ESCALATE_TO_HUMAN,0
6331.92,1,UNKNOWN,CRITICAL,ESCALATE_TO_HUMAN,1
9966.33,3,UNKNOWN,HIGH,OFFER_ALTERNATIVE_PAYMENT_METHOD,0
18824.89,5,INSUFFICIENT_FUNDS,MEDIUM,STOP,0
3886.14,4,INSUFFICIENT_FUNDS,LOW,SEND_REMINDER,0
9368.05,5,DECLINED,HIGH,WAIT_AND_RETRY,0
3090.92,4,DECLINED,CRITICAL,OFFER_ALTERNATIVE_PAYMENT_METHOD,1
11975.78,3,TIMEOUT,HIGH,WAIT_AND_RETRY,1
15112.18,2,TIMEOUT,LOW,STOP,0
15796.45,1,UNKNOWN,HIGH,WAIT_AND_RETRY,0
7514.75,3,UNKNOWN,MEDIUM,SEND_REMINDER,0
14474.79,3,TIMEOUT,HIGH,ESCALATE_TO_HUMAN,1
6904.93,2,TIMEOUT,MEDIUM,ESCALATE_TO_HUMAN,1
734.64,1,NETWORK_ERROR,HIGH,ESCALATE_TO_HUMAN,1
19990.84,1,NETWORK_ERROR,LOW,SEND_REMINDER,0
11739.79,3,DECLINED,LOW,WAIT_AND_RETRY,0
15331.13,5,UNKNOWN,CRITICAL,OFFER_ALTERNATIVE_PAYMENT_METHOD,0
1826.6,1,INSUFFICIENT_FUNDS,MEDIUM,ESCALATE_TO_HUMAN,0
5605.97,4,NETWORK_ERROR,HIGH,OFFER_ALTERNATIVE_PAYMENT_METHOD,1
8558.5,1,UNKNOWN,CRITICAL,STOP,0
101.19,4,UNKNOWN,CRITICAL,ESCALATE_TO_HUMAN,0
17184.14,4,UNKNOWN,MEDIUM,STOP,1
7519.99,2,INSUFFICIENT_FUNDS,CRITICAL,OFFER_ALTERNATIVE_PAYMENT_METHOD,0
11764.72,1,UNKNOWN,LOW,OFFER_ALTERNATIVE_PAYMENT_METHOD,0
14057.53,2,NETWORK_ERROR,MEDIUM,STOP,0
9977.95,3,NETWORK_ERROR,HIGH,OFFER_ALTERNATIVE_PAYMENT_METHOD,0
13640.14,5,UNKNOWN,CRITICAL,SEND_REMINDER,0
1435.0,1,INSUFFICIENT_FUNDS,LOW,SEND_REMINDER,0
10685.49,4,NETWORK_ERROR,HIGH,ESCALATE_TO_HUMAN,1
17365.54,2,UNKNOWN,LOW,OFFER_ALTERNATIVE_PAYMENT_METHOD,0
14838.93,3,TIMEOUT,HIGH,ESCALATE_TO_HUMAN,1
6118.67,2,NETWORK_ERROR,MEDIUM,OFFER_ALTERNATIVE_PAYMENT_METHOD,1
5712.32,1,TIMEOUT,MEDIUM,STOP,1
4590.64,3,NETWORK_ERROR,CRITICAL,ESCALATE_TO_HUMAN,1
17354.58,4,DECLINED,HIGH,WAIT_AND_RETRY,0
19390.55,3,NETWORK_ERROR,MEDIUM,WAIT_AND_RETRY,1
10330.92,2,INSUFFICIENT_FUNDS,CRITICAL,OFFER_ALTERNATIVE_PAYMENT_METHOD,1
1662.84,2,UNKNOWN,HIGH,SEND_REMINDER,0
9830.29,5,INSUFFICIENT_FUNDS,HIGH,STOP,0
1251.93,5,UNKNOWN,HIGH,WAIT_AND_RETRY,0
19425.4,5,DECLINED,HIGH,OFFER_ALTERNATIVE_PAYMENT_METHOD,0
16806.11,1,DECLINED,CRITICAL,OFFER_ALTERNATIVE_PAYMENT_METHOD,0
3638.51,5,TIMEOUT,LOW,STOP,0
10696.62,5,NETWORK_ERROR,LOW,WAIT_AND_RETRY,0
19214.29,1,INSUFFICIENT_FUNDS,CRITICAL,SEND_REMINDER,1
14101.19,2,INSUFFICIENT_FUNDS,MEDIUM,WAIT_AND_RETRY,0
17538.4,5,DECLINED,MEDIUM,WAIT_AND_RETRY,0
14736.56,1,TIMEOUT,LOW,STOP,1
9496.42,2,INSUFFICIENT_FUNDS,LOW,WAIT_AND_RETRY,1
8091.39,2,TIMEOUT,LOW,OFFER_ALTERNATIVE_PAYMENT_METHOD,0
7191.53,2,NETWORK_ERROR,LOW,OFFER_ALTERNATIVE_PAYMENT_METHOD,1
3877.21,3,INSUFFICIENT_FUNDS,LOW,ESCALATE_TO_HUMAN,1
1850.22,1,NETWORK_ERROR,CRITICAL,OFFER_ALTERNATIVE_PAYMENT_METHOD,1
6131.28,3,INSUFFICIENT_FUNDS,CRITICAL,ESCALATE_TO_HUMAN,0
14187.62,2,INSUFFICIENT_FUNDS,HIGH,OFFER_ALTERNATIVE_PAYMENT_METHOD,1
11211.4,2,UNKNOWN,LOW,SEND_REMINDER,0
12316.1,5,INSUFFICIENT_FUNDS,HIGH,SEND_REMINDER,1
6205.04,1,UNKNOWN,LOW,WAIT_AND_RETRY,1
2182.37,4,DECLINED,LOW,WAIT_AND_RETRY,1
15099.73,5,TIMEOUT,MEDIUM,OFFER_ALTERNATIVE_PAYMENT_METHOD,1
14827.06,4,UNKNOWN,MEDIUM,ESCALATE_TO_HUMAN,0
18508.6,2,NETWORK_ERROR,CRITICAL,OFFER_ALTERNATIVE_PAYMENT_METHOD,0
8101.96,4,UNKNOWN,CRITICAL,SEND_REMINDER,1
3951.7,3,DECLINED,LOW,WAIT_AND_RETRY,1
11417.19,2,INSUFFICIENT_FUNDS,CRITICAL,SEND_REMINDER,0
11070.24,4,NETWORK_ERROR,MEDIUM,SEND_REMINDER,1
1027.87,4,INSUFFICIENT_FUNDS,HIGH,STOP,0
2663.48,2,UNKNOWN,CRITICAL,WAIT_AND_RETRY,1
7058.0,3,INSUFFICIENT_FUNDS,MEDIUM,WAIT_AND_RETRY,1
19917.4,1,TIMEOUT,CRITICAL,WAIT_AND_RETRY,1
973.96,5,NETWORK_ERROR,MEDIUM,SEND_REMINDER,1
8428.33,3,INSUFFICIENT_FUNDS,CRITICAL,OFFER_ALTERNATIVE_PAYMENT_METHOD,1
16112.41,5,INSUFFICIENT_FUNDS,LOW,STOP,1
17425.43,5,UNKNOWN,HIGH,ESCALATE_TO_HUMAN,0
13787.43,2,NETWORK_ERROR,LOW,ESCALATE_TO_HUMAN,1
16835.85,4,TIMEOUT,MEDIUM,STOP,0
10663.78,5,DECLINED,CRITICAL,OFFER_ALTERNATIVE_PAYMENT_METHOD,0
19652.47,5,UNKNOWN,MEDIUM,WAIT_AND_RETRY,1
13214.14,1,DECLINED,MEDIUM,SEND_REMINDER,0
558.3,1,NETWORK_ERROR,MEDIUM,STOP,1
18449.89,4,UNKNOWN,HIGH,ESCALATE_TO_HUMAN,0
1684.87,5,UNKNOWN,LOW,SEND_REMINDER,0
4225.56,1,INSUFFICIENT_FUNDS,HIGH,SEND_REMINDER,1
19019.69,5,INSUFFICIENT_FUNDS,HIGH,WAIT_AND_RETRY,0
15094.36,3,DECLINED,LOW,OFFER_ALTERNATIVE_PAYMENT_METHOD,1
8865.95,5,TIMEOUT,HIGH,WAIT_AND_RETRY,0
8235.9,2,NETWORK_ERROR,HIGH,SEND_REMINDER,1
14630.06,4,NETWORK_ERROR,HIGH,STOP,0
8139.84,5,DECLINED,HIGH,ESCALATE_TO_HUMAN,0
3070.07,2,INSUFFICIENT_FUNDS,MEDIUM,SEND_REMINDER,1
3378.52,5,NETWORK_ERROR,LOW,STOP,0
4984.84,2,NETWORK_ERROR,CRITICAL,STOP,0
8599.17,3,DECLINED,CRITICAL,ESCALATE_TO_HUMAN,0
10097.4,5,DECLINED,HIGH,OFFER_ALTERNATIVE_PAYMENT_METHOD,0
4454.34,3,INSUFFICIENT_FUNDS,HIGH,STOP,0
3016.53,2,INSUFFICIENT_FUNDS,MEDIUM,WAIT_AND_RETRY,0
6515.31,3,INSUFFICIENT_FUNDS,MEDIUM,STOP,0
9822.04,5,DECLINED,HIGH,WAIT_AND_RETRY,0
1380.96,3,UNKNOWN,CRITICAL,SEND_REMINDER,1
6532.29,1,NETWORK_ERROR,CRITICAL,ESCALATE_TO_HUMAN,1
4557.99,5,DECLINED,HIGH,OFFER_ALTERNATIVE_PAYMENT_METHOD,1
7227.99,4,INSUFFICIENT_FUNDS,LOW,STOP,0
10634.83,4,TIMEOUT,LOW,WAIT_AND_RETRY,0
4210.24,5,TIMEOUT,LOW,WAIT_AND_RETRY,1
3914.26,1,NETWORK_ERROR,HIGH,STOP,1
12822.1,2,INSUFFICIENT_FUNDS,MEDIUM,SEND_REMINDER,0
15210.56,2,INSUFFICIENT_FUNDS,MEDIUM,ESCALATE_TO_HUMAN,1
11110.61,5,UNKNOWN,HIGH,ESCALATE_TO_HUMAN,0
1081.36,1,UNKNOWN,LOW,OFFER_ALTERNATIVE_PAYMENT_METHOD,1
4159.23,3,UNKNOWN,LOW,WAIT_AND_RETRY,0
6739.51,2,DECLINED,MEDIUM,OFFER_ALTERNATIVE_PAYMENT_METHOD,0
10586.97,4,DECLINED,LOW,OFFER_ALTERNATIVE_PAYMENT_METHOD,0
5524.06,1,INSUFFICIENT_FUNDS,MEDIUM,STOP,1
7919.72,5,DECLINED,CRITICAL,OFFER_ALTERNATIVE_PAYMENT_METHOD,0
16511.44,4,TIMEOUT,CRITICAL,SEND_REMINDER,1
6721.88,2,DECLINED,HIGH,STOP,0
2231.0,2,UNKNOWN,HIGH,ESCALATE_TO_HUMAN,1
12568.09,2,UNKNOWN,HIGH,WAIT_AND_RETRY,1
1801.28,3,INSUFFICIENT_FUNDS,MEDIUM,STOP,1
490.24,4,DECLINED,HIGH,OFFER_ALTERNATIVE_PAYMENT_METHOD,0
1877.88,2,DECLINED,MEDIUM,ESCALATE_TO_HUMAN,1
18853.62,3,DECLINED,CRITICAL,STOP,0
14992.93,1,DECLINED,LOW,ESCALATE_TO_HUMAN,0
1735.5,5,UNKNOWN,LOW,STOP,0
9176.09,3,INSUFFICIENT_FUNDS,LOW,SEND_REMINDER,0
13791.05,3,NETWORK_ERROR,HIGH,STOP,0
6847.16,1,DECLINED,HIGH,STOP,0
10448.27,2,UNKNOWN,HIGH,STOP,0
8855.5,4,INSUFFICIENT_FUNDS,CRITICAL,OFFER_ALTERNATIVE_PAYMENT_METHOD,0
830.34,1,INSUFFICIENT_FUNDS,HIGH,OFFER_ALTERNATIVE_PAYMENT_METHOD,0
5340.15,2,INSUFFICIENT_FUNDS,MEDIUM,ESCALATE_TO_HUMAN,1
13179.13,1,INSUFFICIENT_FUNDS,CRITICAL,STOP,1
2903.19,1,UNKNOWN,HIGH,STOP,0
1169.99,4,TIMEOUT,HIGH,WAIT_AND_RETRY,1
7262.85,4,DECLINED,LOW,WAIT_AND_RETRY,0
2284.82,3,INSUFFICIENT_FUNDS,CRITICAL,ESCALATE_TO_HUMAN,0
15353.35,5,INSUFFICIENT_FUNDS,MEDIUM,WAIT_AND_RETRY,0
13219.34,5,DECLINED,MEDIUM,SEND_REMINDER,0
7369.12,5,INSUFFICIENT_FUNDS,CRITICAL,OFFER_ALTERNATIVE_PAYMENT_METHOD,1
6917.92,4,INSUFFICIENT_FUNDS,LOW,ESCALATE_TO_HUMAN,0
17523.17,3,DECLINED,MEDIUM,STOP,0
3117.81,2,UNKNOWN,HIGH,OFFER_ALTERNATIVE_PAYMENT_METHOD,1
451.29,5,INSUFFICIENT_FUNDS,CRITICAL,STOP,0
9807.2,5,NETWORK_ERROR,CRITICAL,ESCALATE_TO_HUMAN,1
15769.56,5,INSUFFICIENT_FUNDS,LOW,SEND_REMINDER,0
4842.89,3,DECLINED,LOW,OFFER_ALTERNATIVE_PAYMENT_METHOD,1
2125.06,4,UNKNOWN,CRITICAL,WAIT_AND_RETRY,1
19583.54,5,DECLINED,MEDIUM,OFFER_ALTERNATIVE_PAYMENT_METHOD,0
7051.06,3,UNKNOWN,HIGH,WAIT_AND_RETRY,1
4413.37,3,INSUFFICIENT_FUNDS,CRITICAL,WAIT_AND_RETRY,1
605.43,5,DECLINED,LOW,WAIT_AND_RETRY,1
7023.9,1,NETWORK_ERROR,LOW,ESCALATE_TO_HUMAN,1
18808.33,4,UNKNOWN,HIGH,STOP,1
10905.62,5,TIMEOUT,HIGH,OFFER_ALTERNATIVE_PAYMENT_METHOD,0
8017.58,2,NETWORK_ERROR,HIGH,STOP,0
4803.38,5,UNKNOWN,CRITICAL,ESCALATE_TO_HUMAN,0
5074.73,2,DECLINED,CRITICAL,SEND_REMINDER,0
13508.75,3,UNKNOWN,CRITICAL,WAIT_AND_RETRY,1
9143.65,2,UNKNOWN,MEDIUM,OFFER_ALTERNATIVE_PAYMENT_METHOD,0
19344.07,2,INSUFFICIENT_FUNDS,LOW,SEND_REMINDER,0
1580.77,2,NETWORK_ERROR,CRITICAL,OFFER_ALTERNATIVE_PAYMENT_METHOD,1
12741.53,5,TIMEOUT,CRITICAL,ESCALATE_TO_HUMAN,0
18465.39,3,DECLINED,CRITICAL,ESCALATE_TO_HUMAN,0
17700.33,3,UNKNOWN,LOW,SEND_REMINDER,0
17097.67,1,NETWORK_ERROR,CRITICAL,SEND_REMINDER,0
15506.17,4,INSUFFICIENT_FUNDS,MEDIUM,ESCALATE_TO_HUMAN,0
10321.96,3,TIMEOUT,CRITICAL,SEND_REMINDER,0
9470.42,5,INSUFFICIENT_FUNDS,LOW,SEND_REMINDER,0
17293.27,5,DECLINED,CRITICAL,STOP,0
16223.93,2,TIMEOUT,MEDIUM,WAIT_AND_RETRY,1
13187.73,3,TIMEOUT,CRITICAL,WAIT_AND_RETRY,0
11753.06,5,UNKNOWN,MEDIUM,OFFER_ALTERNATIVE_PAYMENT_METHOD,0
17316.42,4,INSUFFICIENT_FUNDS,CRITICAL,OFFER_ALTERNATIVE_PAYMENT_METHOD,0
5529.68,3,TIMEOUT,MEDIUM,OFFER_ALTERNATIVE_PAYMENT_METHOD,1
6408.81,3,NETWORK_ERROR,LOW,STOP,1
15472.06,5,INSUFFICIENT_FUNDS,LOW,SEND_REMINDER,0
9057.89,5,NETWORK_ERROR,HIGH,SEND_REMINDER,1
11097.08,5,NETWORK_ERROR,MEDIUM,ESCALATE_TO_HUMAN,0
14473.31,5,INSUFFICIENT_FUNDS,LOW,STOP,0
5661.22,4,NETWORK_ERROR,HIGH,ESCALATE_TO_HUMAN,0
3399.67,1,INSUFFICIENT_FUNDS,MEDIUM,SEND_REMINDER,1
5412.56,1,NETWORK_ERROR,LOW,SEND_REMINDER,1
10879.88,4,NETWORK_ERROR,MEDIUM,WAIT_AND_RETRY,1
17581.15,4,INSUFFICIENT_FUNDS,CRITICAL,ESCALATE_TO_HUMAN,1
11502.9,4,DECLINED,CRITICAL,WAIT_AND_RETRY,0
4821.04,4,DECLINED,MEDIUM,STOP,0
9715.34,4,NETWORK_ERROR,CRITICAL,SEND_REMINDER,0
10029.85,1,INSUFFICIENT_FUNDS,CRITICAL,STOP,1
6066.11,5,DECLINED,MEDIUM,WAIT_AND_RETRY,0
16559.49,2,DECLINED,HIGH,OFFER_ALTERNATIVE_PAYMENT_METHOD,0
5208.38,4,DECLINED,HIGH,WAIT_AND_RETRY,0
1757.96,1,INSUFFICIENT_FUNDS,MEDIUM,STOP,0
7799.38,3,UNKNOWN,LOW,STOP,0
15038.71,1,TIMEOUT,HIGH,SEND_REMINDER,1
13273.87,1,UNKNOWN,CRITICAL,WAIT_AND_RETRY,1
1476.11,3,UNKNOWN,LOW,SEND_REMINDER,1
10942.1,5,DECLINED,CRITICAL,WAIT_AND_RETRY,0
3585.52,3,TIMEOUT,LOW,STOP,1
18036.43,2,INSUFFICIENT_FUNDS,MEDIUM,ESCALATE_TO_HUMAN,0
2897.85,1,DECLINED,LOW,STOP,0
9164.36,3,UNKNOWN,LOW,SEND_REMINDER,0
18568.32,2,TIMEOUT,HIGH,STOP,1
10119.36,3,TIMEOUT,LOW,WAIT_AND_RETRY,1
9027.83,3,NETWORK_ERROR,CRITICAL,OFFER_ALTERNATIVE_PAYMENT_METHOD,1
5149.05,5,TIMEOUT,HIGH,WAIT_AND_RETRY,1
3342.2,1,INSUFFICIENT_FUNDS,LOW,WAIT_AND_RETRY,1
10907.29,2,NETWORK_ERROR,HIGH,OFFER_ALTERNATIVE_PAYMENT_METHOD,1
12732.24,4,UNKNOWN,LOW,SEND_REMINDER,0
15191.5,5,DECLINED,LOW,ESCALATE_TO_HUMAN,0
1720.77,4,NETWORK_ERROR,MEDIUM,WAIT_AND_RETRY,1
10056.31,1,UNKNOWN,HIGH,WAIT_AND_RETRY,1
18210.51,4,NETWORK_ERROR,HIGH,WAIT_AND_RETRY,0
5142.06,2,UNKNOWN,HIGH,SEND_REMINDER,1
7765.18,3,NETWORK_ERROR,CRITICAL,ESCALATE_TO_HUMAN,1
17326.82,4,NETWORK_ERROR,LOW,ESCALATE_TO_HUMAN,1
6272.26,5,DECLINED,MEDIUM,WAIT_AND_RETRY,0
9501.14,2,NETWORK_ERROR,MEDIUM,SEND_REMINDER,1
11644.87,4,DECLINED,HIGH,ESCALATE_TO_HUMAN,0
5354.14,3,NETWORK_ERROR,LOW,OFFER_ALTERNATIVE_PAYMENT_METHOD,1
17948.41,1,UNKNOWN,HIGH,ESCALATE_TO_HUMAN,0
4422.61,1,UNKNOWN,LOW,OFFER_ALTERNATIVE_PAYMENT_METHOD,1
17143.27,3,TIMEOUT,CRITICAL,WAIT_AND_RETRY,1
15611.06,5,INSUFFICIENT_FUNDS,HIGH,ESCALATE_TO_HUMAN,0
2435.6,1,NETWORK_ERROR,CRITICAL,STOP,1
6202.8,4,INSUFFICIENT_FUNDS,HIGH,OFFER_ALTERNATIVE_PAYMENT_METHOD,0
9280.56,5,UNKNOWN,CRITICAL,SEND_REMINDER,1
13694.16,2,INSUFFICIENT_FUNDS,HIGH,OFFER_ALTERNATIVE_PAYMENT_METHOD,0
13637.97,2,UNKNOWN,LOW,STOP,0
19137.1,4,UNKNOWN,HIGH,ESCALATE_TO_HUMAN,1
8734.08,5,UNKNOWN,MEDIUM,ESCALATE_TO_HUMAN,1
10436.12,4,UNKNOWN,CRITICAL,WAIT_AND_RETRY,0
17259.81,4,DECLINED,CRITICAL,STOP,0
913.52,2,UNKNOWN,CRITICAL,SEND_REMINDER,1
9990.35,5,TIMEOUT,CRITICAL,WAIT_AND_RETRY,0
1799.44,4,TIMEOUT,HIGH,WAIT_AND_RETRY,1
11981.77,2,TIMEOUT,LOW,ESCALATE_TO_HUMAN,1
18030.02,2,INSUFFICIENT_FUNDS,MEDIUM,SEND_REMINDER,1
13719.78,2,NETWORK_ERROR,MEDIUM,SEND_REMINDER,1
18588.57,3,INSUFFICIENT_FUNDS,CRITICAL,WAIT_AND_RETRY,0
16306.47,1,DECLINED,HIGH,SEND_REMINDER,0
145.89,5,INSUFFICIENT_FUNDS,MEDIUM,SEND_REMINDER,0
10799.95,4,INSUFFICIENT_FUNDS,MEDIUM,STOP,0
2817.15,3,TIMEOUT,CRITICAL,WAIT_AND_RETRY,1
7712.55,3,INSUFFICIENT_FUNDS,HIGH,OFFER_ALTERNATIVE_PAYMENT_METHOD,1
15619.46,3,TIMEOUT,LOW,WAIT_AND_RETRY,0
12671.85,5,NETWORK_ERROR,HIGH,SEND_REMINDER,1
19265.4,2,UNKNOWN,LOW,OFFER_ALTERNATIVE_PAYMENT_METHOD,1
8936.92,3,TIMEOUT,HIGH,OFFER_ALTERNATIVE_PAYMENT_METHOD,0
9645.46,4,UNKNOWN,CRITICAL,STOP,0
13606.84,1,TIMEOUT,MEDIUM,SEND_REMINDER,1
17765.5,4,NETWORK_ERROR,LOW,STOP,0
18080.98,5,DECLINED,CRITICAL,SEND_REMINDER,0
15536.15,2,UNKNOWN,CRITICAL,STOP,0
9732.32,5,DECLINED,MEDIUM,WAIT_AND_RETRY,0
3234.36,3,UNKNOWN,HIGH,ESCALATE_TO_HUMAN,1
16366.94,4,UNKNOWN,CRITICAL,OFFER_ALTERNATIVE_PAYMENT_METHOD,0
8599.49,2,TIMEOUT,MEDIUM,STOP,0
231.92,1,NETWORK_ERROR,HIGH,WAIT_AND_RETRY,1
3658.07,4,INSUFFICIENT_FUNDS,HIGH,WAIT_AND_RETRY,1
521.92,2,NETWORK_ERROR,LOW,ESCALATE_TO_HUMAN,1
7394.82,3,NETWORK_ERROR,CRITICAL,OFFER_ALTERNATIVE_PAYMENT_METHOD,1
12428.33,1,NETWORK_ERROR,HIGH,ESCALATE_TO_HUMAN,1
17501.48,3,NETWORK_ERROR,LOW,OFFER_ALTERNATIVE_PAYMENT_METHOD,1
13650.82,5,DECLINED,HIGH,OFFER_ALTERNATIVE_PAYMENT_METHOD,0
1110.94,4,NETWORK_ERROR,CRITICAL,STOP,0
6898.92,5,TIMEOUT,MEDIUM,WAIT_AND_RETRY,0
7512.02,4,TIMEOUT,MEDIUM,STOP,0
10744.68,1,DECLINED,LOW,WAIT_AND_RETRY,0
6777.9,5,TIMEOUT,MEDIUM,SEND_REMINDER,1
1602.0,5,INSUFFICIENT_FUNDS,LOW,STOP,0
238.65,3,NETWORK_ERROR,LOW,STOP,1
12225.16,4,TIMEOUT,LOW,STOP,0
1564.92,2,NETWORK_ERROR,LOW,STOP,1
14504.07,3,TIMEOUT,MEDIUM,SEND_REMINDER,0
19393.67,4,NETWORK_ERROR,HIGH,STOP,0
4034.31,4,UNKNOWN,HIGH,STOP,0
18198.87,3,UNKNOWN,HIGH,OFFER_ALTERNATIVE_PAYMENT_METHOD,0
1638.77,2,UNKNOWN,CRITICAL,WAIT_AND_RETRY,1
3380.99,1,DECLINED,HIGH,ESCALATE_TO_HUMAN,1
17198.31,3,TIMEOUT,HIGH,STOP,0
16551.84,5,DECLINED,MEDIUM,ESCALATE_TO_HUMAN,0
12065.67,5,UNKNOWN,MEDIUM,WAIT_AND_RETRY,1
13097.39,4,DECLINED,MEDIUM,ESCALATE_TO_HUMAN,0
9275.65,2,INSUFFICIENT_FUNDS,HIGH,SEND_REMINDER,0
4031.3,3,INSUFFICIENT_FUNDS,CRITICAL,STOP,0
12111.67,4,INSUFFICIENT_FUNDS,CRITICAL,WAIT_AND_RETRY,1
8181.4,3,TIMEOUT,LOW,SEND_REMINDER,1
11469.95,2,INSUFFICIENT_FUNDS,LOW,OFFER_ALTERNATIVE_PAYMENT_METHOD,1
9470.92,4,NETWORK_ERROR,LOW,WAIT_AND_RETRY,1
288.73,1,DECLINED,HIGH,ESCALATE_TO_HUMAN,1
8362.47,3,TIMEOUT,CRITICAL,ESCALATE_TO_HUMAN,1
19383.21,2,TIMEOUT,HIGH,OFFER_ALTERNATIVE_PAYMENT_METHOD,1
18464.57,2,DECLINED,MEDIUM,WAIT_AND_RETRY,0
1782.12,3,NETWORK_ERROR,LOW,OFFER_ALTERNATIVE_PAYMENT_METHOD,1
4910.36,1,DECLINED,MEDIUM,SEND_REMINDER,1
18237.71,3,DECLINED,HIGH,ESCALATE_TO_HUMAN,0
15780.39,1,NETWORK_ERROR,HIGH,SEND_REMINDER,0
15963.99,2,INSUFFICIENT_FUNDS,HIGH,ESCALATE_TO_HUMAN,0
3355.32,5,UNKNOWN,MEDIUM,OFFER_ALTERNATIVE_PAYMENT_METHOD,0
13719.4,4,DECLINED,LOW,OFFER_ALTERNATIVE_PAYMENT_METHOD,0
11943.06,2,TIMEOUT,CRITICAL,SEND_REMINDER,0
9352.97,2,DECLINED,HIGH,WAIT_AND_RETRY,1
4135.57,5,UNKNOWN,LOW,STOP,1
19430.66,1,DECLINED,HIGH,ESCALATE_TO_HUMAN,0
17306.84,3,INSUFFICIENT_FUNDS,MEDIUM,ESCALATE_TO_HUMAN,0
5063.45,3,INSUFFICIENT_FUNDS,HIGH,WAIT_AND_RETRY,0
5754.39,2,NETWORK_ERROR,CRITICAL,STOP,0
2957.8,1,DECLINED,CRITICAL,OFFER_ALTERNATIVE_PAYMENT_METHOD,0
5426.03,5,TIMEOUT,MEDIUM,OFFER_ALTERNATIVE_PAYMENT_METHOD,0
13709.81,4,UNKNOWN,LOW,OFFER_ALTERNATIVE_PAYMENT_METHOD,0
4319.03,5,TIMEOUT,HIGH,SEND_REMINDER,0
11202.92,2,INSUFFICIENT_FUNDS,CRITICAL,SEND_REMINDER,1
15983.06,5,NETWORK_ERROR,MEDIUM,SEND_REMINDER,1
9679.9,3,INSUFFICIENT_FUNDS,MEDIUM,SEND_REMINDER,1
19716.63,4,INSUFFICIENT_FUNDS,LOW,SEND_REMINDER,1
15187.24,3,NETWORK_ERROR,HIGH,SEND_REMINDER,0
9226.86,1,TIMEOUT,MEDIUM,OFFER_ALTERNATIVE_PAYMENT_METHOD,1
18325.5,4,NETWORK_ERROR,MEDIUM,SEND_REMINDER,0
6600.41,1,DECLINED,LOW,OFFER_ALTERNATIVE_PAYMENT_METHOD,0
6552.9,4,NETWORK_ERROR,HIGH,WAIT_AND_RETRY,1
3131.02,3,INSUFFICIENT_FUNDS,CRITICAL,OFFER_ALTERNATIVE_PAYMENT_METHOD,1
11915.25,2,INSUFFICIENT_FUNDS,HIGH,WAIT_AND_RETRY,1
4728.15,1,DECLINED,LOW,STOP,1
5064.38,3,NETWORK_ERROR,HIGH,SEND_REMINDER,1
6270.2,3,NETWORK_ERROR,CRITICAL,WAIT_AND_RETRY,1
9994.53,3,INSUFFICIENT_FUNDS,CRITICAL,WAIT_AND_RETRY,0
7907.4,2,TIMEOUT,MEDIUM,OFFER_ALTERNATIVE_PAYMENT_METHOD,1
447.24,4,NETWORK_ERROR,CRITICAL,SEND_REMINDER,0
1581.23,5,INSUFFICIENT_FUNDS,CRITICAL,SEND_REMINDER,0
284.24,1,DECLINED,CRITICAL,WAIT_AND_RETRY,1
5854.32,1,INSUFFICIENT_FUNDS,CRITICAL,STOP,0
13386.13,4,UNKNOWN,CRITICAL,ESCALATE_TO_HUMAN,0
6190.83,2,DECLINED,LOW,STOP,1
15332.69,1,NETWORK_ERROR,LOW,WAIT_AND_RETRY,0
15329.28,4,NETWORK_ERROR,LOW,SEND_REMINDER,0
9763.28,5,UNKNOWN,LOW,STOP,0
861.47,4,NETWORK_ERROR,CRITICAL,SEND_REMINDER,0
2366.25,5,DECLINED,HIGH,WAIT_AND_RETRY,0
13732.52,4,UNKNOWN,LOW,OFFER_ALTERNATIVE_PAYMENT_METHOD,0
13250.68,4,INSUFFICIENT_FUNDS,CRITICAL,STOP,0
3290.21,4,TIMEOUT,LOW,WAIT_AND_RETRY,1
3206.04,4,TIMEOUT,LOW,STOP,1
13408.41,3,DECLINED,MEDIUM,SEND_REMINDER,0
7098.93,3,NETWORK_ERROR,CRITICAL,STOP,1
14516.16,1,UNKNOWN,MEDIUM,WAIT_AND_RETRY,0
12112.84,5,UNKNOWN,HIGH,WAIT_AND_RETRY,0
6998.92,3,UNKNOWN,MEDIUM,ESCALATE_TO_HUMAN,0
1680.67,4,DECLINED,HIGH,STOP,1
8752.15,5,UNKNOWN,CRITICAL,ESCALATE_TO_HUMAN,0
17381.11,3,DECLINED,LOW,WAIT_AND_RETRY,0
7151.04,1,INSUFFICIENT_FUNDS,HIGH,ESCALATE_TO_HUMAN,1
6143.04,1,UNKNOWN,LOW,ESCALATE_TO_HUMAN,1
18646.75,1,NETWORK_ERROR,MEDIUM,OFFER_ALTERNATIVE_PAYMENT_METHOD,1
19230.36,4,INSUFFICIENT_FUNDS,MEDIUM,SEND_REMINDER,0
14099.77,4,TIMEOUT,LOW,SEND_REMINDER,1
9953.07,5,DECLINED,LOW,STOP,0
16809.02,1,INSUFFICIENT_FUNDS,HIGH,STOP,0
3158.61,1,TIMEOUT,HIGH,WAIT_AND_RETRY,1
7561.48,3,INSUFFICIENT_FUNDS,HIGH,WAIT_AND_RETRY,0
19936.07,3,UNKNOWN,LOW,STOP,0
14426.43,5,UNKNOWN,MEDIUM,STOP,0
8089.09,4,TIMEOUT,CRITICAL,SEND_REMINDER,1
2038.19,2,NETWORK_ERROR,MEDIUM,OFFER_ALTERNATIVE_PAYMENT_METHOD,1
4473.2,1,NETWORK_ERROR,LOW,STOP,1
4545.69,2,UNKNOWN,HIGH,STOP,0
19719.72,4,INSUFFICIENT_FUNDS,LOW,ESCALATE_TO_HUMAN,0
11371.23,4,INSUFFICIENT_FUNDS,HIGH,ESCALATE_TO_HUMAN,0
3136.82,5,DECLINED,MEDIUM,OFFER_ALTERNATIVE_PAYMENT_METHOD,1
12152.15,4,TIMEOUT,MEDIUM,OFFER_ALTERNATIVE_PAYMENT_METHOD,1
15581.98,4,NETWORK_ERROR,LOW,SEND_REMINDER,1
843.36,2,INSUFFICIENT_FUNDS,LOW,OFFER_ALTERNATIVE_PAYMENT_METHOD,1
9415.15,1,TIMEOUT,HIGH,WAIT_AND_RETRY,1
10421.28,1,INSUFFICIENT_FUNDS,LOW,STOP,0
3403.44,5,NETWORK_ERROR,HIGH,WAIT_AND_RETRY,1
8683.99,5,NETWORK_ERROR,MEDIUM,SEND_REMINDER,0
9807.15,5,INSUFFICIENT_FUNDS,HIGH,ESCALATE_TO_HUMAN,0
769.54,5,DECLINED,MEDIUM,ESCALATE_TO_HUMAN,0
2896.65,4,UNKNOWN,HIGH,STOP,0
17124.63,3,INSUFFICIENT_FUNDS,HIGH,SEND_REMINDER,1
3285.41,3,UNKNOWN,MEDIUM,OFFER_ALTERNATIVE_PAYMENT_METHOD,0
16744.2,2,NETWORK_ERROR,MEDIUM,ESCALATE_TO_HUMAN,1
1628.51,3,NETWORK_ERROR,MEDIUM,WAIT_AND_RETRY,1
17442.6,5,NETWORK_ERROR,MEDIUM,ESCALATE_TO_HUMAN,0
12662.84,1,INSUFFICIENT_FUNDS,LOW,STOP,0
13423.77,4,NETWORK_ERROR,CRITICAL,WAIT_AND_RETRY,1
9138.58,1,UNKNOWN,LOW,WAIT_AND_RETRY,0
16104.33,5,TIMEOUT,HIGH,ESCALATE_TO_HUMAN,0
13563.18,2,INSUFFICIENT_FUNDS,CRITICAL,ESCALATE_TO_HUMAN,0
13414.71,2,INSUFFICIENT_FUNDS,LOW,WAIT_AND_RETRY,1
